participant_id,birth_country,sex,age_group,race,education,birth_date
NHANES-100000,United States,female,20-39,Black,Some college,1996-06-29
NHANES-100001,United States,male,20-39,White,Some college,1978-01-05
NHANES-100002,United States,female,0-19,Black,NA,2009-03-03
NHANES-100003,Other,female,0-19,Other Hispanic,NA,1999-08-15
NHANES-100004,Other,female,60-79,Other Hispanic,Less than 9th grade,1952-04-04
NHANES-100005,United States,male,0-19,Black,NA,2018-04-11
NHANES-100006,United States,female,0-19,Mexican American,NA,2007-10-21
NHANES-100007,United States,female,60-79,Black,Some college,1954-03-16
NHANES-100008,Other,female,40-59,Asian,High school,1961-10-22
NHANES-100009,United States,female,0-19,White,NA,1998-02-19
NHANES-100010,United States,male,80+,White,College grad,1937-05-24
NHANES-100011,Other,female,0-19,Asian,NA,2011-09-14
NHANES-100012,United States,male,40-59,White,College grad,1966-12-23
NHANES-100013,Other,female,40-59,Asian,College grad,1975-01-24
NHANES-100014,United States,female,0-19,Asian,NA,1999-04-29
NHANES-100015,United States,male,20-39,White,High school,1990-08-01
NHANES-100016,Other,male,20-39,Asian,College grad,1982-01-26
NHANES-100017,United States,male,0-19,White,NA,2004-05-30
NHANES-100018,United States,male,20-39,White,High school,1995-07-13
NHANES-100019,United States,male,20-39,Black,9-11th grade,1996-03-11
NHANES-100020,Other,male,60-79,White,High school,1953-02-23
NHANES-100021,United States,female,0-19,White,NA,2005-07-02
NHANES-100022,United States,male,0-19,White,NA,2005-06-02
NHANES-100023,United States,female,40-59,White,9-11th grade,1978-06-10
NHANES-100024,United States,female,20-39,White,High school,1978-11-21
NHANES-100025,United States,female,20-39,White,College grad,1982-12-04
NHANES-100026,Other,female,20-39,Other,Some college,1995-04-04
NHANES-100027,United States,female,0-19,Black,NA,2017-08-14
NHANES-100028,United States,female,0-19,Black,NA,2016-12-17
NHANES-100029,United States,female,20-39,Mexican American,High school,1997-12-12
NHANES-100030,United States,male,60-79,White,9-11th grade,1953-12-15
NHANES-100031,United States,male,0-19,White,NA,2008-12-24
NHANES-100032,United States,female,20-39,Asian,College grad,1990-07-16
NHANES-100033,Other,female,60-79,Mexican American,High school,1955-10-14
NHANES-100034,United States,female,0-19,Black,NA,2018-03-28
NHANES-100035,United States,female,0-19,Black,NA,2000-04-15
NHANES-100036,Other,male,0-19,Asian,NA,2012-06-26
NHANES-100037,United States,male,40-59,Mexican American,Some college,1962-06-22
NHANES-100038,United States,male,0-19,White,NA,2006-09-27
NHANES-100039,United States,male,20-39,White,High school,1990-02-07
NHANES-100040,United States,male,20-39,Other,High school,1994-03-23
NHANES-100041,United States,male,40-59,White,College grad,1970-09-20
NHANES-100042,United States,female,0-19,Black,NA,2002-01-13
NHANES-100043,United States,female,60-79,Black,Some college,1950-07-14
NHANES-100044,United States,male,20-39,Mexican American,9-11th grade,1991-02-11
NHANES-100045,United States,female,0-19,Other Hispanic,NA,2016-05-23
NHANES-100046,United States,male,40-59,Other,Some college,1967-01-21
NHANES-100047,United States,male,40-59,Black,High school,1975-04-18
NHANES-100048,United States,male,0-19,White,NA,2005-05-05
NHANES-100049,United States,female,0-19,Other Hispanic,NA,2005-01-09
NHANES-100050,Other,male,0-19,Other Hispanic,NA,2003-01-23
NHANES-100051,United States,male,60-79,White,High school,1951-03-27
NHANES-100052,United States,female,0-19,Black,NA,2010-03-10
NHANES-100053,Other,female,60-79,Asian,College grad,1939-12-29
NHANES-100054,United States,female,0-19,Other,NA,2007-11-17
NHANES-100055,Other,female,40-59,Asian,College grad,1969-08-29
NHANES-100056,United States,male,40-59,Mexican American,College grad,1960-09-27
NHANES-100057,United States,female,0-19,White,NA,2007-11-29
NHANES-100058,United States,male,0-19,White,NA,2009-06-02
NHANES-100059,United States,male,20-39,White,College grad,1992-11-18
NHANES-100060,United States,male,0-19,White,NA,2015-11-20
NHANES-100061,Other,female,40-59,Asian,College grad,1961-11-23
NHANES-100062,Other,female,40-59,Asian,College grad,1968-06-18
NHANES-100063,United States,female,0-19,White,NA,2012-04-16
NHANES-100064,Other,female,60-79,Other Hispanic,Some college,1945-06-10
NHANES-100065,United States,male,0-19,Black,NA,2003-09-01
NHANES-100066,United States,male,0-19,White,NA,2007-10-02
NHANES-100067,United States,male,60-79,White,Some college,1949-04-03
NHANES-100068,United States,female,20-39,White,High school,1994-05-30
NHANES-100069,Other,female,20-39,Asian,Some college,1996-10-30
NHANES-100070,United States,female,20-39,White,High school,1990-06-05
NHANES-100071,United States,male,60-79,White,Some college,1945-11-23
NHANES-100072,United States,female,20-39,Mexican American,9-11th grade,1983-12-10
NHANES-100073,United States,male,0-19,Other,NA,1999-02-10
NHANES-100074,United States,male,60-79,Mexican American,College grad,1953-02-12
NHANES-100075,United States,male,0-19,Black,NA,2011-01-24
NHANES-100076,Other,male,40-59,Asian,College grad,1963-07-13
NHANES-100077,Other,female,20-39,Mexican American,9-11th grade,1986-01-27
NHANES-100078,United States,male,60-79,White,High school,1943-05-12
NHANES-100079,United States,female,80+,White,High school,1937-02-23
NHANES-100080,United States,male,0-19,Black,NA,2012-05-16
NHANES-100081,United States,male,0-19,Other Hispanic,NA,2010-12-23
NHANES-100082,United States,female,0-19,Other,NA,2000-01-10
NHANES-100083,United States,female,80+,White,High school,1938-07-16
NHANES-100084,United States,female,0-19,Mexican American,NA,2017-11-09
NHANES-100085,United States,male,60-79,White,9-11th grade,1954-03-14
NHANES-100086,United States,male,0-19,Other,NA,2015-03-13
NHANES-100087,United States,female,20-39,White,Some college,1987-05-06
NHANES-100088,Other,male,60-79,Mexican American,Less than 9th grade,1941-07-16
NHANES-100089,United States,female,20-39,White,Some college,1993-01-19
NHANES-100090,Other,female,20-39,Mexican American,College grad,1994-07-20
NHANES-100091,United States,male,0-19,Mexican American,NA,2016-05-12
NHANES-100092,United States,male,20-39,Other,Some college,1994-10-30
NHANES-100093,United States,male,0-19,White,NA,2009-12-28
NHANES-100094,United States,female,60-79,Black,Some college,1950-12-29
NHANES-100095,United States,female,20-39,Other Hispanic,College grad,1990-04-28
NHANES-100096,United States,female,0-19,Other,NA,2003-01-10
NHANES-100097,United States,male,0-19,Black,NA,2007-03-15
NHANES-100098,United States,male,60-79,Black,College grad,1956-03-18
NHANES-100099,United States,male,40-59,White,Some college,1973-02-08
NHANES-100100,United States,male,20-39,Black,9-11th grade,1984-09-09
NHANES-100101,Other,female,0-19,Black,NA,2002-12-23
NHANES-100102,Other,male,40-59,Asian,College grad,1976-07-15
NHANES-100103,Other,male,60-79,Other Hispanic,9-11th grade,1956-05-21
NHANES-100104,United States,male,0-19,White,NA,2016-03-17
NHANES-100105,United States,female,40-59,Black,Some college,1968-08-30
NHANES-100106,United States,male,0-19,Black,NA,2006-08-19
NHANES-100107,United States,male,20-39,Black,High school,1993-11-10
NHANES-100108,United States,female,20-39,White,College grad,1991-04-22
NHANES-100109,United States,male,0-19,White,NA,2017-09-16
NHANES-100110,United States,male,20-39,Black,College grad,1992-01-17
NHANES-100111,United States,male,20-39,Mexican American,Some college,1991-10-01
NHANES-100112,Other,female,40-59,Other Hispanic,College grad,1960-04-28
NHANES-100113,United States,male,60-79,White,High school,1938-01-28
NHANES-100114,United States,male,60-79,White,College grad,1938-12-28
NHANES-100115,United States,female,40-59,White,9-11th grade,1969-12-26
NHANES-100116,United States,female,60-79,Other Hispanic,9-11th grade,1954-10-06
NHANES-100117,United States,female,20-39,Asian,Some college,1988-05-15
NHANES-100118,United States,male,60-79,Black,Some college,1938-05-16
NHANES-100119,United States,female,40-59,White,College grad,1970-11-27
NHANES-100120,United States,male,0-19,White,NA,2015-06-30
NHANES-100121,United States,female,0-19,Mexican American,NA,2016-01-27
NHANES-100122,United States,male,60-79,Black,Some college,1951-03-01
NHANES-100123,United States,male,40-59,White,9-11th grade,1960-02-01
NHANES-100124,Other,female,0-19,Asian,NA,2011-11-02
NHANES-100125,United States,female,0-19,Black,NA,2010-11-21
NHANES-100126,United States,male,0-19,Other,NA,2012-12-07
NHANES-100127,Other,male,40-59,Other Hispanic,Some college,1961-04-06
NHANES-100128,United States,male,40-59,White,College grad,1970-07-08
NHANES-100129,Other,male,60-79,Mexican American,High school,1944-09-11
NHANES-100130,Other,male,0-19,Black,NA,2006-08-02
NHANES-100131,United States,female,0-19,Mexican American,NA,2006-08-31
NHANES-100132,United States,female,0-19,Black,NA,2001-02-09
NHANES-100133,United States,male,20-39,White,9-11th grade,1997-11-19
NHANES-100134,United States,female,0-19,Other,NA,2002-06-29
NHANES-100135,United States,male,0-19,Other,NA,2006-08-26
NHANES-100136,United States,male,60-79,White,Some college,1950-08-23
NHANES-100137,United States,female,40-59,Other Hispanic,9-11th grade,1975-01-19
NHANES-100138,United States,female,0-19,Other Hispanic,NA,2016-09-29
NHANES-100139,United States,male,0-19,Black,NA,2003-07-14
NHANES-100140,United States,female,0-19,Black,NA,2007-07-25
NHANES-100141,United States,male,0-19,White,NA,2001-05-05
NHANES-100142,United States,male,60-79,White,College grad,1946-01-31
NHANES-100143,United States,female,80+,White,College grad,1937-02-10
NHANES-100144,United States,female,20-39,Other Hispanic,Some college,1985-06-19
NHANES-100145,Other,female,40-59,Other Hispanic,Some college,1971-12-26
NHANES-100146,United States,male,0-19,Asian,NA,2011-08-07
NHANES-100147,United States,female,0-19,Mexican American,NA,2010-12-07
NHANES-100148,United States,female,20-39,Other Hispanic,9-11th grade,1995-07-15
NHANES-100149,United States,female,80+,White,High school,1936-10-18
NHANES-100150,Other,female,40-59,Mexican American,Less than 9th grade,1966-11-26
NHANES-100151,Other,male,60-79,Mexican American,Less than 9th grade,1957-10-01
NHANES-100152,United States,female,20-39,Black,High school,1982-12-31
NHANES-100153,United States,male,0-19,Black,NA,2000-03-31
NHANES-100154,Other,male,60-79,Mexican American,9-11th grade,1951-08-10
NHANES-100155,United States,male,0-19,White,NA,2014-04-12
NHANES-100156,United States,female,0-19,Black,NA,2008-04-14
NHANES-100157,United States,female,0-19,Black,NA,2013-09-02
NHANES-100158,United States,male,60-79,Black,Some college,1956-02-06
NHANES-100159,United States,male,0-19,Black,NA,2011-03-22
NHANES-100160,United States,female,20-39,White,High school,1990-05-13
NHANES-100161,United States,female,0-19,White,NA,2010-04-06
NHANES-100162,United States,female,60-79,Other Hispanic,High school,1952-06-27
NHANES-100163,United States,female,60-79,Black,College grad,1947-07-25
NHANES-100164,United States,male,0-19,Mexican American,NA,2015-07-11
NHANES-100165,Other,male,40-59,White,High school,1960-11-10
NHANES-100166,United States,female,0-19,White,NA,2017-04-21
NHANES-100167,United States,male,60-79,Mexican American,College grad,1941-05-04
NHANES-100168,Other,male,40-59,Other Hispanic,High school,1966-05-24
NHANES-100169,United States,female,0-19,Asian,NA,2014-07-21
NHANES-100170,United States,female,0-19,Mexican American,NA,2003-12-31
NHANES-100171,United States,female,20-39,Mexican American,Some college,1989-11-23
NHANES-100172,United States,female,40-59,White,College grad,1975-07-22
NHANES-100173,United States,male,40-59,White,High school,1969-11-12
NHANES-100174,United States,female,0-19,Mexican American,NA,2000-10-02
NHANES-100175,United States,male,20-39,Black,Some college,1984-04-28
NHANES-100176,Other,male,0-19,Asian,NA,2000-02-05
NHANES-100177,United States,female,0-19,White,NA,2008-01-05
NHANES-100178,United States,female,40-59,White,High school,1976-07-05
NHANES-100179,United States,male,0-19,Black,NA,2011-04-09
NHANES-100180,United States,male,40-59,Black,Some college,1972-10-31
NHANES-100181,United States,female,20-39,Mexican American,Some college,1981-05-22
NHANES-100182,United States,male,0-19,Other Hispanic,NA,2013-10-19
NHANES-100183,United States,female,0-19,Mexican American,NA,2012-01-12
NHANES-100184,Other,male,0-19,Black,NA,2011-05-19
NHANES-100185,United States,male,60-79,Other,College grad,1954-01-08
NHANES-100186,Other,male,20-39,Asian,College grad,1985-09-22
NHANES-100187,United States,male,0-19,Black,NA,2010-09-13
NHANES-100188,United States,female,80+,White,Some college,1936-12-15
NHANES-100189,United States,male,40-59,Black,College grad,1973-08-31
NHANES-100190,United States,female,20-39,Other Hispanic,Some college,1985-10-30
NHANES-100191,United States,female,40-59,White,Some college,1976-01-29
NHANES-100192,Other,male,40-59,Mexican American,High school,1961-09-09
NHANES-100193,United States,male,0-19,Other Hispanic,NA,2012-02-08
NHANES-100194,United States,male,60-79,Black,High school,1957-07-29
NHANES-100195,Other,female,20-39,Asian,College grad,1985-02-01
NHANES-100196,United States,female,20-39,Black,High school,1984-07-04
NHANES-100197,United States,male,0-19,Other,NA,2016-03-08
NHANES-100198,United States,male,0-19,White,NA,2018-07-26
NHANES-100199,United States,female,0-19,Other,NA,2012-06-29
NHANES-100200,United States,female,40-59,Other,Some college,1973-07-24
NHANES-100201,United States,male,40-59,White,High school,1974-11-29
NHANES-100202,United States,female,20-39,Mexican American,Some college,1995-05-18
NHANES-100203,United States,male,20-39,Black,High school,1979-03-24
NHANES-100204,Other,female,20-39,Other Hispanic,Less than 9th grade,1982-07-24
NHANES-100205,United States,male,40-59,Black,College grad,1969-08-23
NHANES-100206,United States,female,60-79,Other Hispanic,Less than 9th grade,1956-01-04
NHANES-100207,United States,male,0-19,Mexican American,NA,2011-06-24
NHANES-100208,United States,male,0-19,Black,NA,1999-03-27
NHANES-100209,United States,male,0-19,Other,NA,2017-02-15
NHANES-100210,United States,female,60-79,White,High school,1957-02-25
NHANES-100211,Other,female,40-59,Mexican American,High school,1977-02-10
NHANES-100212,United States,male,40-59,White,High school,1959-07-11
NHANES-100213,United States,male,60-79,White,High school,1951-06-02
NHANES-100214,United States,male,40-59,Black,High school,1961-02-07
NHANES-100215,United States,female,0-19,Other Hispanic,NA,2018-06-10
NHANES-100216,United States,female,40-59,Mexican American,Some college,1975-07-11
NHANES-100217,United States,male,0-19,White,NA,2004-07-21
NHANES-100218,United States,male,0-19,Asian,NA,2012-10-14
NHANES-100219,United States,male,60-79,Black,High school,1942-10-20
NHANES-100220,United States,female,0-19,Asian,NA,2013-09-18
NHANES-100221,United States,female,20-39,Black,Some college,1987-05-20
NHANES-100222,United States,female,60-79,Black,Some college,1952-10-08
NHANES-100223,Other,female,20-39,Black,High school,1988-04-19
NHANES-100224,United States,male,0-19,Mexican American,NA,2002-02-22
NHANES-100225,United States,female,0-19,White,NA,2003-05-11
NHANES-100226,United States,female,0-19,Mexican American,NA,2006-05-19
NHANES-100227,United States,female,0-19,Other Hispanic,NA,2012-01-23
NHANES-100228,United States,female,60-79,White,Some college,1942-10-27
NHANES-100229,United States,male,40-59,White,Less than 9th grade,1957-09-28
NHANES-100230,Other,female,40-59,Mexican American,Less than 9th grade,1958-12-05
NHANES-100231,United States,female,60-79,Mexican American,9-11th grade,1947-06-16
NHANES-100232,United States,male,0-19,Asian,NA,2009-04-27
NHANES-100233,United States,female,60-79,Black,Some college,1951-12-18
NHANES-100234,Other,female,20-39,Asian,College grad,1987-06-02
NHANES-100235,United States,male,60-79,White,High school,1940-12-17
NHANES-100236,United States,male,60-79,White,College grad,1955-11-12
NHANES-100237,United States,female,0-19,Mexican American,NA,2007-12-01
NHANES-100238,United States,male,40-59,White,High school,1960-04-15
NHANES-100239,United States,male,0-19,Black,NA,2013-01-12
NHANES-100240,United States,female,0-19,Black,NA,2006-05-21
NHANES-100241,United States,female,20-39,White,College grad,1982-03-26
NHANES-100242,Other,female,20-39,Black,9-11th grade,1985-12-30
NHANES-100243,United States,male,60-79,Other,Less than 9th grade,1947-08-22
NHANES-100244,United States,male,60-79,White,Some college,1954-10-25
NHANES-100245,United States,male,0-19,Mexican American,NA,2008-07-24
NHANES-100246,Other,female,20-39,Asian,College grad,1995-12-02
NHANES-100247,United States,female,60-79,Other Hispanic,College grad,1957-01-03
NHANES-100248,Other,male,20-39,Asian,College grad,1988-04-25
NHANES-100249,United States,female,0-19,White,NA,2009-08-13
NHANES-100250,United States,female,40-59,White,Some college,1960-04-16
NHANES-100251,United States,female,40-59,Black,College grad,1972-04-09
NHANES-100252,United States,male,80+,White,High school,1938-02-05
NHANES-100253,United States,male,20-39,Other Hispanic,College grad,1987-11-24
NHANES-100254,Other,female,20-39,Black,College grad,1989-02-16
NHANES-100255,United States,male,0-19,White,NA,2003-08-12
NHANES-100256,United States,male,0-19,Mexican American,NA,2016-05-04
NHANES-100257,Other,female,40-59,Asian,College grad,1961-10-24
NHANES-100258,United States,female,20-39,White,9-11th grade,1992-05-04
NHANES-100259,United States,female,0-19,Mexican American,NA,2007-08-22
NHANES-100260,United States,female,0-19,White,NA,2000-05-06
NHANES-100261,United States,female,80+,White,High school,1936-07-11
NHANES-100262,United States,female,0-19,Mexican American,NA,2000-01-11
NHANES-100263,Other,female,80+,White,Less than 9th grade,1937-12-13
NHANES-100264,United States,male,20-39,Black,9-11th grade,1991-08-25
NHANES-100265,Other,female,40-59,Asian,College grad,1961-06-21
NHANES-100266,United States,female,40-59,White,Some college,1978-03-13
NHANES-100267,United States,female,0-19,Other Hispanic,NA,2016-09-03
NHANES-100268,Other,female,60-79,Asian,College grad,1957-08-28
NHANES-100269,United States,female,20-39,White,Some college,1994-09-03
NHANES-100270,United States,male,20-39,Other Hispanic,Some college,1981-07-19
NHANES-100271,United States,female,20-39,White,Some college,1981-05-07
NHANES-100272,Other,male,20-39,Asian,College grad,1982-04-14
NHANES-100273,United States,male,60-79,White,High school,1945-07-21
NHANES-100274,Other,female,60-79,Asian,9-11th grade,1956-11-11
NHANES-100275,United States,female,0-19,Black,NA,2006-10-02
NHANES-100276,United States,female,20-39,Black,Some college,1995-05-23
NHANES-100277,United States,female,0-19,White,NA,1998-12-17
NHANES-100278,United States,female,60-79,White,High school,1941-10-22
NHANES-100279,United States,male,0-19,White,NA,2015-08-14
NHANES-100280,United States,female,20-39,White,High school,1985-01-06
NHANES-100281,United States,female,40-59,White,High school,1958-10-03
NHANES-100282,United States,male,60-79,White,Some college,1957-05-25
NHANES-100283,Other,female,60-79,Other Hispanic,Less than 9th grade,1951-09-24
NHANES-100284,United States,male,0-19,Black,NA,2002-02-01
NHANES-100285,United States,female,0-19,Other Hispanic,NA,1999-07-15
NHANES-100286,United States,female,40-59,Black,Some college,1971-06-28
NHANES-100287,United States,female,0-19,Mexican American,NA,1998-10-21
NHANES-100288,Other,female,40-59,Asian,9-11th grade,1974-12-15
NHANES-100289,United States,male,60-79,Black,High school,1951-04-25
NHANES-100290,United States,male,0-19,White,NA,2017-05-15
NHANES-100291,United States,female,60-79,Black,High school,1957-08-15
NHANES-100292,United States,female,40-59,Other,High school,1961-09-23
NHANES-100293,United States,female,20-39,Black,High school,1988-10-12
NHANES-100294,United States,female,40-59,Black,Some college,1977-01-14
NHANES-100295,United States,male,20-39,Black,High school,1981-04-22
NHANES-100296,United States,female,0-19,Black,NA,2006-05-14
NHANES-100297,United States,male,60-79,White,College grad,1946-12-26
NHANES-100298,United States,female,40-59,Black,College grad,1970-08-29
NHANES-100299,United States,female,20-39,Black,Some college,1990-03-22
NHANES-100300,United States,female,0-19,Black,NA,2003-04-29
NHANES-100301,Other,female,40-59,Other,Some college,1964-02-01
NHANES-100302,United States,male,20-39,White,Some college,1987-08-29
NHANES-100303,Other,male,60-79,Mexican American,Less than 9th grade,1958-01-29
NHANES-100304,United States,male,0-19,White,NA,2012-06-03
NHANES-100305,United States,male,40-59,Asian,College grad,1969-03-29
NHANES-100306,United States,male,0-19,Black,NA,2018-09-07
NHANES-100307,United States,female,0-19,Black,NA,2010-06-04
NHANES-100308,United States,female,0-19,Black,NA,2014-07-13
NHANES-100309,Other,female,80+,White,High school,1937-02-21
NHANES-100310,United States,female,0-19,Black,NA,2008-06-26
NHANES-100311,Other,male,40-59,Mexican American,Less than 9th grade,1963-07-17
NHANES-100312,United States,female,0-19,Other,NA,2008-06-25
NHANES-100313,United States,female,20-39,White,Some college,1982-09-25
NHANES-100314,United States,male,0-19,Other Hispanic,NA,2007-09-05
NHANES-100315,Other,male,60-79,Other Hispanic,Some college,1954-10-26
NHANES-100316,United States,male,0-19,Other Hispanic,NA,2004-10-02
NHANES-100317,United States,female,0-19,Mexican American,NA,2015-03-20
NHANES-100318,United States,male,40-59,Mexican American,Some college,1976-07-16
NHANES-100319,United States,female,40-59,White,High school,1969-11-30
NHANES-100320,United States,male,0-19,Other,NA,2014-03-18
NHANES-100321,United States,male,60-79,Mexican American,High school,1954-08-22
NHANES-100322,United States,male,0-19,Other,NA,2014-01-17
NHANES-100323,United States,female,0-19,Black,NA,2009-04-21
NHANES-100324,Other,female,40-59,Other Hispanic,High school,1970-11-27
NHANES-100325,Other,female,20-39,Asian,9-11th grade,1983-04-12
NHANES-100326,United States,female,20-39,Black,High school,1997-02-07
NHANES-100327,United States,male,0-19,Black,NA,2002-06-30
NHANES-100328,United States,male,0-19,Other,NA,2017-08-30
NHANES-100329,Other,female,20-39,Other Hispanic,9-11th grade,1989-11-15
NHANES-100330,United States,male,0-19,Black,NA,2014-04-03
NHANES-100331,United States,male,0-19,White,NA,2015-05-29
NHANES-100332,United States,male,40-59,White,Some college,1975-09-23
NHANES-100333,Other,male,20-39,Asian,College grad,1988-09-30
NHANES-100334,United States,male,20-39,Mexican American,9-11th grade,1992-04-23
NHANES-100335,United States,male,0-19,Black,NA,2016-07-16
NHANES-100336,United States,male,0-19,Black,NA,1999-11-09
NHANES-100337,United States,male,0-19,Other,NA,2017-03-01
NHANES-100338,Other,male,40-59,White,College grad,1971-07-07
NHANES-100339,United States,male,0-19,White,NA,2009-06-01
NHANES-100340,Other,female,0-19,Other Hispanic,NA,2011-04-24
NHANES-100341,United States,male,0-19,Mexican American,NA,2005-06-26
NHANES-100342,United States,male,0-19,Black,NA,1999-07-31
NHANES-100343,United States,male,0-19,White,NA,2010-11-06
NHANES-100344,United States,female,0-19,White,NA,2010-02-28
NHANES-100345,United States,female,0-19,Other,NA,2008-11-25
NHANES-100346,United States,female,60-79,Other,High school,1938-10-01
NHANES-100347,United States,male,40-59,Mexican American,College grad,1959-05-16
NHANES-100348,United States,female,40-59,Black,Some college,1968-05-12
NHANES-100349,United States,male,0-19,Other,NA,2011-04-07
NHANES-100350,United States,male,0-19,Mexican American,NA,2006-01-11
NHANES-100351,United States,male,0-19,White,NA,2007-02-26
NHANES-100352,United States,male,0-19,Mexican American,NA,2017-12-23
NHANES-100353,Other,male,40-59,Asian,College grad,1958-01-03
NHANES-100354,Other,female,80+,Asian,Less than 9th grade,1937-12-06
NHANES-100355,United States,male,0-19,White,NA,2006-06-09
NHANES-100356,United States,female,20-39,Black,High school,1979-06-05
NHANES-100357,Other,female,60-79,Asian,Less than 9th grade,1954-12-14
NHANES-100358,United States,female,60-79,Mexican American,9-11th grade,1955-10-01
NHANES-100359,Other,male,20-39,Asian,College grad,1985-05-01
NHANES-100360,United States,female,0-19,White,NA,2006-05-09
NHANES-100361,Other,male,40-59,Mexican American,Less than 9th grade,1960-10-18
NHANES-100362,United States,female,60-79,White,College grad,1948-05-10
NHANES-100363,Other,male,60-79,Other Hispanic,College grad,1954-04-20
NHANES-100364,United States,female,0-19,Mexican American,NA,2005-08-02
NHANES-100365,United States,female,20-39,Mexican American,High school,1996-04-10
NHANES-100366,Other,male,60-79,Asian,College grad,1939-09-22
NHANES-100367,United States,male,0-19,Black,NA,2002-04-09
NHANES-100368,United States,male,0-19,Mexican American,NA,2004-04-23
NHANES-100369,Other,female,40-59,Asian,Some college,1961-03-31
NHANES-100370,United States,female,0-19,Black,NA,2011-07-30
NHANES-100371,United States,male,0-19,Asian,NA,2013-03-08
NHANES-100372,United States,female,0-19,Mexican American,NA,2016-03-02
NHANES-100373,Other,male,60-79,Asian,College grad,1942-03-27
NHANES-100374,United States,female,0-19,White,NA,2012-04-29
NHANES-100375,United States,male,0-19,Black,NA,2006-10-23
NHANES-100376,Other,male,40-59,Black,College grad,1968-12-29
NHANES-100377,Other,male,40-59,Asian,College grad,1970-01-10
NHANES-100378,United States,female,40-59,Other,Some college,1974-06-05
NHANES-100379,United States,male,0-19,White,NA,2003-08-18
NHANES-100380,United States,male,40-59,White,Some college,1973-04-30
NHANES-100381,United States,female,0-19,White,NA,2015-04-19
NHANES-100382,United States,male,40-59,Other,9-11th grade,1971-08-19
NHANES-100383,United States,male,0-19,White,NA,2017-07-28
NHANES-100384,United States,female,0-19,White,NA,2013-12-20
NHANES-100385,United States,male,40-59,White,Less than 9th grade,1964-09-22
NHANES-100386,United States,female,20-39,Mexican American,Some college,1980-05-24
NHANES-100387,United States,female,0-19,White,NA,1999-06-12
NHANES-100388,United States,female,40-59,White,High school,1960-09-30
NHANES-100389,United States,female,40-59,Black,9-11th grade,1962-07-21
NHANES-100390,United States,female,60-79,Black,Some college,1949-04-07
NHANES-100391,United States,female,0-19,Black,NA,2005-02-05
NHANES-100392,United States,female,0-19,Black,NA,2016-10-27
NHANES-100393,United States,male,40-59,White,High school,1966-02-23
NHANES-100394,United States,male,0-19,Other,NA,2001-09-11
NHANES-100395,United States,female,60-79,Black,9-11th grade,1941-01-09
NHANES-100396,Other,female,60-79,Mexican American,9-11th grade,1952-06-22
NHANES-100397,United States,male,0-19,Asian,NA,2015-01-20
NHANES-100398,United States,female,0-19,Asian,NA,2005-10-18
NHANES-100399,United States,female,60-79,White,High school,1942-11-13
NHANES-100400,United States,male,0-19,Other Hispanic,NA,2010-03-08
NHANES-100401,United States,female,0-19,Black,NA,2012-10-16
NHANES-100402,Other,female,40-59,White,High school,1965-03-28
NHANES-100403,United States,female,0-19,Mexican American,NA,2008-10-12
NHANES-100404,United States,female,60-79,Asian,College grad,1952-08-04
NHANES-100405,United States,male,0-19,White,NA,2000-11-04
NHANES-100406,United States,female,80+,White,9-11th grade,1937-07-25
NHANES-100407,United States,male,40-59,Other,Some college,1962-03-17
NHANES-100408,United States,female,0-19,Black,NA,2010-06-29
NHANES-100409,United States,female,0-19,Other,NA,1999-10-18
NHANES-100410,Other,female,40-59,Mexican American,Some college,1960-03-27
NHANES-100411,Other,male,60-79,Black,Some college,1950-09-03
NHANES-100412,Other,female,60-79,Mexican American,Less than 9th grade,1951-07-03
NHANES-100413,United States,male,0-19,Asian,NA,2002-09-23
NHANES-100414,United States,male,80+,White,Some college,1937-11-18
NHANES-100415,United States,female,40-59,Black,Some college,1968-03-16
NHANES-100416,United States,female,0-19,White,NA,2016-05-11
NHANES-100417,United States,female,0-19,Black,NA,2016-11-25
NHANES-100418,United States,male,20-39,White,College grad,1986-02-17
NHANES-100419,United States,male,40-59,White,Some college,1978-01-15
NHANES-100420,United States,male,20-39,Black,Some college,1982-08-08
NHANES-100421,Other,female,40-59,Other Hispanic,College grad,1966-10-10
NHANES-100422,United States,male,60-79,Black,Some college,1952-09-11
NHANES-100423,United States,male,0-19,Other,NA,2008-05-26
NHANES-100424,United States,female,60-79,Black,Some college,1945-03-20
NHANES-100425,United States,male,60-79,Black,College grad,1939-12-02
NHANES-100426,United States,male,0-19,Black,NA,2016-12-04
NHANES-100427,United States,female,20-39,Mexican American,High school,1980-04-14
NHANES-100428,Other,female,20-39,White,Some college,1988-12-03
NHANES-100429,Other,male,20-39,Mexican American,Less than 9th grade,1985-09-05
NHANES-100430,United States,male,0-19,White,NA,2004-06-19
NHANES-100431,United States,female,20-39,White,Some college,1988-05-21
NHANES-100432,United States,male,20-39,Mexican American,9-11th grade,1987-12-07
NHANES-100433,Other,male,60-79,Other Hispanic,College grad,1949-06-23
NHANES-100434,United States,female,20-39,Mexican American,Some college,1986-01-04
NHANES-100435,United States,female,0-19,Other Hispanic,NA,2009-01-14
NHANES-100436,United States,female,40-59,Mexican American,Some college,1969-07-17
NHANES-100437,United States,male,0-19,Black,NA,2011-10-21
NHANES-100438,United States,female,20-39,Mexican American,Some college,1996-01-07
NHANES-100439,United States,male,0-19,Other,NA,1999-04-23
NHANES-100440,Other,female,20-39,Mexican American,High school,1989-06-15
NHANES-100441,United States,male,20-39,Black,Some college,1981-08-23
NHANES-100442,United States,female,60-79,White,Some college,1949-11-18
NHANES-100443,United States,male,20-39,Black,High school,1991-12-04
NHANES-100444,United States,male,0-19,Other Hispanic,NA,2017-02-01
NHANES-100445,United States,female,60-79,Black,High school,1956-12-14
NHANES-100446,Other,male,60-79,Other Hispanic,Some college,1956-03-06
NHANES-100447,United States,male,40-59,White,Some college,1967-02-01
NHANES-100448,United States,female,0-19,White,NA,2001-08-05
NHANES-100449,United States,female,0-19,White,NA,2016-06-26
NHANES-100450,United States,female,0-19,Other Hispanic,NA,2003-10-10
NHANES-100451,Other,female,40-59,Asian,Some college,1978-06-03
NHANES-100452,United States,male,0-19,Black,NA,2016-04-15
NHANES-100453,United States,female,80+,White,High school,1937-11-22
NHANES-100454,Other,female,40-59,Asian,Less than 9th grade,1966-01-01
NHANES-100455,United States,male,80+,White,Some college,1936-06-11
NHANES-100456,United States,male,0-19,Black,NA,2010-02-24
NHANES-100457,Other,female,0-19,Other Hispanic,NA,1998-01-08
NHANES-100458,United States,female,0-19,Mexican American,NA,2014-01-07
NHANES-100459,United States,female,0-19,White,NA,2016-10-29
NHANES-100460,Other,male,40-59,White,College grad,1961-09-02
NHANES-100461,United States,female,0-19,Other,NA,1998-06-07
NHANES-100462,United States,female,0-19,Other Hispanic,NA,2015-07-20
NHANES-100463,United States,male,20-39,Black,High school,1989-05-11
NHANES-100464,United States,male,20-39,Other,High school,1985-09-21
NHANES-100465,Other,female,20-39,Asian,College grad,1988-07-14
NHANES-100466,United States,male,0-19,White,NA,1999-05-19
NHANES-100467,United States,male,0-19,Other Hispanic,NA,1998-09-06
NHANES-100468,United States,female,40-59,Black,Some college,1965-02-24
NHANES-100469,United States,male,60-79,White,Less than 9th grade,1942-11-28
NHANES-100470,United States,male,0-19,Black,NA,2000-10-17
NHANES-100471,United States,female,0-19,Black,NA,2016-05-10
NHANES-100472,United States,male,0-19,White,NA,2012-04-28
NHANES-100473,United States,male,0-19,Black,NA,2001-01-20
NHANES-100474,United States,female,60-79,White,9-11th grade,1951-02-04
NHANES-100475,United States,male,0-19,Black,NA,2010-07-27
NHANES-100476,Other,female,20-39,Asian,College grad,1980-02-24
NHANES-100477,United States,male,0-19,White,NA,2013-05-19
NHANES-100478,United States,male,0-19,Other Hispanic,NA,2009-08-07
NHANES-100479,United States,female,0-19,Black,NA,2000-07-15
NHANES-100480,Other,male,80+,Other Hispanic,Less than 9th grade,1936-11-06
NHANES-100481,Other,female,40-59,Asian,College grad,1958-10-29
NHANES-100482,United States,male,80+,White,Some college,1938-01-09
NHANES-100483,Other,female,40-59,Mexican American,9-11th grade,1965-12-10
NHANES-100484,United States,female,40-59,White,High school,1962-10-26
NHANES-100485,United States,male,60-79,White,College grad,1950-03-13
NHANES-100486,United States,male,60-79,White,High school,1943-02-03
NHANES-100487,United States,male,0-19,Black,NA,2008-11-08
NHANES-100488,United States,male,0-19,Black,NA,1998-08-28
NHANES-100489,United States,female,0-19,Mexican American,NA,2006-01-23
NHANES-100490,United States,female,80+,White,High school,1937-07-04
NHANES-100491,United States,male,0-19,Mexican American,NA,2017-05-21
NHANES-100492,United States,male,40-59,Black,9-11th grade,1962-04-30
NHANES-100493,United States,male,0-19,Mexican American,NA,2007-11-21
NHANES-100494,Other,male,20-39,Asian,College grad,1987-11-22
NHANES-100495,United States,male,0-19,White,NA,2000-08-22
NHANES-100496,United States,male,0-19,White,NA,2016-06-23
NHANES-100497,United States,female,80+,White,High school,1937-10-25
NHANES-100498,United States,male,0-19,Other,NA,2015-10-09
NHANES-100499,United States,female,40-59,Other Hispanic,Some college,1965-04-04
NHANES-100500,United States,female,20-39,Black,Some college,1984-01-17
NHANES-100501,Other,male,60-79,Mexican American,Less than 9th grade,1944-11-16
NHANES-100502,United States,male,0-19,Black,NA,2006-12-03
NHANES-100503,United States,male,0-19,Other Hispanic,NA,2008-01-21
NHANES-100504,United States,male,0-19,Black,NA,2006-07-04
NHANES-100505,Other,female,40-59,Mexican American,Less than 9th grade,1959-08-12
NHANES-100506,United States,female,0-19,Black,NA,2005-08-08
NHANES-100507,United States,female,0-19,Black,NA,2004-06-05
NHANES-100508,United States,female,80+,White,Some college,1938-02-01
NHANES-100509,United States,female,60-79,White,9-11th grade,1939-05-01
NHANES-100510,United States,female,20-39,Black,9-11th grade,1979-09-14
NHANES-100511,United States,female,60-79,Black,College grad,1953-06-03
NHANES-100512,United States,male,0-19,White,NA,2006-05-10
NHANES-100513,United States,male,40-59,Black,High school,1960-06-12
NHANES-100514,Other,male,20-39,Mexican American,High school,1981-06-29
NHANES-100515,Other,female,60-79,Asian,Some college,1947-07-10
NHANES-100516,Other,male,60-79,Other Hispanic,Some college,1957-07-07
NHANES-100517,Other,male,20-39,White,College grad,1978-08-18
NHANES-100518,United States,male,0-19,Other Hispanic,NA,2004-10-22
NHANES-100519,United States,female,0-19,Black,NA,2014-03-01
NHANES-100520,United States,male,0-19,Mexican American,NA,2006-11-13
NHANES-100521,Other,male,40-59,Asian,College grad,1959-01-19
NHANES-100522,United States,male,0-19,Black,NA,2008-05-21
NHANES-100523,United States,female,0-19,Black,NA,2005-02-25
NHANES-100524,United States,male,20-39,Mexican American,High school,1997-05-22
NHANES-100525,United States,male,0-19,Mexican American,NA,2017-04-25
NHANES-100526,Other,female,20-39,Other Hispanic,Some college,1983-10-07
NHANES-100527,United States,female,0-19,White,NA,2016-08-11
NHANES-100528,United States,female,40-59,White,Some college,1970-03-20
NHANES-100529,United States,male,0-19,Asian,NA,2012-07-16
NHANES-100530,Other,male,40-59,Asian,College grad,1965-04-15
NHANES-100531,United States,male,80+,Other,High school,1937-01-28
NHANES-100532,United States,female,40-59,Black,9-11th grade,1972-02-13
NHANES-100533,United States,female,0-19,White,NA,2013-11-04
NHANES-100534,Other,female,60-79,Asian,College grad,1941-07-04
NHANES-100535,Other,female,40-59,Asian,Some college,1961-01-20
NHANES-100536,United States,female,0-19,Other,NA,2016-09-10
NHANES-100537,Other,female,20-39,Mexican American,Less than 9th grade,1984-09-21
NHANES-100538,United States,female,0-19,Other,NA,2017-04-11
NHANES-100539,United States,female,0-19,Mexican American,NA,2003-02-21
NHANES-100540,Other,female,20-39,Other Hispanic,9-11th grade,1982-03-28
NHANES-100541,United States,female,0-19,Other,NA,2017-03-14
NHANES-100542,United States,female,0-19,Mexican American,NA,2015-11-23
NHANES-100543,United States,female,0-19,Asian,NA,2008-09-23
NHANES-100544,United States,female,60-79,Black,Some college,1956-12-27
NHANES-100545,United States,female,0-19,Black,NA,2003-07-08
NHANES-100546,United States,female,20-39,White,College grad,1987-03-14
NHANES-100547,United States,male,0-19,White,NA,2005-02-18
NHANES-100548,United States,female,20-39,White,College grad,1984-11-08
NHANES-100549,United States,female,60-79,White,College grad,1941-04-23
NHANES-100550,United States,female,0-19,Other Hispanic,NA,2011-11-05
NHANES-100551,United States,male,60-79,White,College grad,1951-04-26
NHANES-100552,United States,male,0-19,White,NA,2008-02-19
NHANES-100553,United States,female,0-19,Other,NA,2010-11-08
NHANES-100554,United States,male,60-79,Black,Some college,1951-12-11
NHANES-100555,United States,female,0-19,Mexican American,NA,2009-02-13
NHANES-100556,United States,female,60-79,White,High school,1952-08-04
NHANES-100557,Other,male,40-59,Black,College grad,1965-08-01
NHANES-100558,Other,male,60-79,Mexican American,High school,1956-05-05
NHANES-100559,United States,female,0-19,Other Hispanic,NA,2014-06-19
NHANES-100560,Other,female,60-79,White,Some college,1943-03-30
NHANES-100561,United States,male,20-39,White,High school,1993-03-22
NHANES-100562,United States,male,0-19,White,NA,2003-05-07
NHANES-100563,United States,female,40-59,Black,Some college,1971-10-06
NHANES-100564,United States,male,0-19,White,NA,2011-11-05
NHANES-100565,United States,male,60-79,White,High school,1947-12-06
NHANES-100566,United States,male,0-19,Mexican American,NA,2000-04-25
NHANES-100567,United States,male,0-19,Other,NA,2009-01-16
NHANES-100568,Other,male,40-59,Mexican American,Some college,1972-01-18
NHANES-100569,United States,male,0-19,White,NA,2017-12-11
NHANES-100570,United States,female,60-79,Mexican American,High school,1949-08-01
NHANES-100571,Other,male,20-39,Black,College grad,1988-05-16
NHANES-100572,United States,male,40-59,White,Some college,1976-07-11
NHANES-100573,United States,male,0-19,White,NA,2009-03-31
NHANES-100574,Other,female,40-59,Other Hispanic,Less than 9th grade,1963-09-01
NHANES-100575,Other,female,40-59,Asian,College grad,1968-03-26
NHANES-100576,United States,male,60-79,Other Hispanic,Some college,1955-01-29
NHANES-100577,United States,female,20-39,Black,High school,1989-08-22
NHANES-100578,United States,female,40-59,Other,College grad,1958-08-26
NHANES-100579,United States,male,40-59,White,High school,1959-04-13
NHANES-100580,Other,male,60-79,Other Hispanic,Less than 9th grade,1951-12-19
NHANES-100581,United States,male,60-79,Black,9-11th grade,1939-02-01
NHANES-100582,United States,male,40-59,Black,Less than 9th grade,1963-01-15
NHANES-100583,Other,female,20-39,Mexican American,Less than 9th grade,1988-02-15
NHANES-100584,United States,male,60-79,White,Some college,1954-04-23
NHANES-100585,United States,female,0-19,Black,NA,2011-05-12
NHANES-100586,United States,male,80+,White,9-11th grade,1936-02-27
NHANES-100587,United States,male,0-19,Mexican American,NA,2003-12-22
NHANES-100588,United States,male,0-19,White,NA,2017-05-19
NHANES-100589,Other,female,20-39,Mexican American,Less than 9th grade,1984-11-18
NHANES-100590,Other,male,20-39,Asian,Some college,1993-09-05
NHANES-100591,United States,female,0-19,Asian,NA,2015-05-27
NHANES-100592,United States,male,0-19,Mexican American,NA,1999-02-12
NHANES-100593,United States,male,0-19,Other Hispanic,NA,2008-05-22
NHANES-100594,United States,male,40-59,Black,Some college,1959-03-28
NHANES-100595,United States,female,0-19,Black,NA,2007-09-20
NHANES-100596,United States,female,0-19,Black,NA,2004-01-29
NHANES-100597,Other,male,60-79,Mexican American,Less than 9th grade,1946-08-09
NHANES-100598,United States,female,0-19,White,NA,2011-05-09
NHANES-100599,Other,male,40-59,Mexican American,High school,1964-10-01
NHANES-100600,United States,female,0-19,White,NA,2012-10-23
NHANES-100601,United States,female,0-19,Mexican American,NA,2006-11-15
NHANES-100602,United States,female,20-39,Other Hispanic,Some college,1982-04-08
NHANES-100603,United States,male,0-19,Black,NA,2013-08-03
NHANES-100604,United States,male,0-19,Black,NA,2013-08-12
NHANES-100605,Other,female,20-39,Mexican American,Some college,1988-09-21
NHANES-100606,United States,female,0-19,Black,NA,2009-03-04
NHANES-100607,Other,male,0-19,Asian,NA,1998-10-02
NHANES-100608,United States,female,60-79,Mexican American,Some college,1952-05-24
NHANES-100609,United States,male,0-19,Other Hispanic,NA,2012-07-23
NHANES-100610,Other,female,40-59,Black,Some college,1975-08-14
NHANES-100611,United States,male,40-59,Mexican American,9-11th grade,1973-08-29
NHANES-100612,United States,female,0-19,White,NA,2016-12-03
NHANES-100613,United States,male,20-39,Other,College grad,1990-03-25
NHANES-100614,United States,male,0-19,White,NA,1999-04-28
NHANES-100615,United States,female,0-19,Asian,NA,2014-06-02
NHANES-100616,United States,male,0-19,Black,NA,2011-05-25
NHANES-100617,United States,male,60-79,White,College grad,1940-10-26
NHANES-100618,United States,male,0-19,Other,NA,2007-02-16
NHANES-100619,United States,female,20-39,White,College grad,1989-12-08
NHANES-100620,United States,female,0-19,Black,NA,2006-07-31
NHANES-100621,Other,male,40-59,Other,College grad,1977-05-16
NHANES-100622,United States,male,40-59,Other,High school,1975-01-13
NHANES-100623,United States,female,20-39,White,College grad,1980-06-10
NHANES-100624,Other,male,20-39,Mexican American,High school,1994-10-05
NHANES-100625,Other,female,40-59,Mexican American,Some college,1963-03-29
NHANES-100626,United States,male,0-19,White,NA,2015-07-04
NHANES-100627,United States,female,40-59,Other,High school,1974-02-20
NHANES-100628,United States,male,20-39,Asian,College grad,1985-01-14
NHANES-100629,Other,male,60-79,Mexican American,Less than 9th grade,1950-10-16
NHANES-100630,United States,male,0-19,Other,NA,1999-03-10
NHANES-100631,United States,male,20-39,White,Some college,1991-06-19
NHANES-100632,United States,male,20-39,White,Less than 9th grade,1977-12-29
NHANES-100633,United States,male,60-79,Black,Some college,1956-06-29
NHANES-100634,United States,male,20-39,Black,High school,1979-07-04
NHANES-100635,Other,male,20-39,Asian,College grad,1979-05-25
NHANES-100636,United States,male,40-59,Black,Some college,1971-05-12
NHANES-100637,United States,female,0-19,Black,NA,2001-04-06
NHANES-100638,United States,male,40-59,Mexican American,9-11th grade,1975-07-03
NHANES-100639,United States,female,80+,White,High school,1938-01-24
NHANES-100640,United States,female,0-19,White,NA,2012-05-20
NHANES-100641,United States,female,20-39,Asian,9-11th grade,1994-07-20
NHANES-100642,United States,male,60-79,Black,College grad,1952-04-10
NHANES-100643,United States,female,0-19,Other,NA,2009-05-14
NHANES-100644,United States,female,20-39,White,Some college,1987-01-14
NHANES-100645,United States,female,0-19,Black,NA,2015-03-31
NHANES-100646,United States,male,80+,White,High school,1938-03-29
NHANES-100647,United States,male,20-39,White,High school,1985-05-10
NHANES-100648,United States,male,60-79,White,Less than 9th grade,1951-12-22
NHANES-100649,United States,male,40-59,White,High school,1973-08-04
NHANES-100650,United States,female,60-79,White,9-11th grade,1956-06-05
NHANES-100651,United States,female,0-19,Mexican American,NA,2011-05-19
NHANES-100652,United States,male,0-19,Black,NA,2018-06-22
NHANES-100653,United States,male,20-39,Black,High school,1993-05-03
NHANES-100654,United States,female,60-79,White,High school,1943-08-01
NHANES-100655,United States,female,0-19,Other,NA,2008-07-14
NHANES-100656,United States,female,0-19,Asian,NA,2001-02-10
NHANES-100657,United States,female,40-59,Black,High school,1960-02-18
NHANES-100658,United States,male,0-19,White,NA,2000-09-23
NHANES-100659,United States,female,0-19,Other Hispanic,NA,2010-02-08
NHANES-100660,United States,male,0-19,White,NA,2009-02-25
NHANES-100661,United States,male,0-19,Asian,NA,2003-01-17
NHANES-100662,United States,female,60-79,White,9-11th grade,1950-04-30
NHANES-100663,United States,female,60-79,White,College grad,1946-07-07
NHANES-100664,United States,female,0-19,Black,NA,2015-10-21
NHANES-100665,United States,female,0-19,White,NA,2016-05-22
NHANES-100666,United States,female,0-19,Black,NA,2006-06-23
NHANES-100667,United States,male,20-39,Black,High school,1998-02-23
NHANES-100668,United States,female,0-19,Black,NA,2013-02-17
NHANES-100669,United States,female,0-19,White,NA,2004-08-05
NHANES-100670,Other,male,40-59,Asian,College grad,1975-09-04
NHANES-100671,United States,male,0-19,White,NA,2001-08-11
NHANES-100672,Other,female,20-39,Mexican American,Some college,1993-04-07
NHANES-100673,United States,female,20-39,Black,9-11th grade,1981-11-22
NHANES-100674,United States,male,80+,White,Some college,1936-10-03
NHANES-100675,United States,female,20-39,Black,High school,1995-07-06
NHANES-100676,United States,male,0-19,White,NA,2017-05-17
NHANES-100677,United States,female,40-59,White,Some college,1962-03-03
NHANES-100678,United States,female,0-19,Black,NA,2008-03-22
NHANES-100679,United States,male,0-19,White,NA,2002-10-31
NHANES-100680,United States,male,0-19,Black,NA,1999-05-14
NHANES-100681,Other,female,40-59,Other Hispanic,9-11th grade,1961-09-05
NHANES-100682,United States,male,0-19,Other Hispanic,NA,2011-08-02
NHANES-100683,United States,female,0-19,White,NA,2015-08-13
NHANES-100684,United States,female,20-39,Black,High school,1982-01-12
NHANES-100685,United States,male,60-79,Black,Some college,1958-03-26
NHANES-100686,United States,female,0-19,Other,NA,2002-03-26
NHANES-100687,United States,female,0-19,Mexican American,NA,1999-01-24
NHANES-100688,United States,male,0-19,Mexican American,NA,2008-05-07
NHANES-100689,United States,male,20-39,Black,High school,1996-05-02
NHANES-100690,United States,male,0-19,White,NA,2017-12-05
NHANES-100691,United States,female,0-19,Other Hispanic,NA,2009-08-05
NHANES-100692,United States,male,60-79,White,High school,1955-02-05
NHANES-100693,United States,female,40-59,Black,College grad,1967-09-17
NHANES-100694,Other,male,0-19,Asian,NA,2014-02-11
NHANES-100695,United States,female,0-19,Mexican American,NA,2002-08-02
NHANES-100696,United States,male,60-79,White,High school,1946-05-17
NHANES-100697,United States,male,20-39,White,Some college,1986-04-30
NHANES-100698,Other,female,40-59,Asian,College grad,1969-09-14
NHANES-100699,Other,male,40-59,Black,Some college,1965-11-14
NHANES-100700,United States,female,0-19,Black,NA,2006-09-10
NHANES-100701,United States,female,20-39,Black,College grad,1984-06-02
NHANES-100702,United States,female,0-19,Asian,NA,2006-07-07
NHANES-100703,United States,female,0-19,Mexican American,NA,2017-11-28
NHANES-100704,United States,female,0-19,Other,NA,2008-09-28
NHANES-100705,United States,female,40-59,White,High school,1962-03-03
NHANES-100706,United States,male,60-79,White,Some college,1951-06-23
NHANES-100707,United States,female,20-39,White,Some college,1982-08-18
NHANES-100708,United States,female,0-19,White,NA,2006-11-04
NHANES-100709,United States,male,20-39,White,High school,1979-06-03
NHANES-100710,United States,male,20-39,Other Hispanic,9-11th grade,1983-09-28
NHANES-100711,United States,female,60-79,White,College grad,1948-06-27
NHANES-100712,United States,male,0-19,White,NA,2016-04-16
NHANES-100713,United States,female,20-39,White,Some college,1978-11-29
NHANES-100714,United States,female,20-39,White,College grad,1980-08-01
NHANES-100715,United States,female,40-59,White,High school,1966-08-16
NHANES-100716,United States,female,60-79,Mexican American,Some college,1938-02-19
NHANES-100717,United States,female,40-59,White,Some college,1968-12-08
NHANES-100718,Other,female,20-39,Asian,College grad,1992-03-04
NHANES-100719,United States,female,0-19,Black,NA,2016-02-12
NHANES-100720,United States,male,40-59,White,Some college,1958-08-29
NHANES-100721,Other,female,60-79,Other Hispanic,Less than 9th grade,1943-11-18
NHANES-100722,United States,female,0-19,Other,NA,2002-05-26
NHANES-100723,Other,male,80+,Asian,College grad,1937-08-15
NHANES-100724,United States,female,0-19,Black,NA,2007-07-14
NHANES-100725,Other,female,60-79,Asian,Less than 9th grade,1951-02-04
NHANES-100726,Other,female,60-79,Mexican American,9-11th grade,1947-09-13
NHANES-100727,United States,male,20-39,White,Some college,1990-09-03
NHANES-100728,United States,female,60-79,White,Some college,1949-07-10
NHANES-100729,United States,male,0-19,Black,NA,2014-03-30
NHANES-100730,United States,female,40-59,White,Some college,1974-03-31
NHANES-100731,United States,male,0-19,Other Hispanic,NA,2011-02-16
NHANES-100732,United States,male,20-39,Asian,High school,1982-03-23
NHANES-100733,Other,female,40-59,Asian,Some college,1973-09-26
NHANES-100734,United States,female,0-19,White,NA,2016-08-11
NHANES-100735,Other,female,60-79,Other Hispanic,9-11th grade,1942-03-16
NHANES-100736,United States,female,0-19,Mexican American,NA,2009-12-22
NHANES-100737,United States,female,0-19,Black,NA,2014-01-19
NHANES-100738,United States,female,20-39,Other Hispanic,Some college,1979-09-21
NHANES-100739,United States,male,60-79,White,Some college,1938-05-18
NHANES-100740,United States,male,20-39,White,High school,1998-02-07
NHANES-100741,United States,male,60-79,White,College grad,1950-12-06
NHANES-100742,United States,male,20-39,Black,Some college,1983-06-01
NHANES-100743,United States,female,40-59,Mexican American,Some college,1965-02-28
NHANES-100744,United States,female,0-19,Mexican American,NA,2018-03-21
NHANES-100745,Other,male,60-79,Mexican American,Less than 9th grade,1954-08-05
NHANES-100746,United States,male,0-19,Asian,NA,2016-12-16
NHANES-100747,Other,female,40-59,Other,High school,1962-08-22
NHANES-100748,United States,female,60-79,Black,College grad,1955-08-27
NHANES-100749,United States,male,20-39,Asian,High school,1996-05-10
NHANES-100750,United States,male,40-59,White,High school,1959-10-19
NHANES-100751,United States,female,0-19,White,NA,2011-10-11
NHANES-100752,Other,male,40-59,Asian,College grad,1974-10-19
NHANES-100753,United States,female,0-19,Black,NA,2015-04-28
NHANES-100754,United States,male,40-59,Black,Some college,1964-04-17
NHANES-100755,United States,male,0-19,Black,NA,2007-09-28
NHANES-100756,United States,male,60-79,Black,High school,1958-09-26
NHANES-100757,United States,female,0-19,Black,NA,2016-10-21
NHANES-100758,United States,female,0-19,Mexican American,NA,2013-05-24
NHANES-100759,United States,male,20-39,White,Some college,1983-01-22
NHANES-100760,United States,female,60-79,White,College grad,1953-07-29
NHANES-100761,United States,male,80+,White,College grad,1937-12-20
NHANES-100762,Other,male,80+,Other Hispanic,Less than 9th grade,1937-07-02
NHANES-100763,United States,female,0-19,White,NA,2007-01-22
NHANES-100764,Other,female,40-59,Asian,College grad,1971-07-17
NHANES-100765,Other,female,40-59,Asian,High school,1969-08-05
NHANES-100766,Other,female,0-19,Black,NA,2008-05-17
NHANES-100767,United States,female,0-19,Other Hispanic,NA,2011-06-24
NHANES-100768,United States,female,40-59,Asian,College grad,1975-08-28
NHANES-100769,United States,female,0-19,Other,NA,2009-05-31
NHANES-100770,United States,male,0-19,Black,NA,2006-04-16
NHANES-100771,United States,female,60-79,White,High school,1950-03-02
NHANES-100772,United States,female,40-59,Other,Some college,1971-04-21
NHANES-100773,United States,male,0-19,White,NA,2015-05-03
NHANES-100774,Other,male,60-79,Asian,College grad,1956-10-22
NHANES-100775,United States,female,20-39,White,High school,1996-10-02
NHANES-100776,United States,male,0-19,Black,NA,2011-04-17
NHANES-100777,United States,male,0-19,White,NA,2001-07-20
NHANES-100778,United States,female,0-19,Black,NA,1999-07-14
NHANES-100779,United States,male,0-19,Black,NA,2011-08-24
NHANES-100780,United States,male,40-59,White,Some college,1963-02-02
NHANES-100781,United States,female,20-39,Mexican American,High school,1996-12-28
NHANES-100782,United States,male,20-39,White,College grad,1977-11-15
NHANES-100783,United States,male,0-19,Asian,NA,2001-07-24
NHANES-100784,Other,female,0-19,Asian,NA,2006-02-03
NHANES-100785,United States,female,0-19,Asian,NA,2013-11-03
NHANES-100786,United States,male,0-19,White,NA,2012-01-14
NHANES-100787,United States,male,60-79,White,High school,1945-11-27
NHANES-100788,United States,male,20-39,White,Some college,1982-10-12
NHANES-100789,United States,female,20-39,Black,High school,1981-02-01
NHANES-100790,United States,female,60-79,Black,College grad,1958-08-04
NHANES-100791,United States,female,0-19,White,NA,2014-04-15
NHANES-100792,United States,female,60-79,Black,Some college,1949-01-28
NHANES-100793,United States,male,0-19,Black,NA,2005-10-07
NHANES-100794,United States,male,0-19,Black,NA,1999-12-01
NHANES-100795,Other,male,60-79,White,College grad,1938-04-17
NHANES-100796,United States,male,0-19,Other,NA,1998-04-18
NHANES-100797,United States,male,60-79,White,College grad,1945-03-04
NHANES-100798,United States,female,0-19,Mexican American,NA,2009-06-07
NHANES-100799,United States,male,0-19,White,NA,2006-11-24
NHANES-100800,Other,female,60-79,White,Some college,1942-02-13
NHANES-100801,United States,male,20-39,White,High school,1983-10-14
NHANES-100802,United States,female,40-59,Black,College grad,1967-07-04
NHANES-100803,United States,female,0-19,Mexican American,NA,2017-01-04
NHANES-100804,Other,male,0-19,Asian,NA,2005-03-23
NHANES-100805,United States,female,80+,White,High school,1938-03-08
NHANES-100806,United States,male,0-19,White,NA,2015-02-05
NHANES-100807,United States,female,0-19,Black,NA,2015-02-24
NHANES-100808,United States,female,0-19,Black,NA,2001-01-22
NHANES-100809,United States,female,0-19,Black,NA,2012-06-02
NHANES-100810,United States,female,0-19,White,NA,2016-06-19
NHANES-100811,United States,female,0-19,Asian,NA,2016-11-03
NHANES-100812,United States,female,0-19,Mexican American,NA,2008-12-10
NHANES-100813,United States,female,0-19,Mexican American,NA,2002-01-01
NHANES-100814,United States,female,0-19,White,NA,1997-11-29
NHANES-100815,United States,female,40-59,Black,High school,1965-01-04
NHANES-100816,United States,female,40-59,White,Less than 9th grade,1973-09-04
NHANES-100817,United States,female,60-79,Other,Some college,1957-10-16
NHANES-100818,United States,female,20-39,Asian,College grad,1989-11-07
NHANES-100819,United States,male,20-39,Black,Some college,1986-12-12
NHANES-100820,United States,male,0-19,Other,NA,2016-07-06
NHANES-100821,Other,female,60-79,Other Hispanic,Some college,1949-07-15
NHANES-100822,United States,female,0-19,White,NA,2016-07-07
NHANES-100823,United States,male,0-19,Other,NA,2014-02-01
NHANES-100824,United States,female,0-19,Mexican American,NA,2014-04-24
NHANES-100825,United States,female,20-39,Black,Some college,1979-08-12
NHANES-100826,United States,female,0-19,Mexican American,NA,2012-09-16
NHANES-100827,United States,female,40-59,White,College grad,1972-09-15
NHANES-100828,United States,female,0-19,White,NA,2016-10-15
NHANES-100829,United States,male,40-59,Black,9-11th grade,1974-09-01
NHANES-100830,United States,female,0-19,White,NA,2012-08-14
NHANES-100831,Other,female,60-79,Black,High school,1944-07-30
NHANES-100832,United States,female,20-39,White,High school,1981-11-05
NHANES-100833,United States,male,0-19,Mexican American,NA,2017-06-04
NHANES-100834,United States,male,80+,Mexican American,Less than 9th grade,1937-07-10
NHANES-100835,United States,male,0-19,Mexican American,NA,2015-04-01
NHANES-100836,United States,male,60-79,Other Hispanic,9-11th grade,1954-03-24
NHANES-100837,United States,male,60-79,White,9-11th grade,1948-09-18
NHANES-100838,United States,female,20-39,White,Some college,1979-03-06
NHANES-100839,United States,female,0-19,White,NA,2015-10-14
NHANES-100840,Other,male,60-79,White,Some college,1941-05-09
NHANES-100841,Other,female,40-59,Asian,College grad,1976-09-12
NHANES-100842,United States,male,0-19,Other,NA,2011-07-17
NHANES-100843,United States,male,20-39,Other,Less than 9th grade,1984-04-27
NHANES-100844,United States,male,40-59,Black,High school,1957-09-13
NHANES-100845,United States,male,0-19,Other,NA,2016-11-02
NHANES-100846,United States,male,20-39,White,High school,1987-07-08
NHANES-100847,United States,female,40-59,Black,High school,1961-06-22
NHANES-100848,United States,female,60-79,White,High school,1948-03-23
NHANES-100849,Other,male,20-39,Asian,Some college,1992-06-12
NHANES-100850,United States,female,0-19,Black,NA,2012-05-26
NHANES-100851,United States,female,60-79,White,College grad,1946-02-11
NHANES-100852,United States,female,0-19,Black,NA,2017-05-02
NHANES-100853,United States,male,80+,Mexican American,College grad,1938-07-17
NHANES-100854,United States,female,0-19,Mexican American,NA,2011-07-25
NHANES-100855,United States,female,20-39,White,High school,1988-01-08
NHANES-100856,United States,female,60-79,Other,Some college,1942-09-24
NHANES-100857,United States,female,0-19,Mexican American,NA,2005-03-05
NHANES-100858,United States,male,0-19,Asian,NA,2014-09-05
NHANES-100859,Other,female,0-19,Mexican American,NA,2000-07-27
NHANES-100860,United States,female,20-39,Black,9-11th grade,1980-12-25
NHANES-100861,United States,male,20-39,White,High school,1982-07-22
NHANES-100862,Other,female,60-79,Other Hispanic,High school,1955-02-13
NHANES-100863,United States,female,0-19,Mexican American,NA,2017-01-07
NHANES-100864,United States,male,0-19,Other Hispanic,NA,2016-12-15
NHANES-100865,United States,female,40-59,White,9-11th grade,1964-06-07
NHANES-100866,United States,male,40-59,White,Some college,1972-05-24
NHANES-100867,United States,female,0-19,Black,NA,2016-03-08
NHANES-100868,Other,female,0-19,Other Hispanic,NA,2012-07-26
NHANES-100869,United States,female,0-19,Other Hispanic,NA,2013-06-12
NHANES-100870,United States,male,0-19,Mexican American,NA,2016-04-15
NHANES-100871,United States,male,0-19,White,NA,2006-11-16
NHANES-100872,United States,female,60-79,Black,9-11th grade,1946-07-02
NHANES-100873,United States,male,0-19,White,NA,2003-03-22
NHANES-100874,Other,male,40-59,Asian,College grad,1963-01-13
NHANES-100875,Other,male,80+,Asian,College grad,1937-04-06
NHANES-100876,Other,male,60-79,Asian,High school,1939-06-09
NHANES-100877,United States,male,20-39,Black,Some college,1992-06-20
NHANES-100878,United States,female,0-19,White,NA,2018-09-11
NHANES-100879,United States,male,60-79,Other,9-11th grade,1946-04-09
NHANES-100880,United States,male,40-59,White,High school,1971-04-12
NHANES-100881,United States,male,20-39,Black,High school,1991-02-16
NHANES-100882,United States,male,0-19,Mexican American,NA,2000-07-03
NHANES-100883,United States,female,0-19,Black,NA,2016-02-21
NHANES-100884,United States,male,0-19,Mexican American,NA,1998-07-13
NHANES-100885,United States,male,0-19,Black,NA,2004-04-02
NHANES-100886,United States,female,60-79,White,High school,1944-06-28
NHANES-100887,United States,female,60-79,Black,College grad,1953-07-19
NHANES-100888,United States,female,0-19,Mexican American,NA,2009-10-31
NHANES-100889,United States,male,0-19,White,NA,1999-12-31
NHANES-100890,United States,female,60-79,Black,9-11th grade,1949-02-09
NHANES-100891,Other,female,0-19,Mexican American,NA,2012-07-21
NHANES-100892,United States,male,20-39,Mexican American,Some college,1994-01-03
NHANES-100893,United States,female,0-19,White,NA,2009-10-26
NHANES-100894,United States,female,0-19,Asian,NA,1999-10-12
NHANES-100895,Other,female,40-59,Asian,College grad,1960-07-25
NHANES-100896,United States,female,20-39,White,9-11th grade,1988-03-20
NHANES-100897,United States,female,0-19,White,NA,2016-05-15
NHANES-100898,United States,female,40-59,White,Some college,1975-09-15
NHANES-100899,United States,male,0-19,Black,NA,2009-07-29
NHANES-100900,United States,female,0-19,Black,NA,2015-05-19
NHANES-100901,United States,female,0-19,White,NA,2001-01-19
NHANES-100902,United States,female,40-59,Asian,High school,1965-08-29
NHANES-100903,United States,male,0-19,Other,NA,2008-11-27
NHANES-100904,Other,female,0-19,Mexican American,NA,2000-12-22
NHANES-100905,Other,male,80+,White,College grad,1936-02-05
NHANES-100906,United States,male,0-19,Asian,NA,2016-05-07
NHANES-100907,United States,male,40-59,White,High school,1975-08-11
NHANES-100908,United States,female,0-19,White,NA,2006-04-10
NHANES-100909,United States,male,80+,Black,High school,1938-06-02
NHANES-100910,United States,male,20-39,White,Some college,1990-03-25
NHANES-100911,United States,male,20-39,White,Some college,1991-09-21
NHANES-100912,United States,male,0-19,Asian,NA,2008-09-06
NHANES-100913,United States,female,20-39,Black,Some college,1994-01-27
NHANES-100914,United States,female,80+,White,High school,1937-05-16
NHANES-100915,United States,male,60-79,White,9-11th grade,1950-11-22
NHANES-100916,United States,male,0-19,Mexican American,NA,2017-09-27
NHANES-100917,United States,male,0-19,Mexican American,NA,1998-03-07
NHANES-100918,United States,male,80+,White,9-11th grade,1938-05-25
NHANES-100919,United States,male,80+,White,College grad,1937-09-09
NHANES-100920,United States,female,60-79,White,High school,1955-10-03
NHANES-100921,United States,male,0-19,Mexican American,NA,2014-04-23
NHANES-100922,United States,female,0-19,Mexican American,NA,2012-02-25
NHANES-100923,United States,male,20-39,Other Hispanic,High school,1996-07-19
NHANES-100924,United States,female,40-59,White,High school,1977-11-16
NHANES-100925,United States,female,40-59,Black,Less than 9th grade,1973-09-09
NHANES-100926,Other,male,40-59,Asian,College grad,1965-07-29
NHANES-100927,United States,female,0-19,Black,NA,2007-05-06
NHANES-100928,United States,male,20-39,White,9-11th grade,1993-02-28
NHANES-100929,United States,female,40-59,Black,High school,1976-06-10
NHANES-100930,Other,female,40-59,Other Hispanic,High school,1958-02-01
NHANES-100931,Other,female,0-19,Other Hispanic,NA,2006-01-17
NHANES-100932,United States,male,0-19,Black,NA,2005-04-14
NHANES-100933,Other,female,60-79,Asian,College grad,1953-05-31
NHANES-100934,United States,female,20-39,White,College grad,1979-12-06
NHANES-100935,United States,male,20-39,Black,High school,1998-04-11
NHANES-100936,Other,female,40-59,Asian,Less than 9th grade,1960-04-01
NHANES-100937,Other,male,40-59,Other Hispanic,Less than 9th grade,1962-12-20
NHANES-100938,Other,female,20-39,Other Hispanic,High school,1980-01-05
NHANES-100939,United States,female,0-19,Asian,NA,2002-08-07
NHANES-100940,Other,female,0-19,White,NA,1999-09-04
NHANES-100941,United States,female,80+,Black,9-11th grade,1937-11-22
NHANES-100942,United States,male,20-39,White,9-11th grade,1998-02-18
NHANES-100943,Other,female,40-59,Mexican American,NA,1976-02-21
NHANES-100944,Other,male,0-19,Asian,NA,2003-07-02
NHANES-100945,United States,male,0-19,White,NA,2006-09-05
NHANES-100946,United States,male,0-19,Other,NA,2002-03-23
NHANES-100947,United States,female,20-39,White,Less than 9th grade,1981-06-28
NHANES-100948,Other,female,60-79,Black,Some college,1949-12-28
NHANES-100949,United States,female,40-59,Black,Some college,1967-06-13
NHANES-100950,United States,female,60-79,Black,Some college,1957-03-13
NHANES-100951,United States,male,60-79,White,High school,1955-07-20
NHANES-100952,United States,male,20-39,White,Some college,1996-04-15
NHANES-100953,United States,male,0-19,Mexican American,NA,2017-06-23
NHANES-100954,Other,male,40-59,Asian,Some college,1969-11-11
NHANES-100955,United States,male,60-79,Black,College grad,1953-08-26
NHANES-100956,United States,male,0-19,White,NA,2006-08-25
NHANES-100957,United States,male,0-19,Asian,NA,2015-06-06
NHANES-100958,United States,female,0-19,Other,NA,2013-11-05
NHANES-100959,United States,male,0-19,White,NA,2007-05-08
NHANES-100960,United States,male,0-19,Mexican American,NA,2005-11-23
NHANES-100961,United States,female,20-39,White,High school,1997-04-19
NHANES-100962,United States,male,0-19,Black,NA,2014-02-13
NHANES-100963,United States,male,80+,Black,Some college,1937-05-10
NHANES-100964,United States,male,0-19,Black,NA,2002-07-22
NHANES-100965,United States,female,20-39,Black,Some college,1992-08-11
NHANES-100966,United States,female,20-39,White,Some college,1980-04-02
NHANES-100967,United States,female,20-39,White,Some college,1979-06-26
NHANES-100968,Other,female,60-79,Mexican American,Less than 9th grade,1952-05-28
NHANES-100969,United States,female,60-79,White,Some college,1957-04-08
NHANES-100970,United States,male,0-19,Other Hispanic,NA,2002-09-03
NHANES-100971,United States,female,20-39,Black,Some college,1996-02-16
NHANES-100972,United States,male,40-59,Other,Some college,1959-11-23
NHANES-100973,United States,male,20-39,Other,Some college,1989-11-24
NHANES-100974,United States,male,0-19,White,NA,2001-08-07
NHANES-100975,Other,male,20-39,Mexican American,9-11th grade,1983-09-03
NHANES-100976,United States,female,0-19,Black,NA,2006-10-18
NHANES-100977,United States,female,0-19,Black,NA,2015-10-19
NHANES-100978,Other,female,0-19,Mexican American,NA,1998-09-05
NHANES-100979,United States,female,0-19,Black,NA,2005-07-18
NHANES-100980,Other,female,20-39,Asian,College grad,1987-11-19
NHANES-100981,United States,female,20-39,Other Hispanic,9-11th grade,1991-03-04
NHANES-100982,United States,male,0-19,Mexican American,NA,2006-01-19
NHANES-100983,Other,female,40-59,Asian,Some college,1976-01-16
NHANES-100984,United States,male,0-19,Mexican American,NA,2015-12-18
NHANES-100985,Other,male,20-39,White,High school,1994-09-03
NHANES-100986,Other,female,40-59,Other Hispanic,Less than 9th grade,1968-07-10
NHANES-100987,Other,male,60-79,Asian,High school,1957-05-14
NHANES-100988,United States,male,80+,White,Some college,1937-06-23
NHANES-100989,United States,female,60-79,Black,Some college,1949-09-11
NHANES-100990,United States,male,0-19,Black,NA,2013-10-21
NHANES-100991,United States,female,0-19,Mexican American,NA,2007-08-24
NHANES-100992,Other,male,20-39,Other Hispanic,High school,1989-10-09
NHANES-100993,United States,male,0-19,Black,NA,2010-02-26
NHANES-100994,Other,male,20-39,Mexican American,High school,1989-04-16
NHANES-100995,United States,male,0-19,White,NA,2017-02-19
NHANES-100996,United States,male,40-59,White,Some college,1964-06-01
NHANES-100997,Other,female,60-79,Other Hispanic,9-11th grade,1958-01-30
NHANES-100998,Other,male,20-39,Mexican American,College grad,1978-08-28
NHANES-100999,United States,female,20-39,White,College grad,1989-02-12
NHANES-101000,United States,female,0-19,Black,NA,2005-05-31
NHANES-101001,United States,male,60-79,Black,Some college,1950-11-04
NHANES-101002,United States,female,20-39,Other Hispanic,College grad,1979-11-16
NHANES-101003,Other,male,40-59,Mexican American,Less than 9th grade,1961-01-09
NHANES-101004,United States,male,20-39,White,Some college,1988-03-30
NHANES-101005,United States,female,20-39,Other,Some college,1989-10-11
NHANES-101006,United States,male,60-79,White,College grad,1940-03-27
NHANES-101007,United States,female,40-59,White,High school,1975-01-08
NHANES-101008,United States,female,0-19,Mexican American,NA,2015-08-27
NHANES-101009,Other,female,20-39,Mexican American,High school,1997-04-15
NHANES-101010,Other,male,60-79,White,Some college,1946-08-31
NHANES-101011,United States,male,20-39,White,College grad,1994-02-10
NHANES-101012,United States,female,0-19,Asian,NA,2013-07-09
NHANES-101013,United States,female,40-59,Black,Some college,1974-07-24
NHANES-101014,United States,female,40-59,White,High school,1975-06-05
NHANES-101015,United States,female,80+,White,9-11th grade,1938-07-18
NHANES-101016,United States,male,0-19,White,NA,2009-08-26
NHANES-101017,United States,male,60-79,White,Some college,1953-05-25
NHANES-101018,United States,male,60-79,White,High school,1939-08-15
NHANES-101019,United States,male,40-59,White,College grad,1968-05-03
NHANES-101020,United States,male,0-19,Other,NA,2001-02-22
NHANES-101021,United States,male,60-79,Black,Some college,1956-07-14
NHANES-101022,United States,male,60-79,Black,Less than 9th grade,1943-02-26
NHANES-101023,United States,male,40-59,Other,College grad,1965-07-23
NHANES-101024,United States,male,40-59,White,Some college,1964-03-01
NHANES-101025,Other,female,20-39,Asian,College grad,1994-02-05
NHANES-101026,Other,female,60-79,Other Hispanic,College grad,1956-03-31
NHANES-101027,United States,male,40-59,White,Less than 9th grade,1962-12-05
NHANES-101028,Other,female,40-59,Other Hispanic,High school,1958-03-13
NHANES-101029,United States,male,0-19,Mexican American,NA,2002-09-24
NHANES-101030,Other,female,20-39,Asian,College grad,1987-05-08
NHANES-101031,Other,male,20-39,Asian,College grad,1990-11-13
NHANES-101032,United States,male,0-19,White,NA,2004-02-16
NHANES-101033,United States,male,60-79,Black,Some college,1953-04-04
NHANES-101034,United States,female,40-59,White,Some college,1970-07-23
NHANES-101035,United States,female,0-19,White,NA,2002-07-06
NHANES-101036,United States,female,80+,Black,Some college,1938-05-31
NHANES-101037,United States,female,40-59,White,Some college,1977-02-16
NHANES-101038,United States,male,20-39,Mexican American,Some college,1991-05-20
NHANES-101039,United States,male,0-19,Black,NA,2002-08-25
NHANES-101040,United States,male,60-79,Black,9-11th grade,1957-03-11
NHANES-101041,United States,female,0-19,Mexican American,NA,2014-05-10
NHANES-101042,United States,male,0-19,Asian,NA,2004-01-25
NHANES-101043,Other,male,60-79,Asian,High school,1946-05-26
NHANES-101044,United States,female,0-19,Mexican American,NA,2015-03-16
NHANES-101045,United States,female,0-19,Other,NA,2000-11-26
NHANES-101046,United States,male,60-79,Other,Some college,1950-02-05
NHANES-101047,United States,male,0-19,Mexican American,NA,1999-11-19
NHANES-101048,United States,male,0-19,Asian,NA,2002-12-13
NHANES-101049,United States,female,40-59,White,Some college,1961-04-06
NHANES-101050,United States,female,0-19,Asian,NA,2008-03-27
NHANES-101051,Other,male,40-59,Asian,College grad,1961-01-25
NHANES-101052,United States,female,40-59,Black,Less than 9th grade,1968-01-04
NHANES-101053,United States,male,0-19,Black,NA,2018-07-23
NHANES-101054,Other,female,0-19,Other Hispanic,NA,1999-11-09
NHANES-101055,United States,female,0-19,Black,NA,2002-08-16
NHANES-101056,United States,male,60-79,Black,High school,1957-04-10
NHANES-101057,United States,male,0-19,Black,NA,2004-10-30
NHANES-101058,United States,female,0-19,White,NA,2009-04-08
NHANES-101059,United States,male,0-19,Other Hispanic,NA,2005-08-26
NHANES-101060,United States,male,60-79,White,Some college,1945-10-28
NHANES-101061,United States,female,20-39,Asian,Some college,1988-12-11
NHANES-101062,Other,male,0-19,Asian,NA,2012-12-07
NHANES-101063,United States,male,80+,Black,College grad,1937-08-28
NHANES-101064,United States,male,20-39,Other,Some college,1989-01-14
NHANES-101065,Other,female,40-59,Mexican American,High school,1974-10-31
NHANES-101066,United States,male,0-19,Black,NA,2013-05-13
NHANES-101067,United States,male,0-19,Black,NA,2001-05-25
NHANES-101068,United States,female,40-59,White,Some college,1962-09-08
NHANES-101069,United States,male,20-39,Black,Some college,1985-04-16
NHANES-101070,United States,female,20-39,Mexican American,Some college,1982-09-02
NHANES-101071,United States,male,0-19,White,NA,2015-02-23
NHANES-101072,United States,male,0-19,Mexican American,NA,2014-07-21
NHANES-101073,Other,male,60-79,Mexican American,Less than 9th grade,1954-11-10
NHANES-101074,United States,male,0-19,Other Hispanic,NA,2012-06-07
NHANES-101075,Other,male,60-79,Mexican American,Some college,1950-01-08
NHANES-101076,United States,female,20-39,Other,High school,1995-06-10
NHANES-101077,United States,male,20-39,White,Some college,1980-10-13
NHANES-101078,United States,male,60-79,Black,Some college,1955-02-24
NHANES-101079,Other,female,40-59,Asian,High school,1966-10-26
NHANES-101080,United States,male,0-19,White,NA,2004-04-07
NHANES-101081,United States,female,0-19,White,NA,2003-06-19
NHANES-101082,United States,female,0-19,White,NA,2013-12-02
NHANES-101083,United States,male,0-19,Asian,NA,2000-08-12
NHANES-101084,United States,female,40-59,White,Some college,1972-01-23
NHANES-101085,United States,male,20-39,Other,Some college,1986-09-23
NHANES-101086,Other,male,20-39,Other,Some college,1985-06-04
NHANES-101087,United States,female,40-59,White,High school,1965-02-19
NHANES-101088,United States,female,80+,White,9-11th grade,1938-01-11
NHANES-101089,United States,female,0-19,Mexican American,NA,1997-04-25
NHANES-101090,United States,female,0-19,Mexican American,NA,2000-01-04
NHANES-101091,United States,female,40-59,Black,Some college,1959-08-16
NHANES-101092,United States,male,0-19,Black,NA,2004-03-09
NHANES-101093,United States,female,60-79,Black,High school,1955-08-14
NHANES-101094,United States,male,0-19,Mexican American,NA,2003-07-26
NHANES-101095,Other,female,40-59,Asian,High school,1960-07-13
NHANES-101096,Other,female,40-59,Other Hispanic,Less than 9th grade,1960-10-02
NHANES-101097,Other,female,20-39,Other Hispanic,Less than 9th grade,1978-05-11
NHANES-101098,United States,female,0-19,White,NA,2013-12-04
NHANES-101099,United States,female,20-39,White,9-11th grade,1994-12-01
NHANES-101100,United States,female,0-19,Black,NA,2006-09-13
NHANES-101101,United States,male,20-39,White,High school,1995-11-22
NHANES-101102,United States,male,80+,White,Some college,1938-04-26
NHANES-101103,United States,female,40-59,Black,College grad,1964-04-03
NHANES-101104,United States,female,0-19,Black,NA,2017-06-25
NHANES-101105,United States,male,0-19,Black,NA,2008-12-22
NHANES-101106,United States,female,40-59,Black,Some college,1967-12-27
NHANES-101107,Other,female,40-59,Mexican American,Less than 9th grade,1974-03-08
NHANES-101108,United States,female,40-59,Other,Some college,1958-01-05
NHANES-101109,United States,female,60-79,Black,Some college,1956-04-25
NHANES-101110,United States,female,0-19,Other,NA,2016-12-24
NHANES-101111,United States,male,20-39,Black,Some college,1995-08-26
NHANES-101112,Other,female,40-59,Asian,High school,1972-07-17
NHANES-101113,United States,female,0-19,White,NA,1998-03-03
NHANES-101114,United States,female,0-19,White,NA,2006-09-02
NHANES-101115,Other,female,20-39,Black,Some college,1981-04-27
NHANES-101116,United States,female,0-19,White,NA,2015-05-31
NHANES-101117,United States,male,0-19,Other Hispanic,NA,2004-07-11
NHANES-101118,Other,male,20-39,Mexican American,Some college,1990-11-23
NHANES-101119,Other,female,40-59,Mexican American,Less than 9th grade,1969-05-18
NHANES-101120,United States,female,80+,White,High school,1936-11-03
NHANES-101121,United States,male,0-19,Black,NA,2017-06-19
NHANES-101122,United States,male,20-39,Black,Some college,1988-05-13
NHANES-101123,United States,female,40-59,White,High school,1958-09-22
NHANES-101124,United States,male,60-79,White,High school,1940-12-04
NHANES-101125,United States,female,20-39,White,High school,1984-04-22
NHANES-101126,United States,male,20-39,White,College grad,1980-12-13
NHANES-101127,United States,male,20-39,Other,College grad,1992-02-16
NHANES-101128,United States,female,0-19,Mexican American,NA,2012-11-19
NHANES-101129,United States,male,0-19,White,NA,2016-03-05
NHANES-101130,Other,female,0-19,Other Hispanic,NA,1998-11-04
NHANES-101131,United States,male,0-19,White,NA,2002-02-26
NHANES-101132,Other,male,20-39,Asian,College grad,1986-04-26
NHANES-101133,United States,male,0-19,Other,NA,2015-08-24
NHANES-101134,United States,female,20-39,White,College grad,1987-02-25
NHANES-101135,United States,female,0-19,Mexican American,NA,2017-05-02
NHANES-101136,United States,male,60-79,White,High school,1941-02-08
NHANES-101137,United States,male,0-19,Other,NA,2012-06-01
NHANES-101138,Other,female,20-39,White,College grad,1984-12-25
NHANES-101139,United States,female,20-39,White,Some college,1984-08-18
NHANES-101140,United States,male,0-19,Black,NA,2008-03-24
NHANES-101141,Other,male,40-59,Mexican American,High school,1963-03-07
NHANES-101142,United States,male,0-19,Black,NA,2007-09-27
NHANES-101143,United States,male,80+,White,Some college,1938-03-23
NHANES-101144,United States,male,0-19,Black,NA,2008-08-09
NHANES-101145,United States,male,0-19,Mexican American,NA,2016-12-15
NHANES-101146,United States,female,0-19,Mexican American,NA,2016-02-23
NHANES-101147,Other,female,40-59,Asian,High school,1959-02-28
NHANES-101148,United States,female,80+,Black,Some college,1937-03-06
NHANES-101149,United States,male,40-59,White,High school,1957-12-07
NHANES-101150,United States,male,0-19,White,NA,2010-02-23
NHANES-101151,United States,female,20-39,Black,Some college,1987-03-05
NHANES-101152,United States,male,0-19,Mexican American,NA,1999-06-05
NHANES-101153,United States,male,40-59,Black,College grad,1974-09-16
NHANES-101154,United States,male,0-19,Mexican American,NA,2016-06-08
NHANES-101155,United States,female,40-59,Black,Less than 9th grade,1964-11-01
NHANES-101156,United States,female,0-19,Asian,NA,2007-02-18
NHANES-101157,United States,female,0-19,Asian,NA,2009-12-16
NHANES-101158,United States,male,0-19,Other,NA,2010-07-06
NHANES-101159,United States,female,0-19,Other,NA,2000-07-31
NHANES-101160,Other,female,40-59,Mexican American,High school,1968-04-24
NHANES-101161,Other,male,0-19,Black,NA,2000-03-29
NHANES-101162,United States,male,60-79,Black,High school,1954-12-23
NHANES-101163,United States,female,60-79,Black,9-11th grade,1958-03-14
NHANES-101164,Other,female,20-39,Asian,College grad,1990-08-15
NHANES-101165,United States,male,0-19,Other Hispanic,NA,2015-05-10
NHANES-101166,Other,female,20-39,White,College grad,1989-04-03
NHANES-101167,United States,male,0-19,White,NA,2018-06-19
NHANES-101168,United States,female,0-19,White,NA,1998-07-27
NHANES-101169,United States,female,40-59,Black,High school,1958-09-06
NHANES-101170,United States,female,0-19,Asian,NA,2016-08-06
NHANES-101171,United States,female,40-59,White,High school,1970-06-20
NHANES-101172,United States,female,20-39,White,College grad,1986-07-10
NHANES-101173,United States,female,60-79,White,Some college,1950-12-26
NHANES-101174,United States,male,20-39,Black,Some college,1982-09-28
NHANES-101175,United States,male,40-59,White,College grad,1962-09-19
NHANES-101176,United States,female,80+,Black,High school,1937-12-04
NHANES-101177,Other,male,60-79,Mexican American,Less than 9th grade,1954-04-19
NHANES-101178,United States,female,0-19,Other,NA,2016-09-25
NHANES-101179,Other,female,60-79,Mexican American,Some college,1956-04-02
NHANES-101180,United States,female,80+,White,Some college,1937-01-20
NHANES-101181,United States,female,40-59,Other Hispanic,College grad,1967-01-03
NHANES-101182,United States,male,40-59,Black,High school,1958-09-07
NHANES-101183,United States,female,80+,White,High school,1937-12-22
NHANES-101184,United States,female,0-19,Black,NA,2008-07-22
NHANES-101185,Other,female,40-59,Asian,Some college,1961-01-22
NHANES-101186,United States,male,20-39,Other Hispanic,Some college,1983-06-21
NHANES-101187,Other,male,20-39,Mexican American,Some college,1985-06-30
NHANES-101188,Other,male,20-39,Other Hispanic,Less than 9th grade,1979-04-04
NHANES-101189,United States,female,0-19,White,NA,2009-04-01
NHANES-101190,Other,male,20-39,Other Hispanic,High school,1996-12-05
NHANES-101191,United States,female,20-39,White,High school,1982-05-20
NHANES-101192,United States,female,0-19,Other Hispanic,NA,2009-12-27
NHANES-101193,United States,male,60-79,Other Hispanic,College grad,1955-04-13
NHANES-101194,United States,female,40-59,White,College grad,1968-11-26
NHANES-101195,United States,female,60-79,White,Some college,1946-01-05
NHANES-101196,United States,female,60-79,Black,Some college,1946-07-07
NHANES-101197,United States,male,0-19,Black,NA,2002-07-18
NHANES-101198,United States,female,0-19,Black,NA,2015-04-18
NHANES-101199,United States,female,60-79,White,College grad,1955-10-31
NHANES-101200,Other,male,60-79,White,Some college,1944-10-23
NHANES-101201,Other,male,40-59,Asian,9-11th grade,1961-03-30
NHANES-101202,United States,male,0-19,Mexican American,NA,2008-04-13
NHANES-101203,United States,male,0-19,White,NA,2003-04-17
NHANES-101204,United States,male,80+,White,Some college,1938-12-18
NHANES-101205,United States,female,0-19,Black,NA,2004-06-17
NHANES-101206,Other,male,20-39,Mexican American,High school,1984-01-10
NHANES-101207,Other,female,60-79,White,Some college,1947-04-28
NHANES-101208,United States,female,0-19,Other Hispanic,NA,2003-11-27
NHANES-101209,Other,female,60-79,Mexican American,Less than 9th grade,1956-06-16
NHANES-101210,United States,female,0-19,White,NA,2017-10-26
NHANES-101211,United States,female,60-79,Black,College grad,1955-10-08
NHANES-101212,Other,female,60-79,Asian,College grad,1955-02-12
NHANES-101213,United States,male,60-79,White,High school,1956-10-16
NHANES-101214,United States,male,20-39,Asian,Some college,1993-09-11
NHANES-101215,United States,male,0-19,Mexican American,NA,2016-02-25
NHANES-101216,United States,female,40-59,Black,High school,1962-02-19
NHANES-101217,Other,male,80+,Other Hispanic,Less than 9th grade,1938-08-15
NHANES-101218,United States,male,60-79,White,Less than 9th grade,1943-03-13
NHANES-101219,United States,female,0-19,White,NA,2010-11-09
NHANES-101220,Other,female,20-39,Asian,Some college,1982-03-12
NHANES-101221,United States,male,40-59,Black,High school,1964-02-16
NHANES-101222,Other,male,40-59,Other,College grad,1970-05-27
NHANES-101223,Other,male,0-19,Mexican American,NA,2016-09-01
NHANES-101224,United States,male,0-19,White,NA,2004-10-09
NHANES-101225,United States,male,0-19,Other Hispanic,NA,2016-02-24
NHANES-101226,Other,male,40-59,Asian,9-11th grade,1973-06-07
NHANES-101227,United States,male,60-79,Black,High school,1956-07-26
NHANES-101228,United States,female,20-39,White,High school,1987-07-13
NHANES-101229,Other,female,20-39,Mexican American,Some college,1980-07-24
NHANES-101230,United States,female,40-59,Black,Some college,1966-03-25
NHANES-101231,United States,female,0-19,White,NA,2002-12-15
NHANES-101232,United States,male,60-79,White,Some college,1951-06-26
NHANES-101233,United States,male,0-19,Mexican American,NA,1999-05-23
NHANES-101234,United States,female,0-19,Other,NA,2007-08-13
NHANES-101235,United States,male,0-19,White,NA,2017-01-25
NHANES-101236,United States,male,20-39,Black,High school,1992-05-03
NHANES-101237,United States,female,0-19,Mexican American,NA,2007-01-30
NHANES-101238,Other,male,20-39,Other Hispanic,Some college,1981-11-18
NHANES-101239,United States,female,80+,White,College grad,1937-10-19
NHANES-101240,United States,female,0-19,Mexican American,NA,2002-04-22
NHANES-101241,United States,male,20-39,Asian,College grad,1990-10-10
NHANES-101242,United States,female,40-59,White,9-11th grade,1959-06-28
NHANES-101243,United States,male,60-79,White,Some college,1954-04-04
NHANES-101244,United States,female,0-19,Black,NA,2001-11-10
NHANES-101245,United States,male,0-19,Other Hispanic,NA,2009-05-11
NHANES-101246,Other,male,40-59,Asian,High school,1962-11-16
NHANES-101247,Other,male,20-39,Asian,College grad,1979-11-26
NHANES-101248,United States,male,40-59,Black,High school,1964-09-08
NHANES-101249,Other,female,60-79,Other Hispanic,Less than 9th grade,1954-05-24
NHANES-101250,United States,female,20-39,White,College grad,1980-06-06
NHANES-101251,United States,female,0-19,Asian,NA,1998-11-11
NHANES-101252,United States,female,20-39,Other,Some college,1985-03-19
NHANES-101253,United States,male,40-59,Black,Some college,1960-09-05
NHANES-101254,United States,female,20-39,Black,College grad,1987-05-18
NHANES-101255,United States,female,60-79,Black,Some college,1954-07-27
NHANES-101256,United States,female,20-39,Black,Some college,1983-08-09
NHANES-101257,United States,female,0-19,White,NA,2012-05-19
NHANES-101258,United States,male,40-59,White,Some college,1972-12-26
NHANES-101259,United States,male,0-19,Asian,NA,2006-04-22
NHANES-101260,United States,female,80+,White,Some college,1938-02-09
NHANES-101261,United States,female,0-19,Other,NA,2013-01-17
NHANES-101262,Other,male,20-39,Mexican American,Some college,1993-06-23
NHANES-101263,United States,male,0-19,White,NA,2002-08-01
NHANES-101264,Other,male,20-39,Asian,College grad,1986-07-15
NHANES-101265,United States,female,40-59,Black,College grad,1969-12-16
NHANES-101266,United States,female,60-79,Black,Some college,1951-06-13
NHANES-101267,United States,female,0-19,Black,NA,2009-12-14
NHANES-101268,United States,male,0-19,White,NA,2015-01-12
NHANES-101269,United States,male,0-19,White,NA,2009-05-15
NHANES-101270,United States,female,0-19,White,NA,2006-03-27
NHANES-101271,United States,male,0-19,White,NA,2012-02-04
NHANES-101272,United States,female,0-19,Mexican American,NA,2007-06-28
NHANES-101273,Other,male,60-79,Other Hispanic,College grad,1950-09-12
NHANES-101274,United States,female,60-79,Black,High school,1951-12-16
NHANES-101275,United States,male,80+,Black,Some college,1937-04-22
NHANES-101276,United States,male,0-19,White,NA,2009-07-22
NHANES-101277,United States,male,60-79,Other,Some college,1943-06-27
NHANES-101278,Other,male,40-59,Asian,High school,1972-12-17
NHANES-101279,United States,male,0-19,Black,NA,2012-10-03
NHANES-101280,United States,female,40-59,White,College grad,1973-02-09
NHANES-101281,Other,female,20-39,Mexican American,9-11th grade,1983-05-23
NHANES-101282,United States,male,60-79,White,High school,1957-08-15
NHANES-101283,United States,female,40-59,Black,College grad,1962-01-19
NHANES-101284,United States,female,60-79,Black,High school,1952-08-29
NHANES-101285,United States,male,20-39,White,High school,1987-01-18
NHANES-101286,United States,female,40-59,Black,High school,1965-05-28
NHANES-101287,Other,female,0-19,Asian,NA,2008-03-27
NHANES-101288,United States,female,60-79,Black,College grad,1955-02-09
NHANES-101289,Other,female,20-39,Mexican American,9-11th grade,1991-01-27
NHANES-101290,United States,male,0-19,Mexican American,NA,2013-05-02
NHANES-101291,United States,female,60-79,Other,Some college,1957-04-15
NHANES-101292,United States,female,0-19,Black,NA,2004-02-12
NHANES-101293,United States,female,20-39,Black,Some college,1995-10-07
NHANES-101294,United States,female,20-39,Black,Some college,1977-04-21
NHANES-101295,United States,male,0-19,Asian,NA,2001-02-11
NHANES-101296,United States,male,0-19,Black,NA,2014-12-19
NHANES-101297,United States,female,0-19,Black,NA,2006-11-17
NHANES-101298,United States,female,60-79,Other,Some college,1958-03-09
NHANES-101299,United States,female,0-19,Mexican American,NA,2006-08-17
NHANES-101300,Other,female,20-39,Other Hispanic,College grad,1982-02-19
NHANES-101301,United States,male,0-19,Black,NA,2017-10-24
NHANES-101302,United States,male,0-19,Other,NA,2000-06-15
NHANES-101303,United States,male,0-19,Mexican American,NA,2014-08-03
NHANES-101304,United States,male,0-19,Other,NA,2006-12-19
NHANES-101305,United States,male,0-19,Other Hispanic,NA,2016-04-01
NHANES-101306,United States,female,0-19,White,NA,2004-03-04
NHANES-101307,United States,female,40-59,Black,High school,1971-10-27
NHANES-101308,United States,female,20-39,White,College grad,1992-10-15
NHANES-101309,United States,male,0-19,Mexican American,NA,2015-05-22
NHANES-101310,United States,male,0-19,White,NA,2001-03-04
NHANES-101311,United States,male,20-39,Asian,Some college,1987-04-01
NHANES-101312,United States,female,80+,White,High school,1937-10-04
NHANES-101313,Other,female,40-59,Black,Some college,1975-12-24
NHANES-101314,United States,male,0-19,Mexican American,NA,2005-03-17
NHANES-101315,United States,male,0-19,White,NA,2002-08-26
NHANES-101316,United States,male,20-39,Asian,Some college,1996-01-14
NHANES-101317,United States,female,0-19,Black,NA,2005-07-15
NHANES-101318,United States,female,0-19,White,NA,1998-05-03
NHANES-101319,United States,male,20-39,Mexican American,Some college,1983-04-11
NHANES-101320,United States,male,80+,White,College grad,1936-08-07
NHANES-101321,United States,female,0-19,White,NA,2018-04-03
NHANES-101322,United States,male,40-59,Asian,Some college,1961-08-20
NHANES-101323,United States,female,60-79,Black,High school,1942-10-20
NHANES-101324,United States,male,20-39,Black,College grad,1981-12-30
NHANES-101325,United States,female,0-19,Black,NA,2010-08-06
NHANES-101326,Other,female,0-19,Asian,NA,2001-03-20
NHANES-101327,United States,female,40-59,White,High school,1965-04-13
NHANES-101328,United States,female,60-79,Other,Some college,1950-01-12
NHANES-101329,United States,female,0-19,White,NA,2002-05-05
NHANES-101330,United States,female,20-39,White,Some college,1995-07-15
NHANES-101331,United States,female,80+,White,High school,1937-11-26
NHANES-101332,United States,male,0-19,Black,NA,2003-04-06
NHANES-101333,Other,female,60-79,Asian,College grad,1947-04-05
NHANES-101334,United States,male,0-19,White,NA,2004-10-10
NHANES-101335,United States,male,80+,Black,Some college,1936-03-14
NHANES-101336,United States,female,60-79,White,Some college,1946-08-23
NHANES-101337,United States,male,0-19,White,NA,2003-11-16
NHANES-101338,United States,male,0-19,Black,NA,2014-08-24
NHANES-101339,Other,male,60-79,Mexican American,Less than 9th grade,1954-12-12
NHANES-101340,United States,male,80+,White,Some college,1936-06-09
NHANES-101341,United States,female,0-19,Black,NA,2010-12-31
NHANES-101342,United States,female,40-59,White,College grad,1976-02-27
NHANES-101343,United States,male,80+,White,College grad,1938-08-14
NHANES-101344,United States,female,0-19,Other,NA,2002-02-04
NHANES-101345,United States,female,20-39,Black,High school,1988-04-24
NHANES-101346,United States,male,0-19,White,NA,2009-04-03
NHANES-101347,United States,female,0-19,Black,NA,2016-06-14
NHANES-101348,Other,female,80+,White,Less than 9th grade,1937-10-18
NHANES-101349,United States,female,60-79,Black,9-11th grade,1948-09-28
NHANES-101350,United States,male,40-59,White,High school,1970-11-13
NHANES-101351,Other,female,60-79,Asian,College grad,1938-01-20
NHANES-101352,United States,male,0-19,White,NA,2001-07-14
NHANES-101353,United States,male,0-19,White,NA,2016-06-07
NHANES-101354,United States,female,0-19,Other Hispanic,NA,2008-03-08
NHANES-101355,United States,male,40-59,Black,High school,1971-01-02
NHANES-101356,United States,female,40-59,White,Some college,1962-09-30
NHANES-101357,United States,female,60-79,Black,Some college,1945-01-28
NHANES-101358,Other,female,20-39,Asian,College grad,1993-07-15
NHANES-101359,Other,female,40-59,Mexican American,9-11th grade,1966-03-29
NHANES-101360,United States,male,40-59,White,Some college,1972-01-13
NHANES-101361,United States,male,0-19,White,NA,2012-10-11
NHANES-101362,United States,female,60-79,White,High school,1943-10-31
NHANES-101363,Other,female,60-79,Other Hispanic,Less than 9th grade,1947-07-17
NHANES-101364,United States,female,0-19,Asian,NA,2007-01-27
NHANES-101365,Other,male,20-39,Asian,Some college,1988-03-13
NHANES-101366,Other,female,40-59,Asian,College grad,1965-04-28
NHANES-101367,United States,female,0-19,White,NA,2017-01-04
NHANES-101368,United States,female,0-19,Black,NA,2013-12-31
NHANES-101369,Other,female,40-59,Black,College grad,1964-04-19
NHANES-101370,United States,female,20-39,Other Hispanic,Some college,1986-03-11
NHANES-101371,United States,female,0-19,Other,NA,2011-11-11
NHANES-101372,Other,female,20-39,Asian,High school,1988-07-14
NHANES-101373,Other,male,0-19,Asian,NA,2008-09-03
NHANES-101374,United States,male,0-19,White,NA,2014-12-01
NHANES-101375,Other,male,40-59,Asian,High school,1963-12-03
NHANES-101376,United States,male,0-19,Other,NA,2004-10-20
NHANES-101377,United States,female,0-19,White,NA,2010-07-20
NHANES-101378,Other,female,20-39,Asian,College grad,1983-10-21
NHANES-101379,United States,male,40-59,Black,High school,1962-02-21
NHANES-101380,United States,male,0-19,Black,NA,2008-02-14
NHANES-101381,United States,male,0-19,Black,NA,2003-02-20
NHANES-101382,United States,female,60-79,White,College grad,1953-04-10
NHANES-101383,United States,male,0-19,Black,NA,2016-11-03
NHANES-101384,United States,male,20-39,Black,Some college,1994-08-29
NHANES-101385,United States,female,20-39,Black,College grad,1988-09-14
NHANES-101386,Other,female,40-59,Other Hispanic,Some college,1967-09-16
NHANES-101387,Other,female,60-79,Asian,College grad,1944-03-22
NHANES-101388,United States,male,0-19,White,NA,2004-03-29
NHANES-101389,United States,male,40-59,Asian,Some college,1974-11-14
NHANES-101390,United States,male,40-59,White,Some college,1976-04-19
NHANES-101391,United States,female,60-79,White,9-11th grade,1943-04-16
NHANES-101392,United States,female,0-19,White,NA,2003-02-23
NHANES-101393,Other,female,80+,Asian,College grad,1937-09-23
NHANES-101394,Other,male,20-39,Asian,Less than 9th grade,1977-06-15
NHANES-101395,United States,male,0-19,White,NA,2004-06-16
NHANES-101396,United States,female,80+,White,Some college,1938-03-04
NHANES-101397,United States,male,20-39,Black,High school,1992-11-29
NHANES-101398,United States,male,60-79,White,Some college,1943-02-03
NHANES-101399,United States,male,40-59,White,Some college,1976-07-10
NHANES-101400,Other,male,40-59,Asian,College grad,1964-01-30
NHANES-101401,Other,male,40-59,Asian,High school,1965-02-24
NHANES-101402,Other,female,60-79,Asian,High school,1943-01-16
NHANES-101403,United States,female,0-19,Mexican American,NA,2006-09-01
NHANES-101404,United States,male,20-39,Black,Some college,1987-04-27
NHANES-101405,United States,female,40-59,Black,Some college,1961-02-11
NHANES-101406,United States,female,0-19,Asian,NA,2016-10-06
NHANES-101407,United States,female,60-79,White,Some college,1951-11-26
NHANES-101408,United States,female,0-19,Mexican American,NA,2014-01-16
NHANES-101409,United States,male,0-19,White,NA,2007-10-11
NHANES-101410,United States,male,0-19,White,NA,2013-10-08
NHANES-101411,United States,female,40-59,Black,College grad,1958-05-04
NHANES-101412,Other,female,20-39,Asian,College grad,1979-02-07
NHANES-101413,United States,male,0-19,Black,NA,2005-08-21
NHANES-101414,United States,female,40-59,Black,Some college,1960-05-28
NHANES-101415,United States,female,20-39,White,Some college,1979-11-18
NHANES-101416,United States,male,40-59,White,Some college,1974-05-07
NHANES-101417,United States,female,0-19,Asian,NA,2007-12-15
NHANES-101418,United States,male,0-19,White,NA,2008-04-09
NHANES-101419,United States,male,0-19,Other,NA,2015-07-24
NHANES-101420,United States,female,0-19,Black,NA,2001-07-25
NHANES-101421,Other,male,40-59,Other,Some college,1959-04-05
NHANES-101422,United States,male,0-19,White,NA,2005-04-23
NHANES-101423,United States,female,60-79,Black,Some college,1956-05-16
NHANES-101424,United States,male,0-19,Mexican American,NA,2011-07-16
NHANES-101425,United States,female,0-19,Black,NA,2010-06-30
NHANES-101426,United States,female,40-59,Black,Some college,1976-06-07
NHANES-101427,United States,female,20-39,White,College grad,1994-06-29
NHANES-101428,United States,female,0-19,Mexican American,NA,2017-04-01
NHANES-101429,United States,female,0-19,Other,NA,2000-11-30
NHANES-101430,Other,female,40-59,Asian,College grad,1975-11-06
NHANES-101431,United States,female,20-39,White,Some college,1979-08-30
NHANES-101432,United States,female,60-79,White,Some college,1943-10-29
NHANES-101433,United States,male,0-19,Other,NA,2013-06-03
NHANES-101434,Other,female,60-79,Asian,College grad,1947-08-16
NHANES-101435,United States,female,0-19,Mexican American,NA,2012-01-27
NHANES-101436,United States,male,60-79,White,Some college,1943-06-29
NHANES-101437,United States,female,0-19,Mexican American,NA,1999-01-21
NHANES-101438,Other,female,40-59,Other Hispanic,College grad,1969-07-21
NHANES-101439,United States,male,20-39,Black,High school,1979-03-13
NHANES-101440,United States,female,0-19,Other Hispanic,NA,2007-09-29
NHANES-101441,United States,female,0-19,Other,NA,2007-04-23
NHANES-101442,United States,female,60-79,White,College grad,1951-05-29
NHANES-101443,United States,male,40-59,Black,College grad,1957-07-02
NHANES-101444,United States,male,60-79,Mexican American,Some college,1953-11-05
NHANES-101445,United States,female,0-19,Mexican American,NA,2016-12-04
NHANES-101446,United States,female,20-39,Other,College grad,1986-05-07
NHANES-101447,United States,female,0-19,White,NA,2004-02-07
NHANES-101448,United States,male,40-59,Other,9-11th grade,1968-02-16
NHANES-101449,United States,female,40-59,Black,Some college,1957-07-09
NHANES-101450,Other,male,20-39,Mexican American,9-11th grade,1979-09-08
NHANES-101451,United States,male,0-19,Mexican American,NA,2002-12-03
NHANES-101452,United States,male,0-19,Other,NA,2015-12-06
NHANES-101453,United States,female,0-19,Black,NA,2016-06-14
NHANES-101454,United States,female,40-59,Mexican American,High school,1962-11-14
NHANES-101455,Other,female,60-79,Other Hispanic,Less than 9th grade,1951-08-10
NHANES-101456,United States,male,0-19,White,NA,2010-07-02
NHANES-101457,United States,female,0-19,Asian,NA,2018-03-23
NHANES-101458,United States,female,60-79,Other Hispanic,Less than 9th grade,1950-05-30
NHANES-101459,Other,male,0-19,White,NA,2001-08-26
NHANES-101460,United States,female,0-19,Black,NA,2012-04-18
NHANES-101461,Other,female,40-59,Mexican American,Less than 9th grade,1958-05-23
NHANES-101462,United States,female,20-39,White,College grad,1993-11-28
NHANES-101463,United States,female,60-79,White,Less than 9th grade,1956-05-26
NHANES-101464,United States,female,40-59,White,College grad,1967-02-25
NHANES-101465,United States,male,0-19,Mexican American,NA,2014-06-09
NHANES-101466,United States,male,60-79,White,College grad,1940-12-16
NHANES-101467,United States,male,20-39,White,Some college,1978-02-21
NHANES-101468,Other,male,60-79,Mexican American,High school,1953-10-15
NHANES-101469,United States,male,20-39,White,College grad,1980-06-17
NHANES-101470,United States,female,40-59,White,Some college,1961-03-31
NHANES-101471,United States,male,0-19,Asian,NA,2008-10-27
NHANES-101472,Other,female,40-59,Asian,College grad,1967-03-17
NHANES-101473,United States,female,0-19,Mexican American,NA,2005-11-17
NHANES-101474,United States,male,0-19,White,NA,2005-10-14
NHANES-101475,Other,female,40-59,Mexican American,Less than 9th grade,1966-11-05
NHANES-101476,United States,female,0-19,Black,NA,2014-06-23
NHANES-101477,United States,male,0-19,White,NA,2007-09-17
NHANES-101478,Other,male,60-79,Other Hispanic,High school,1956-12-13
NHANES-101479,United States,female,60-79,White,Some college,1945-02-02
NHANES-101480,Other,male,60-79,Asian,College grad,1954-10-18
NHANES-101481,United States,female,20-39,White,Some college,1987-10-13
NHANES-101482,United States,female,0-19,Asian,NA,2002-01-11
NHANES-101483,Other,male,60-79,Asian,College grad,1946-12-06
NHANES-101484,United States,male,40-59,White,College grad,1967-09-11
NHANES-101485,United States,female,0-19,Mexican American,NA,2002-05-07
NHANES-101486,Other,female,60-79,Asian,Less than 9th grade,1958-04-11
NHANES-101487,Other,male,60-79,Other Hispanic,Less than 9th grade,1944-07-03
NHANES-101488,Other,female,60-79,Other Hispanic,Some college,1954-04-14
NHANES-101489,Other,female,40-59,Asian,College grad,1967-01-08
NHANES-101490,Other,female,60-79,White,Some college,1939-07-29
NHANES-101491,United States,female,0-19,Asian,NA,2006-03-22
NHANES-101492,United States,male,0-19,Black,NA,2010-03-07
NHANES-101493,Other,female,20-39,Mexican American,9-11th grade,1982-12-22
NHANES-101494,United States,female,0-19,White,NA,2005-08-20
NHANES-101495,United States,female,0-19,Black,NA,2017-02-25
NHANES-101496,United States,male,0-19,Mexican American,NA,2006-09-27
NHANES-101497,United States,male,0-19,White,NA,2003-04-18
NHANES-101498,United States,male,60-79,Other Hispanic,High school,1945-07-26
NHANES-101499,United States,male,0-19,White,NA,2008-07-08
NHANES-101500,United States,female,60-79,White,Some college,1950-06-27
NHANES-101501,United States,female,20-39,Asian,College grad,1987-02-04
NHANES-101502,United States,male,60-79,White,Some college,1949-11-21
NHANES-101503,United States,female,0-19,Black,NA,2007-10-01
NHANES-101504,United States,female,0-19,Black,NA,1999-10-30
NHANES-101505,United States,female,60-79,Other,High school,1954-07-23
NHANES-101506,United States,female,0-19,Black,NA,2000-03-29
NHANES-101507,United States,female,0-19,Mexican American,NA,2014-10-10
NHANES-101508,Other,female,60-79,Other Hispanic,Less than 9th grade,1957-02-01
NHANES-101509,United States,male,0-19,White,NA,2005-03-08
NHANES-101510,United States,male,60-79,Other Hispanic,Some college,1952-09-10
NHANES-101511,United States,female,0-19,Black,NA,2007-10-02
NHANES-101512,United States,male,0-19,White,NA,2011-09-16
NHANES-101513,United States,male,20-39,White,High school,1982-11-14
NHANES-101514,Other,female,0-19,Asian,NA,2014-07-03
NHANES-101515,Other,male,40-59,Other Hispanic,Some college,1966-01-18
NHANES-101516,United States,female,20-39,White,College grad,1988-02-26
NHANES-101517,United States,female,20-39,Other Hispanic,College grad,1983-08-19
NHANES-101518,United States,female,80+,White,9-11th grade,1938-02-07
NHANES-101519,United States,male,0-19,Mexican American,NA,2008-11-28
NHANES-101520,Other,male,40-59,Mexican American,High school,1965-04-15
NHANES-101521,Other,male,40-59,Other Hispanic,Less than 9th grade,1975-08-06
NHANES-101522,United States,male,60-79,White,College grad,1941-06-21
NHANES-101523,United States,male,60-79,Black,9-11th grade,1953-12-01
NHANES-101524,United States,female,0-19,Other,NA,2006-10-29
NHANES-101525,Other,female,40-59,Asian,College grad,1977-09-03
NHANES-101526,United States,male,0-19,Black,NA,2006-11-02
NHANES-101527,Other,male,60-79,Mexican American,Some college,1957-08-20
NHANES-101528,Other,male,40-59,Asian,College grad,1976-03-12
NHANES-101529,Other,male,0-19,Other Hispanic,NA,2008-11-03
NHANES-101530,Other,male,40-59,Other Hispanic,Some college,1966-07-26
NHANES-101531,United States,female,80+,Black,Some college,1937-09-28
NHANES-101532,United States,female,0-19,Mexican American,NA,2018-08-11
NHANES-101533,United States,female,0-19,White,NA,2008-08-14
NHANES-101534,United States,male,0-19,White,NA,2008-07-31
NHANES-101535,United States,male,80+,White,9-11th grade,1937-02-28
NHANES-101536,United States,female,0-19,White,NA,2007-11-24
NHANES-101537,Other,male,20-39,White,College grad,1985-02-04
NHANES-101538,United States,female,0-19,Black,NA,2008-01-26
NHANES-101539,United States,male,0-19,Asian,NA,2009-09-23
NHANES-101540,United States,female,20-39,Black,High school,1994-03-13
NHANES-101541,United States,male,60-79,White,Some college,1954-05-28
NHANES-101542,Other,male,40-59,Asian,Some college,1970-02-06
NHANES-101543,United States,male,0-19,Other,NA,2014-06-26
NHANES-101544,United States,female,40-59,White,Some college,1973-11-29
NHANES-101545,United States,male,20-39,White,Some college,1994-11-27
NHANES-101546,United States,male,60-79,Black,9-11th grade,1957-02-13
NHANES-101547,United States,female,40-59,White,Some college,1974-11-13
NHANES-101548,United States,female,60-79,White,Some college,1941-04-26
NHANES-101549,Other,female,40-59,Asian,College grad,1975-04-20
NHANES-101550,United States,male,40-59,Black,College grad,1964-06-16
NHANES-101551,United States,female,20-39,White,Some college,1982-07-01
NHANES-101552,United States,male,20-39,Black,High school,1983-04-23
NHANES-101553,United States,female,0-19,Black,NA,2017-08-31
NHANES-101554,United States,male,0-19,Black,NA,2017-08-19
NHANES-101555,United States,male,0-19,Other,NA,2001-04-05
NHANES-101556,Other,male,20-39,Asian,High school,1979-07-13
NHANES-101557,United States,male,0-19,Other Hispanic,NA,2006-06-12
NHANES-101558,Other,male,40-59,Other Hispanic,Less than 9th grade,1964-05-27
NHANES-101559,Other,male,20-39,Mexican American,Less than 9th grade,1989-10-26
NHANES-101560,United States,male,20-39,Black,High school,1992-05-05
NHANES-101561,United States,male,0-19,White,NA,2002-05-28
NHANES-101562,United States,female,60-79,Mexican American,Some college,1954-04-21
NHANES-101563,United States,male,20-39,Black,High school,1995-09-28
NHANES-101564,United States,male,20-39,Asian,College grad,1995-04-29
NHANES-101565,United States,male,40-59,Black,Some college,1972-02-13
NHANES-101566,United States,female,20-39,White,Some college,1998-06-22
NHANES-101567,United States,female,0-19,Mexican American,NA,2010-05-14
NHANES-101568,Other,male,0-19,Mexican American,NA,2003-03-09
NHANES-101569,United States,male,0-19,White,NA,2015-08-07
NHANES-101570,Other,female,20-39,Black,College grad,1987-08-23
NHANES-101571,United States,male,60-79,Black,Some college,1946-03-15
NHANES-101572,United States,male,60-79,Mexican American,High school,1958-03-29
NHANES-101573,United States,female,0-19,White,NA,2014-10-13
NHANES-101574,United States,female,20-39,Black,Some college,1994-09-02
NHANES-101575,Other,female,60-79,Asian,Some college,1958-05-27
NHANES-101576,United States,female,0-19,Mexican American,NA,2013-09-19
NHANES-101577,Other,female,40-59,Asian,Less than 9th grade,1964-04-15
NHANES-101578,United States,female,40-59,Asian,College grad,1961-12-26
NHANES-101579,Other,male,60-79,Mexican American,College grad,1947-07-06
NHANES-101580,Other,male,60-79,Black,College grad,1955-12-31
NHANES-101581,United States,male,60-79,Black,9-11th grade,1955-07-31
NHANES-101582,United States,male,0-19,Black,NA,2003-01-21
NHANES-101583,United States,female,0-19,Mexican American,NA,2000-12-18
NHANES-101584,Other,female,40-59,Asian,College grad,1962-03-31
NHANES-101585,United States,female,0-19,Other,NA,2000-05-16
NHANES-101586,United States,female,0-19,White,NA,2017-02-21
NHANES-101587,Other,female,60-79,Black,College grad,1942-03-28
NHANES-101588,Other,female,20-39,Other Hispanic,High school,1994-01-02
NHANES-101589,United States,male,60-79,Black,College grad,1953-05-26
NHANES-101590,United States,male,20-39,Mexican American,High school,1992-05-20
NHANES-101591,United States,male,0-19,Other Hispanic,NA,2009-04-04
NHANES-101592,United States,male,0-19,Black,NA,2015-12-20
NHANES-101593,Other,female,40-59,Asian,Less than 9th grade,1967-10-24
NHANES-101594,United States,female,40-59,White,Some college,1974-02-12
NHANES-101595,United States,male,0-19,Other Hispanic,NA,1998-09-26
NHANES-101596,United States,female,40-59,Black,College grad,1973-12-27
NHANES-101597,United States,female,60-79,White,High school,1940-07-29
NHANES-101598,United States,male,0-19,White,NA,2011-05-26
NHANES-101599,United States,male,20-39,White,Some college,1994-11-13
NHANES-101600,United States,female,0-19,Asian,NA,2011-10-05
NHANES-101601,United States,male,60-79,White,Some college,1955-10-11
NHANES-101602,United States,female,0-19,White,NA,2018-04-24
NHANES-101603,United States,female,0-19,Asian,NA,2010-10-02
NHANES-101604,United States,male,20-39,Black,9-11th grade,1996-04-01
NHANES-101605,United States,male,60-79,White,Some college,1950-10-29
NHANES-101606,Other,male,40-59,Other Hispanic,Less than 9th grade,1959-09-11
NHANES-101607,United States,female,0-19,Other,NA,2005-11-19
NHANES-101608,United States,male,60-79,Black,Some college,1954-03-21
NHANES-101609,Other,male,20-39,Asian,Some college,1996-11-30
NHANES-101610,United States,female,0-19,Asian,NA,2015-10-12
NHANES-101611,United States,male,0-19,Black,NA,2015-04-21
NHANES-101612,United States,male,60-79,Black,High school,1942-12-18
NHANES-101613,Other,male,40-59,Black,9-11th grade,1964-10-29
NHANES-101614,United States,female,0-19,Black,NA,2005-12-24
NHANES-101615,United States,female,0-19,Black,NA,2001-01-28
NHANES-101616,United States,male,40-59,Other,Some college,1961-01-23
NHANES-101617,United States,male,0-19,Other,NA,2011-02-18
NHANES-101618,United States,male,0-19,White,NA,2009-09-30
NHANES-101619,United States,female,0-19,Black,NA,2004-10-20
NHANES-101620,Other,female,20-39,Asian,Some college,1988-09-05
NHANES-101621,United States,male,80+,White,Less than 9th grade,1936-09-08
NHANES-101622,United States,female,0-19,White,NA,2011-05-26
NHANES-101623,Other,male,60-79,Asian,College grad,1955-06-17
NHANES-101624,United States,male,0-19,White,NA,2017-04-29
NHANES-101625,United States,male,20-39,Black,High school,1996-12-22
NHANES-101626,United States,female,40-59,White,College grad,1963-07-05
NHANES-101627,United States,female,60-79,Black,Some college,1941-07-14
NHANES-101628,United States,female,0-19,Black,NA,2001-04-04
NHANES-101629,United States,male,0-19,Mexican American,NA,2005-09-23
NHANES-101630,United States,male,0-19,White,NA,2004-08-17
NHANES-101631,United States,female,60-79,White,High school,1945-08-09
NHANES-101632,United States,male,0-19,Mexican American,NA,2010-12-16
NHANES-101633,United States,female,0-19,Mexican American,NA,2010-09-27
NHANES-101634,Other,male,80+,Asian,Less than 9th grade,1938-05-29
NHANES-101635,United States,female,60-79,White,High school,1955-05-23
NHANES-101636,Other,female,60-79,Mexican American,Less than 9th grade,1949-05-31
NHANES-101637,United States,male,0-19,Other Hispanic,NA,2017-01-01
NHANES-101638,United States,male,40-59,White,College grad,1958-11-10
NHANES-101639,United States,male,0-19,Black,NA,2002-10-23
NHANES-101640,United States,female,40-59,Other,College grad,1963-02-25
NHANES-101641,United States,female,0-19,White,NA,2016-05-17
NHANES-101642,Other,female,40-59,Black,Some college,1963-11-30
NHANES-101643,United States,male,0-19,Black,NA,2015-01-13
NHANES-101644,United States,male,0-19,Other,NA,2009-09-22
NHANES-101645,United States,male,60-79,White,High school,1950-03-29
NHANES-101646,United States,male,0-19,Black,NA,2003-09-02
NHANES-101647,Other,female,40-59,Mexican American,College grad,1959-05-30
NHANES-101648,Other,male,0-19,Asian,NA,2000-11-06
NHANES-101649,United States,female,40-59,White,College grad,1978-03-06
NHANES-101650,United States,female,60-79,Mexican American,9-11th grade,1942-11-12
NHANES-101651,United States,male,0-19,White,NA,2014-07-06
NHANES-101652,United States,male,20-39,White,High school,1998-01-08
NHANES-101653,United States,female,60-79,Black,Less than 9th grade,1947-12-16
NHANES-101654,United States,male,60-79,White,Some college,1945-10-02
NHANES-101655,United States,male,20-39,Black,9-11th grade,1998-05-30
NHANES-101656,Other,female,60-79,Other Hispanic,College grad,1958-04-21
NHANES-101657,United States,male,20-39,White,9-11th grade,1988-05-23
NHANES-101658,United States,male,20-39,White,Some college,1987-03-14
NHANES-101659,United States,female,20-39,Other Hispanic,Some college,1980-12-03
NHANES-101660,Other,male,60-79,Black,Some college,1953-01-23
NHANES-101661,Other,female,60-79,Other Hispanic,Some college,1956-10-28
NHANES-101662,United States,male,40-59,White,College grad,1960-01-08
NHANES-101663,United States,female,0-19,White,NA,2013-10-12
NHANES-101664,United States,female,40-59,White,High school,1970-11-25
NHANES-101665,United States,female,0-19,Asian,NA,2008-06-23
NHANES-101666,United States,male,60-79,Black,College grad,1954-05-23
NHANES-101667,Other,female,60-79,Other Hispanic,9-11th grade,1952-06-22
NHANES-101668,Other,male,20-39,Asian,College grad,1979-04-02
NHANES-101669,United States,female,20-39,White,9-11th grade,1988-12-28
NHANES-101670,Other,female,20-39,Asian,College grad,1981-12-31
NHANES-101671,United States,female,40-59,Black,College grad,1962-04-17
NHANES-101672,United States,male,0-19,White,NA,2014-08-01
NHANES-101673,United States,female,0-19,White,NA,2005-05-06
NHANES-101674,United States,female,0-19,Other,NA,2001-12-24
NHANES-101675,Other,female,40-59,Other Hispanic,High school,1963-01-01
NHANES-101676,Other,male,40-59,Asian,High school,1961-09-04
NHANES-101677,United States,male,20-39,White,Some college,1991-05-18
NHANES-101678,United States,male,0-19,Mexican American,NA,2004-06-09
NHANES-101679,United States,female,60-79,Other Hispanic,High school,1955-06-17
NHANES-101680,United States,male,0-19,Black,NA,2017-11-21
NHANES-101681,United States,female,20-39,Black,Some college,1986-08-21
NHANES-101682,United States,female,40-59,White,Some college,1971-08-04
NHANES-101683,United States,female,60-79,White,Some college,1944-01-28
NHANES-101684,United States,male,0-19,Other Hispanic,NA,2018-04-01
NHANES-101685,United States,male,80+,Black,High school,1938-03-21
NHANES-101686,United States,male,0-19,Black,NA,2015-02-17
NHANES-101687,United States,female,60-79,Black,Some college,1942-06-05
NHANES-101688,United States,female,20-39,White,High school,1998-01-26
NHANES-101689,United States,male,80+,White,9-11th grade,1937-09-25
NHANES-101690,United States,male,60-79,White,High school,1939-10-26
NHANES-101691,United States,male,0-19,Black,NA,2015-02-10
NHANES-101692,United States,female,60-79,White,College grad,1958-04-14
NHANES-101693,United States,female,20-39,White,College grad,1989-03-09
NHANES-101694,Other,male,60-79,Other Hispanic,Less than 9th grade,1954-03-26
NHANES-101695,United States,female,40-59,Other,Some college,1972-01-09
NHANES-101696,United States,female,60-79,Black,9-11th grade,1940-07-20
NHANES-101697,United States,female,60-79,White,Some college,1957-08-27
NHANES-101698,United States,female,40-59,Mexican American,Some college,1959-11-08
NHANES-101699,United States,male,0-19,White,NA,2017-11-04
NHANES-101700,United States,female,80+,White,High school,1936-04-02
NHANES-101701,Other,female,20-39,Other Hispanic,College grad,1992-04-30
NHANES-101702,United States,female,80+,White,High school,1937-11-28
NHANES-101703,United States,male,0-19,Other,NA,2006-11-13
NHANES-101704,United States,male,80+,Black,Less than 9th grade,1936-11-22
NHANES-101705,United States,female,60-79,White,9-11th grade,1957-10-24
NHANES-101706,United States,female,0-19,Mexican American,NA,2013-03-16
NHANES-101707,United States,female,60-79,White,High school,1939-02-03
NHANES-101708,United States,male,80+,White,9-11th grade,1938-04-15
NHANES-101709,United States,female,20-39,Other Hispanic,Some college,1994-10-28
NHANES-101710,United States,female,80+,White,College grad,1938-03-20
NHANES-101711,Other,male,40-59,Mexican American,Less than 9th grade,1974-08-16
NHANES-101712,United States,female,0-19,Other,NA,2016-12-03
NHANES-101713,United States,female,0-19,Other Hispanic,NA,2018-04-18
NHANES-101714,United States,male,20-39,Black,College grad,1981-06-14
NHANES-101715,United States,male,0-19,White,NA,2007-12-11
NHANES-101716,Other,female,20-39,Mexican American,Some college,1984-09-27
NHANES-101717,United States,male,0-19,Mexican American,NA,2000-11-04
NHANES-101718,United States,female,20-39,White,Some college,1979-08-03
NHANES-101719,United States,male,0-19,White,NA,2003-06-06
NHANES-101720,United States,male,0-19,Mexican American,NA,2007-02-04
NHANES-101721,United States,male,20-39,Asian,9-11th grade,1988-08-05
NHANES-101722,Other,male,60-79,Mexican American,Less than 9th grade,1945-02-13
NHANES-101723,United States,female,60-79,White,Some college,1948-10-07
NHANES-101724,United States,male,60-79,Black,Some college,1956-07-17
NHANES-101725,Other,female,40-59,Asian,College grad,1957-03-24
NHANES-101726,Other,male,60-79,Asian,High school,1956-01-05
NHANES-101727,United States,male,20-39,Other Hispanic,Some college,1980-01-11
NHANES-101728,United States,male,60-79,Black,College grad,1951-12-12
NHANES-101729,United States,male,60-79,Black,9-11th grade,1950-02-14
NHANES-101730,United States,male,60-79,White,High school,1945-04-16
NHANES-101731,Other,male,40-59,Mexican American,High school,1972-01-01
NHANES-101732,United States,male,20-39,White,College grad,1979-08-13
NHANES-101733,United States,female,20-39,Other,Some college,1993-10-07
NHANES-101734,United States,female,0-19,White,NA,2001-04-16
NHANES-101735,United States,female,0-19,Other Hispanic,NA,2013-09-10
NHANES-101736,United States,male,20-39,White,High school,1989-08-27
NHANES-101737,United States,male,40-59,White,High school,1960-02-02
NHANES-101738,United States,female,0-19,White,NA,2016-06-03
NHANES-101739,United States,male,0-19,Other Hispanic,NA,2009-12-23
NHANES-101740,United States,female,40-59,Black,Some college,1958-08-25
NHANES-101741,United States,female,0-19,Asian,NA,2012-05-01
NHANES-101742,United States,male,20-39,White,College grad,1980-03-28
NHANES-101743,Other,male,60-79,Other Hispanic,9-11th grade,1943-04-30
NHANES-101744,United States,male,20-39,White,High school,1992-02-08
NHANES-101745,United States,male,0-19,Other,NA,1998-10-26
NHANES-101746,United States,female,0-19,Other Hispanic,NA,2014-09-11
NHANES-101747,United States,female,0-19,White,NA,2009-11-03
NHANES-101748,United States,male,0-19,White,NA,2009-08-20
NHANES-101749,United States,male,0-19,Mexican American,NA,2013-08-05
NHANES-101750,United States,female,60-79,White,College grad,1945-08-13
NHANES-101751,United States,male,0-19,White,NA,2004-03-26
NHANES-101752,United States,female,0-19,Other Hispanic,NA,2016-04-21
NHANES-101753,Other,male,40-59,Asian,College grad,1971-07-03
NHANES-101754,Other,male,40-59,Other Hispanic,Less than 9th grade,1960-11-08
NHANES-101755,Other,female,60-79,Other,Some college,1952-10-11
NHANES-101756,United States,female,60-79,Black,High school,1956-02-27
NHANES-101757,United States,male,0-19,Black,NA,2006-11-19
NHANES-101758,Other,male,20-39,White,College grad,1980-12-03
NHANES-101759,United States,female,0-19,White,NA,2016-08-31
NHANES-101760,Other,female,20-39,Asian,College grad,1985-06-26
NHANES-101761,United States,male,40-59,Other,9-11th grade,1973-07-28
NHANES-101762,United States,female,80+,White,Some college,1938-05-10
NHANES-101763,United States,female,40-59,White,Some college,1962-07-26
NHANES-101764,United States,male,40-59,Black,Some college,1968-07-26
NHANES-101765,United States,female,20-39,Black,9-11th grade,1985-07-24
NHANES-101766,Other,female,40-59,Asian,College grad,1962-02-02
NHANES-101767,United States,male,0-19,Mexican American,NA,2015-04-24
NHANES-101768,United States,male,20-39,White,College grad,1993-04-20
NHANES-101769,United States,female,0-19,White,NA,2007-02-09
NHANES-101770,United States,female,80+,White,High school,1937-12-15
NHANES-101771,Other,male,80+,Other Hispanic,NA,1938-01-05
NHANES-101772,United States,male,60-79,Black,High school,1940-11-13
NHANES-101773,United States,male,0-19,Black,NA,2010-05-16
NHANES-101774,United States,male,20-39,White,Some college,1989-10-17
NHANES-101775,Other,male,20-39,Asian,College grad,1982-06-01
NHANES-101776,United States,male,0-19,Mexican American,NA,2016-09-27
NHANES-101777,Other,male,60-79,Black,High school,1953-11-01
NHANES-101778,Other,female,60-79,Asian,College grad,1954-01-26
NHANES-101779,United States,female,40-59,White,High school,1963-11-01
NHANES-101780,United States,female,60-79,White,Some college,1951-08-13
NHANES-101781,Other,male,40-59,Other Hispanic,High school,1962-03-04
NHANES-101782,United States,female,40-59,Black,Some college,1964-02-20
NHANES-101783,United States,male,40-59,White,Less than 9th grade,1966-04-25
NHANES-101784,United States,male,20-39,Asian,College grad,1980-05-01
NHANES-101785,Other,female,60-79,White,Some college,1939-10-09
NHANES-101786,United States,male,40-59,White,Some college,1964-02-03
NHANES-101787,United States,male,20-39,Black,Some college,1986-04-22
NHANES-101788,United States,male,0-19,Black,NA,2001-07-22
NHANES-101789,United States,male,0-19,Black,NA,2012-02-16
NHANES-101790,United States,female,20-39,Black,High school,1995-07-12
NHANES-101791,United States,female,0-19,White,NA,2016-11-18
NHANES-101792,United States,male,0-19,White,NA,2009-07-18
NHANES-101793,United States,male,40-59,Other Hispanic,College grad,1960-10-10
NHANES-101794,United States,male,60-79,Mexican American,NA,1953-12-04
NHANES-101795,Other,female,40-59,Mexican American,High school,1976-05-11
NHANES-101796,United States,female,0-19,Mexican American,NA,2005-05-19
NHANES-101797,United States,male,0-19,White,NA,2017-09-11
NHANES-101798,United States,male,0-19,White,NA,2008-12-08
NHANES-101799,United States,female,20-39,White,College grad,1988-10-31
NHANES-101800,United States,male,0-19,Black,NA,2010-11-17
NHANES-101801,United States,female,0-19,Asian,NA,2005-09-11
NHANES-101802,United States,female,40-59,Other,College grad,1960-06-08
NHANES-101803,United States,female,0-19,Mexican American,NA,2014-02-18
NHANES-101804,United States,male,0-19,Black,NA,2008-12-31
NHANES-101805,United States,female,80+,White,College grad,1938-02-03
NHANES-101806,Other,female,0-19,Mexican American,NA,2001-11-14
NHANES-101807,Other,female,60-79,Asian,Less than 9th grade,1939-07-08
NHANES-101808,United States,male,0-19,Other,NA,2006-10-30
NHANES-101809,United States,male,60-79,White,Some college,1955-12-08
NHANES-101810,United States,male,0-19,Mexican American,NA,2009-07-01
NHANES-101811,Other,male,60-79,Other Hispanic,Some college,1947-05-02
NHANES-101812,United States,male,0-19,Black,NA,2010-06-27
NHANES-101813,United States,male,0-19,Black,NA,2003-01-02
NHANES-101814,United States,female,20-39,White,Some college,1991-11-05
NHANES-101815,United States,female,0-19,Other,NA,2011-12-03
NHANES-101816,United States,female,0-19,Black,NA,2017-06-10
NHANES-101817,United States,male,60-79,White,High school,1945-09-26
NHANES-101818,United States,male,0-19,White,NA,1998-12-18
NHANES-101819,United States,male,0-19,Other,NA,2010-05-09
NHANES-101820,United States,male,0-19,Mexican American,NA,2009-02-20
NHANES-101821,Other,female,40-59,Other Hispanic,College grad,1965-10-08
NHANES-101822,United States,male,40-59,White,9-11th grade,1976-12-26
NHANES-101823,United States,male,60-79,Black,High school,1950-06-23
NHANES-101824,United States,female,60-79,Black,Less than 9th grade,1953-10-21
NHANES-101825,United States,male,0-19,White,NA,2002-04-06
NHANES-101826,United States,male,0-19,Black,NA,2002-11-24
NHANES-101827,United States,male,0-19,Asian,NA,2014-03-12
NHANES-101828,Other,female,20-39,Asian,High school,1986-12-01
NHANES-101829,United States,male,60-79,White,High school,1955-02-03
NHANES-101830,United States,female,40-59,Black,Some college,1972-03-19
NHANES-101831,United States,female,0-19,White,NA,2015-08-22
NHANES-101832,United States,female,40-59,White,Some college,1957-11-19
NHANES-101833,Other,male,0-19,Other Hispanic,NA,2009-08-20
NHANES-101834,United States,female,60-79,Black,College grad,1950-11-24
NHANES-101835,United States,male,0-19,Black,NA,2007-08-16
NHANES-101836,Other,female,0-19,Mexican American,NA,2003-09-24
NHANES-101837,Other,female,60-79,Mexican American,Less than 9th grade,1946-03-08
NHANES-101838,United States,female,20-39,White,Some college,1986-06-16
NHANES-101839,United States,female,60-79,Other,High school,1943-04-29
NHANES-101840,United States,male,60-79,White,High school,1944-04-29
NHANES-101841,Other,male,40-59,Black,College grad,1970-01-03
NHANES-101842,Other,female,20-39,Asian,9-11th grade,1986-11-05
NHANES-101843,United States,female,60-79,White,High school,1939-12-17
NHANES-101844,Other,female,20-39,Asian,Some college,1996-09-30
NHANES-101845,United States,female,20-39,Other,9-11th grade,1980-04-12
NHANES-101846,United States,male,40-59,White,High school,1965-06-20
NHANES-101847,Other,female,60-79,Black,Some college,1953-06-23
NHANES-101848,Other,female,40-59,Mexican American,High school,1961-09-18
NHANES-101849,United States,female,0-19,Mexican American,NA,2017-01-12
NHANES-101850,United States,male,20-39,Mexican American,Some college,1989-04-12
NHANES-101851,Other,male,40-59,Other Hispanic,Less than 9th grade,1978-01-22
NHANES-101852,Other,male,20-39,Asian,Some college,1984-10-05
NHANES-101853,Other,male,20-39,Mexican American,High school,1986-07-18
NHANES-101854,United States,male,0-19,Other,NA,2016-08-08
NHANES-101855,United States,female,0-19,Black,NA,2006-10-24
NHANES-101856,Other,female,60-79,Asian,Less than 9th grade,1948-03-05
NHANES-101857,United States,female,0-19,Asian,NA,2010-02-28
NHANES-101858,United States,male,0-19,Black,NA,2003-11-18
NHANES-101859,United States,female,60-79,Other,Some college,1953-08-10
NHANES-101860,Other,female,60-79,Asian,Less than 9th grade,1940-12-27
NHANES-101861,United States,female,40-59,White,Some college,1967-10-01
NHANES-101862,Other,male,20-39,Mexican American,9-11th grade,1979-08-17
NHANES-101863,United States,male,0-19,Asian,NA,2004-07-06
NHANES-101864,Other,female,60-79,Asian,Some college,1946-08-15
NHANES-101865,United States,female,40-59,Black,Some college,1964-07-15
NHANES-101866,United States,male,40-59,Black,9-11th grade,1965-09-06
NHANES-101867,United States,female,20-39,Other Hispanic,Some college,1995-06-30
NHANES-101868,United States,male,0-19,Mexican American,NA,2003-04-03
NHANES-101869,United States,male,0-19,Mexican American,NA,2000-12-30
NHANES-101870,United States,female,60-79,White,College grad,1951-10-18
NHANES-101871,United States,female,20-39,White,9-11th grade,1981-04-09
NHANES-101872,United States,male,0-19,White,NA,2009-09-24
NHANES-101873,United States,male,0-19,Other,NA,2009-08-30
NHANES-101874,United States,female,60-79,Asian,College grad,1954-01-02
NHANES-101875,Other,female,40-59,Asian,College grad,1968-08-20
NHANES-101876,United States,female,20-39,Black,College grad,1979-05-08
NHANES-101877,United States,female,0-19,White,NA,2016-03-20
NHANES-101878,United States,female,40-59,Other Hispanic,Less than 9th grade,1967-11-29
NHANES-101879,United States,female,40-59,Mexican American,Some college,1961-10-22
NHANES-101880,United States,male,20-39,Other,Some college,1995-10-23
NHANES-101881,United States,male,0-19,Black,NA,2016-09-19
NHANES-101882,United States,female,40-59,Black,High school,1965-06-06
NHANES-101883,United States,male,60-79,White,Some college,1941-08-02
NHANES-101884,United States,male,60-79,White,High school,1948-01-13
NHANES-101885,Other,female,40-59,White,College grad,1975-04-25
NHANES-101886,Other,female,20-39,Asian,College grad,1987-02-02
NHANES-101887,United States,male,0-19,Mexican American,NA,2012-01-24
NHANES-101888,United States,male,60-79,Other Hispanic,High school,1957-03-04
NHANES-101889,United States,female,0-19,White,NA,2011-08-15
NHANES-101890,United States,male,0-19,Mexican American,NA,2008-04-30
NHANES-101891,United States,female,60-79,Black,9-11th grade,1941-08-29
NHANES-101892,United States,male,0-19,Black,NA,2012-05-29
NHANES-101893,United States,male,20-39,Mexican American,High school,1994-04-18
NHANES-101894,United States,female,40-59,Other,College grad,1970-06-21
NHANES-101895,Other,female,60-79,Other Hispanic,College grad,1938-04-09
NHANES-101896,United States,female,20-39,White,High school,1990-05-22
NHANES-101897,United States,female,0-19,White,NA,2018-04-11
NHANES-101898,United States,female,0-19,Asian,NA,2004-07-22
NHANES-101899,United States,male,20-39,Black,Some college,1982-02-26
NHANES-101900,United States,female,0-19,Black,NA,2011-06-20
NHANES-101901,United States,female,20-39,Black,High school,1992-09-11
NHANES-101902,United States,male,0-19,White,NA,2008-01-21
NHANES-101903,United States,female,20-39,Mexican American,High school,1984-04-02
NHANES-101904,United States,female,20-39,Black,Some college,1983-12-07
NHANES-101905,United States,male,60-79,Black,College grad,1947-11-11
NHANES-101906,United States,male,0-19,White,NA,2017-03-04
NHANES-101907,United States,female,0-19,Black,NA,2003-12-22
NHANES-101908,United States,female,0-19,Other,NA,2017-05-12
NHANES-101909,United States,male,0-19,White,NA,2018-03-27
NHANES-101910,United States,female,80+,White,High school,1936-09-23
NHANES-101911,United States,female,20-39,Black,High school,1994-09-06
NHANES-101912,Other,female,20-39,Asian,Some college,1986-01-22
NHANES-101913,United States,female,0-19,White,NA,2004-05-21
NHANES-101914,United States,female,0-19,White,NA,2011-05-17
NHANES-101915,Other,female,60-79,White,High school,1948-03-30
NHANES-101916,United States,male,0-19,Mexican American,NA,2017-01-28
NHANES-101917,United States,male,60-79,Other Hispanic,Some college,1951-04-25
NHANES-101918,United States,female,0-19,White,NA,2009-09-27
NHANES-101919,Other,male,20-39,Asian,College grad,1984-01-05
NHANES-101920,Other,male,40-59,Asian,College grad,1968-10-15
NHANES-101921,United States,male,60-79,White,Some college,1945-01-04
NHANES-101922,Other,male,40-59,Asian,College grad,1961-12-29
NHANES-101923,United States,female,0-19,Black,NA,2004-10-27
NHANES-101924,United States,male,60-79,Black,Less than 9th grade,1940-08-19
NHANES-101925,United States,female,0-19,Other,NA,2004-07-20
NHANES-101926,United States,female,0-19,Mexican American,NA,2010-06-12
NHANES-101927,United States,female,0-19,Black,NA,2011-10-24
NHANES-101928,United States,female,40-59,Black,Some college,1975-03-24
NHANES-101929,United States,female,0-19,Black,NA,2011-11-30
NHANES-101930,United States,male,0-19,Other Hispanic,NA,2008-11-25
NHANES-101931,United States,female,0-19,Mexican American,NA,2001-03-15
NHANES-101932,United States,male,0-19,Other,NA,2007-02-26
NHANES-101933,United States,female,0-19,Other,NA,2007-04-01
NHANES-101934,United States,female,60-79,Other,Some college,1953-10-24
NHANES-101935,United States,female,0-19,Asian,NA,1999-02-01
NHANES-101936,United States,female,80+,Black,9-11th grade,1936-03-30
NHANES-101937,United States,male,20-39,Other,Some college,1993-06-12
NHANES-101938,Other,male,0-19,Asian,NA,1999-02-01
NHANES-101939,United States,female,0-19,Mexican American,NA,2007-07-05
NHANES-101940,Other,male,20-39,Asian,College grad,1988-02-15
NHANES-101941,United States,female,40-59,Black,College grad,1974-04-03
NHANES-101942,United States,female,0-19,Black,NA,2000-04-20
NHANES-101943,United States,female,0-19,Other Hispanic,NA,2004-01-02
NHANES-101944,United States,male,0-19,White,NA,2015-01-10
NHANES-101945,United States,male,60-79,White,Some college,1942-12-04
NHANES-101946,United States,male,0-19,White,NA,2015-08-31
NHANES-101947,United States,male,60-79,Black,Some college,1951-11-20
NHANES-101948,United States,female,0-19,White,NA,2016-01-29
NHANES-101949,United States,male,60-79,White,Some college,1939-01-25
NHANES-101950,United States,male,40-59,White,9-11th grade,1963-08-31
NHANES-101951,United States,female,0-19,Black,NA,1998-12-25
NHANES-101952,United States,male,0-19,Mexican American,NA,2008-03-04
NHANES-101953,United States,male,0-19,White,NA,2013-05-17
NHANES-101954,United States,female,0-19,Mexican American,NA,2016-06-21
NHANES-101955,United States,female,0-19,Mexican American,NA,2016-10-04
NHANES-101956,United States,male,0-19,Other,NA,2015-07-07
NHANES-101957,United States,female,20-39,Asian,High school,1981-09-19
NHANES-101958,United States,male,0-19,White,NA,2013-08-07
NHANES-101959,United States,female,60-79,White,High school,1947-02-15
NHANES-101960,United States,male,0-19,White,NA,2011-09-28
NHANES-101961,United States,female,0-19,Black,NA,2013-08-20
NHANES-101962,United States,male,60-79,White,Some college,1938-05-21
NHANES-101963,United States,male,0-19,White,NA,2018-02-06
NHANES-101964,United States,female,0-19,Black,NA,2007-03-22
NHANES-101965,Other,female,40-59,Asian,College grad,1973-08-10
NHANES-101966,United States,male,20-39,Other Hispanic,High school,1994-04-30
NHANES-101967,United States,female,0-19,Mexican American,NA,2007-08-30
NHANES-101968,United States,male,0-19,Black,NA,2010-12-27
NHANES-101969,United States,female,0-19,Mexican American,NA,2011-01-15
NHANES-101970,United States,male,0-19,Mexican American,NA,2015-01-09
NHANES-101971,United States,male,20-39,Black,Some college,1993-01-17
NHANES-101972,United States,female,0-19,Black,NA,2001-09-09
NHANES-101973,Other,female,20-39,Black,9-11th grade,1979-02-17
NHANES-101974,United States,male,0-19,White,NA,2013-11-02
NHANES-101975,Other,female,40-59,Black,Some college,1973-05-20
NHANES-101976,Other,male,20-39,Asian,9-11th grade,1978-08-13
NHANES-101977,United States,male,40-59,Black,College grad,1972-11-12
NHANES-101978,Other,female,40-59,Black,High school,1973-04-04
NHANES-101979,United States,male,0-19,Black,NA,2016-10-27
NHANES-101980,United States,female,20-39,White,High school,1982-01-19
NHANES-101981,Other,female,60-79,Asian,College grad,1949-05-05
NHANES-101982,Other,male,20-39,Other Hispanic,NA,1992-03-29
NHANES-101983,Other,male,0-19,Asian,NA,2010-04-28
NHANES-101984,United States,female,0-19,Mexican American,NA,2009-09-29
NHANES-101985,United States,male,20-39,Black,College grad,1990-04-14
NHANES-101986,United States,female,0-19,White,NA,1999-04-02
NHANES-101987,United States,male,60-79,White,High school,1951-07-14
NHANES-101988,United States,female,0-19,White,NA,2005-04-16
NHANES-101989,Other,male,80+,Mexican American,Less than 9th grade,1937-08-29
NHANES-101990,United States,female,20-39,White,College grad,1995-10-16
NHANES-101991,United States,male,20-39,Other Hispanic,High school,1992-11-11
NHANES-101992,United States,male,0-19,White,NA,2014-07-07
NHANES-101993,United States,female,60-79,White,College grad,1950-03-01
NHANES-101994,United States,female,0-19,Other,NA,2012-05-01
NHANES-101995,United States,male,40-59,White,Some college,1957-06-28
NHANES-101996,United States,male,0-19,Black,NA,2004-12-07
NHANES-101997,Other,male,0-19,Asian,NA,2003-03-27
NHANES-101998,United States,female,0-19,Other,NA,2012-12-01
NHANES-101999,United States,female,0-19,Other,NA,2010-11-14
NHANES-102000,United States,female,60-79,Black,Some college,1955-06-09
NHANES-102001,Other,male,60-79,Other Hispanic,9-11th grade,1953-12-31
NHANES-102002,United States,male,60-79,White,Some college,1940-03-30
NHANES-102003,Other,male,20-39,Other,College grad,1991-11-24
NHANES-102004,United States,male,0-19,White,NA,2004-08-22
NHANES-102005,United States,female,20-39,White,Some college,1982-05-10
NHANES-102006,United States,female,0-19,White,NA,2017-12-22
NHANES-102007,Other,female,40-59,Asian,High school,1963-03-01
NHANES-102008,United States,female,40-59,White,College grad,1969-10-27
NHANES-102009,United States,male,0-19,Black,NA,2006-08-30
NHANES-102010,Other,female,0-19,Asian,NA,2006-07-25
NHANES-102011,United States,female,0-19,Mexican American,NA,2015-12-01
NHANES-102012,United States,female,40-59,Black,9-11th grade,1969-06-19
NHANES-102013,United States,male,0-19,White,NA,2010-07-01
NHANES-102014,United States,male,0-19,Black,NA,2015-10-12
NHANES-102015,United States,female,20-39,White,High school,1997-01-31
NHANES-102016,United States,male,0-19,Other Hispanic,NA,2008-12-02
NHANES-102017,Other,male,0-19,Other Hispanic,NA,2006-07-10
NHANES-102018,United States,female,60-79,Black,Some college,1947-10-02
NHANES-102019,United States,female,0-19,White,NA,1998-01-05
NHANES-102020,United States,male,40-59,Black,Some college,1975-06-28
NHANES-102021,Other,female,60-79,Asian,High school,1953-08-25
NHANES-102022,United States,male,40-59,White,High school,1970-10-17
NHANES-102023,United States,female,0-19,Mexican American,NA,2018-01-11
NHANES-102024,United States,male,20-39,White,High school,1980-02-12
NHANES-102025,United States,female,0-19,Black,NA,2005-04-26
NHANES-102026,United States,female,20-39,White,College grad,1993-01-07
NHANES-102027,United States,male,60-79,White,High school,1951-05-10
NHANES-102028,Other,male,20-39,Asian,Some college,1993-03-10
NHANES-102029,United States,female,0-19,Asian,NA,2015-06-25
NHANES-102030,Other,female,40-59,Mexican American,College grad,1967-04-12
NHANES-102031,United States,female,60-79,White,Some college,1957-09-17
NHANES-102032,United States,female,60-79,Black,High school,1949-04-24
NHANES-102033,United States,female,0-19,Other,NA,2011-02-04
NHANES-102034,United States,male,0-19,Mexican American,NA,2017-02-12
NHANES-102035,United States,female,20-39,White,College grad,1984-05-21
NHANES-102036,United States,male,0-19,Mexican American,NA,2006-12-31
NHANES-102037,United States,female,20-39,Mexican American,High school,1996-04-07
NHANES-102038,United States,male,0-19,White,NA,2013-06-01
NHANES-102039,United States,male,20-39,White,Some college,1996-03-24
NHANES-102040,United States,female,0-19,Asian,NA,2006-06-16
NHANES-102041,United States,male,40-59,White,College grad,1974-12-30
NHANES-102042,United States,male,0-19,Asian,NA,2002-12-26
NHANES-102043,United States,female,0-19,White,NA,2011-06-27
NHANES-102044,United States,female,20-39,Black,College grad,1984-02-22
NHANES-102045,United States,male,40-59,White,Some college,1963-01-01
NHANES-102046,Other,female,20-39,Asian,High school,1986-08-01
NHANES-102047,United States,female,60-79,Other Hispanic,Some college,1955-06-22
NHANES-102048,Other,female,60-79,Other Hispanic,Less than 9th grade,1940-10-05
NHANES-102049,United States,female,0-19,Other Hispanic,NA,2010-08-05
NHANES-102050,United States,male,40-59,Black,Some college,1971-08-03
NHANES-102051,Other,male,0-19,White,NA,2002-01-19
NHANES-102052,Other,female,80+,Mexican American,Less than 9th grade,1938-05-22
NHANES-102053,United States,male,0-19,White,NA,2014-01-15
NHANES-102054,United States,female,60-79,White,9-11th grade,1949-12-01
NHANES-102055,United States,female,60-79,White,9-11th grade,1949-05-18
NHANES-102056,United States,female,0-19,Mexican American,NA,2005-04-08
NHANES-102057,United States,male,60-79,White,Less than 9th grade,1947-01-12
NHANES-102058,United States,female,60-79,White,High school,1948-11-02
NHANES-102059,United States,female,60-79,Black,College grad,1951-10-13
NHANES-102060,United States,female,80+,White,9-11th grade,1936-08-08
NHANES-102061,United States,female,0-19,White,NA,2003-04-09
NHANES-102062,United States,female,0-19,White,NA,2000-03-18
NHANES-102063,United States,male,0-19,White,NA,2009-03-01
NHANES-102064,United States,female,20-39,Mexican American,Some college,1982-09-01
NHANES-102065,United States,male,0-19,Black,NA,2014-03-24
NHANES-102066,United States,male,0-19,White,NA,2012-05-08
NHANES-102067,United States,male,40-59,White,9-11th grade,1963-02-11
NHANES-102068,Other,female,60-79,Asian,9-11th grade,1953-04-06
NHANES-102069,United States,male,0-19,Black,NA,2008-02-11
NHANES-102070,United States,female,80+,White,Some college,1937-02-15
NHANES-102071,United States,male,0-19,Other,NA,2000-03-06
NHANES-102072,Other,female,40-59,Mexican American,Less than 9th grade,1967-02-21
NHANES-102073,United States,male,40-59,White,High school,1974-02-18
NHANES-102074,United States,female,20-39,Black,Some college,1983-05-31
NHANES-102075,United States,male,0-19,Other,NA,2016-11-23
NHANES-102076,United States,male,0-19,Black,NA,2001-08-09
NHANES-102077,United States,male,0-19,Black,NA,2000-07-12
NHANES-102078,United States,male,60-79,Black,Some college,1957-04-16
NHANES-102079,United States,female,60-79,Black,High school,1958-01-29
NHANES-102080,United States,male,0-19,Other Hispanic,NA,2006-10-05
NHANES-102081,United States,female,40-59,White,High school,1968-04-05
NHANES-102082,United States,male,40-59,Other,Some college,1958-06-25
NHANES-102083,United States,male,0-19,White,NA,2006-10-16
NHANES-102084,United States,male,0-19,Black,NA,2009-03-02
NHANES-102085,United States,female,20-39,Black,College grad,1982-12-24
NHANES-102086,United States,female,0-19,Black,NA,1999-01-27
NHANES-102087,United States,male,0-19,Other Hispanic,NA,2008-10-23
NHANES-102088,United States,female,20-39,White,Some college,1987-11-21
NHANES-102089,United States,male,0-19,Other Hispanic,NA,2007-06-07
NHANES-102090,United States,male,0-19,Mexican American,NA,2004-05-26
NHANES-102091,United States,male,20-39,Black,College grad,1985-10-13
NHANES-102092,Other,male,60-79,Other Hispanic,College grad,1958-02-01
NHANES-102093,Other,female,20-39,Other Hispanic,9-11th grade,1996-12-06
NHANES-102094,United States,female,0-19,White,NA,2017-02-10
NHANES-102095,United States,male,0-19,Black,NA,2015-04-22
NHANES-102096,Other,male,20-39,Other Hispanic,Some college,1997-09-21
NHANES-102097,United States,male,0-19,Other Hispanic,NA,2013-02-08
NHANES-102098,Other,male,0-19,Asian,NA,2001-06-30
NHANES-102099,United States,female,20-39,White,High school,1985-03-21
NHANES-102100,United States,female,60-79,Black,9-11th grade,1942-06-22
NHANES-102101,United States,male,20-39,Mexican American,High school,1997-11-21
NHANES-102102,United States,female,0-19,White,NA,2000-07-02
NHANES-102103,Other,male,20-39,Other,9-11th grade,1981-02-04
NHANES-102104,United States,female,80+,White,9-11th grade,1938-03-08
NHANES-102105,United States,female,20-39,Black,College grad,1993-08-20
NHANES-102106,United States,male,60-79,Black,High school,1953-02-02
NHANES-102107,United States,male,20-39,Other,College grad,1987-11-11
NHANES-102108,United States,male,0-19,Mexican American,NA,2017-02-12
NHANES-102109,United States,male,0-19,Black,NA,2016-06-24
NHANES-102110,United States,male,0-19,White,NA,2010-04-05
NHANES-102111,Other,male,40-59,Other Hispanic,Some college,1963-06-03
NHANES-102112,United States,female,20-39,Black,Some college,1983-09-06
NHANES-102113,United States,female,20-39,Mexican American,Some college,1992-10-01
NHANES-102114,United States,female,0-19,White,NA,2002-11-10
NHANES-102115,Other,female,0-19,Asian,NA,2001-12-28
NHANES-102116,United States,female,60-79,Black,Some college,1942-06-27
NHANES-102117,Other,male,60-79,Asian,College grad,1943-07-31
NHANES-102118,United States,male,0-19,Black,NA,2017-07-03
NHANES-102119,United States,male,0-19,White,NA,2012-01-26
NHANES-102120,United States,female,0-19,Black,NA,2017-06-06
NHANES-102121,Other,female,40-59,Mexican American,9-11th grade,1965-01-19
NHANES-102122,United States,female,0-19,Asian,NA,1999-08-01
NHANES-102123,United States,male,0-19,Black,NA,1999-11-14
NHANES-102124,United States,female,0-19,White,NA,2004-06-05
NHANES-102125,United States,male,40-59,White,High school,1966-06-16
NHANES-102126,United States,female,20-39,Other Hispanic,Some college,1994-03-02
NHANES-102127,United States,male,0-19,Black,NA,2015-04-23
NHANES-102128,United States,male,20-39,Black,Some college,1996-05-04
NHANES-102129,Other,male,20-39,Mexican American,9-11th grade,1982-09-29
NHANES-102130,United States,male,40-59,White,College grad,1960-03-19
NHANES-102131,Other,male,60-79,Asian,Some college,1948-07-02
NHANES-102132,Other,female,20-39,Mexican American,9-11th grade,1978-07-24
NHANES-102133,United States,female,0-19,White,NA,1999-04-10
NHANES-102134,United States,female,40-59,White,High school,1975-12-28
NHANES-102135,United States,male,20-39,Black,High school,1993-09-12
NHANES-102136,Other,female,0-19,Other Hispanic,NA,2009-10-22
NHANES-102137,United States,male,60-79,Black,Some college,1949-10-31
NHANES-102138,United States,male,0-19,Other,NA,2005-06-27
NHANES-102139,United States,male,20-39,Other,College grad,1985-08-17
NHANES-102140,United States,female,0-19,White,NA,2012-06-30
NHANES-102141,United States,male,0-19,Mexican American,NA,1998-04-10
NHANES-102142,United States,female,0-19,White,NA,2018-01-18
NHANES-102143,Other,female,0-19,Other Hispanic,NA,2001-10-19
NHANES-102144,United States,female,0-19,Other Hispanic,NA,2016-12-10
NHANES-102145,United States,male,0-19,Black,NA,2006-07-06
NHANES-102146,United States,male,0-19,White,NA,2014-01-07
NHANES-102147,Other,female,40-59,Other,Some college,1962-03-23
NHANES-102148,United States,female,80+,Black,Some college,1937-03-04
NHANES-102149,United States,female,20-39,Black,9-11th grade,1991-03-03
NHANES-102150,United States,male,0-19,White,NA,2005-01-06
NHANES-102151,Other,female,40-59,Asian,Some college,1972-11-05
NHANES-102152,Other,male,40-59,Asian,College grad,1972-12-21
NHANES-102153,United States,female,60-79,Mexican American,Some college,1939-10-22
NHANES-102154,Other,male,40-59,Mexican American,Less than 9th grade,1976-06-10
NHANES-102155,Other,male,40-59,Mexican American,Less than 9th grade,1969-07-11
NHANES-102156,United States,female,0-19,White,NA,2017-06-16
NHANES-102157,Other,male,0-19,Other Hispanic,NA,2004-03-21
NHANES-102158,United States,female,80+,Black,Some college,1937-08-13
NHANES-102159,United States,female,0-19,White,NA,2014-12-06
NHANES-102160,Other,female,20-39,Asian,College grad,1986-04-19
NHANES-102161,United States,male,0-19,Black,NA,1997-03-06
NHANES-102162,United States,female,80+,White,9-11th grade,1937-04-14
NHANES-102163,United States,male,20-39,White,Some college,1995-05-24
NHANES-102164,United States,female,0-19,Asian,NA,2017-02-09
NHANES-102165,United States,male,0-19,Mexican American,NA,2003-09-09
NHANES-102166,United States,male,0-19,White,NA,2002-08-13
NHANES-102167,United States,female,80+,White,High school,1937-12-29
NHANES-102168,United States,female,40-59,Black,High school,1958-01-06
NHANES-102169,United States,female,60-79,White,Some college,1951-07-13
NHANES-102170,United States,male,60-79,Black,Some college,1953-02-08
NHANES-102171,Other,female,60-79,Asian,College grad,1939-12-03
NHANES-102172,United States,female,0-19,Other,NA,2014-04-25
NHANES-102173,United States,female,60-79,White,High school,1952-04-17
NHANES-102174,United States,male,0-19,Asian,NA,2008-11-03
NHANES-102175,United States,female,0-19,Black,NA,2004-09-06
NHANES-102176,United States,female,0-19,Black,NA,2017-05-13
NHANES-102177,United States,male,80+,White,Some college,1937-02-02
NHANES-102178,United States,female,60-79,Black,Some college,1956-07-17
NHANES-102179,United States,male,40-59,Black,High school,1976-06-19
NHANES-102180,United States,male,0-19,Other,NA,2014-12-29
NHANES-102181,United States,female,40-59,Black,College grad,1973-11-29
NHANES-102182,Other,male,40-59,Asian,College grad,1977-01-28
NHANES-102183,United States,male,60-79,White,Some college,1949-09-02
NHANES-102184,United States,female,20-39,Asian,Some college,1993-04-11
NHANES-102185,United States,male,40-59,Black,College grad,1972-09-24
NHANES-102186,United States,female,0-19,Asian,NA,2001-07-26
NHANES-102187,United States,male,20-39,Black,9-11th grade,1996-10-15
NHANES-102188,United States,female,0-19,White,NA,2008-12-20
NHANES-102189,United States,male,0-19,White,NA,1999-04-28
NHANES-102190,United States,female,0-19,White,NA,2001-04-28
NHANES-102191,United States,male,40-59,White,College grad,1959-03-13
NHANES-102192,United States,male,60-79,White,High school,1952-03-05
NHANES-102193,Other,male,20-39,Asian,College grad,1981-05-26
NHANES-102194,Other,female,20-39,Mexican American,Some college,1982-03-26
NHANES-102195,United States,male,0-19,Mexican American,NA,2018-01-12
NHANES-102196,United States,female,20-39,White,College grad,1980-09-15
NHANES-102197,United States,female,0-19,Black,NA,2006-02-20
NHANES-102198,United States,female,60-79,Mexican American,High school,1953-10-30
NHANES-102199,United States,male,40-59,Other Hispanic,High school,1959-11-20
NHANES-102200,United States,female,0-19,White,NA,2006-04-20
NHANES-102201,United States,female,40-59,Black,High school,1969-11-20
NHANES-102202,United States,female,20-39,Other,Some college,1995-03-01
NHANES-102203,Other,female,60-79,Mexican American,Less than 9th grade,1953-11-05
NHANES-102204,United States,female,40-59,White,High school,1968-04-26
NHANES-102205,United States,female,0-19,Mexican American,NA,2009-04-12
NHANES-102206,United States,male,0-19,Mexican American,NA,2007-06-10
NHANES-102207,Other,male,40-59,Asian,High school,1976-07-05
NHANES-102208,United States,female,0-19,White,NA,2002-12-02
NHANES-102209,United States,female,0-19,Asian,NA,2013-04-13
NHANES-102210,Other,male,60-79,Black,College grad,1949-08-13
NHANES-102211,United States,male,20-39,Mexican American,Some college,1979-04-24
NHANES-102212,United States,female,20-39,White,Some college,1986-12-15
NHANES-102213,United States,female,0-19,Mexican American,NA,2004-08-10
NHANES-102214,Other,female,60-79,Other Hispanic,Some college,1940-09-16
NHANES-102215,United States,male,40-59,White,9-11th grade,1969-03-04
NHANES-102216,United States,female,0-19,White,NA,2016-01-30
NHANES-102217,United States,male,20-39,Black,College grad,1990-04-16
NHANES-102218,United States,female,40-59,Black,Some college,1968-12-02
NHANES-102219,United States,male,40-59,Black,Some college,1962-10-20
NHANES-102220,United States,female,0-19,White,NA,2018-03-03
NHANES-102221,Other,male,20-39,Mexican American,Less than 9th grade,1979-06-02
NHANES-102222,United States,male,0-19,Black,NA,2011-04-13
NHANES-102223,United States,female,20-39,White,College grad,1980-08-13
NHANES-102224,Other,male,0-19,Asian,NA,1998-04-01
NHANES-102225,United States,male,40-59,White,College grad,1976-03-22
NHANES-102226,Other,male,20-39,Asian,College grad,1991-07-19
NHANES-102227,United States,female,0-19,Mexican American,NA,2009-11-13
NHANES-102228,United States,female,0-19,Other,NA,2006-11-06
NHANES-102229,Other,male,40-59,Mexican American,Less than 9th grade,1961-03-15
NHANES-102230,United States,male,0-19,Black,NA,2013-09-02
NHANES-102231,United States,female,0-19,Mexican American,NA,2002-05-23
NHANES-102232,United States,male,20-39,Asian,High school,1994-11-24
NHANES-102233,United States,male,0-19,White,NA,2011-11-06
NHANES-102234,United States,male,40-59,White,College grad,1975-11-20
NHANES-102235,United States,female,0-19,White,NA,2006-05-20
NHANES-102236,United States,female,0-19,White,NA,2013-01-20
NHANES-102237,United States,female,0-19,Black,NA,2014-08-25
NHANES-102238,United States,female,40-59,White,Some college,1968-04-23
NHANES-102239,United States,male,20-39,Asian,High school,1994-02-27
NHANES-102240,United States,male,60-79,White,High school,1958-03-21
NHANES-102241,United States,female,80+,Black,High school,1937-02-07
NHANES-102242,United States,male,20-39,White,High school,1994-07-24
NHANES-102243,Other,male,60-79,Asian,High school,1956-12-10
NHANES-102244,Other,male,40-59,Black,College grad,1976-08-09
NHANES-102245,United States,female,60-79,Other,High school,1954-03-02
NHANES-102246,United States,female,0-19,Other Hispanic,NA,2016-11-29
NHANES-102247,United States,female,0-19,White,NA,2017-03-24
NHANES-102248,Other,male,40-59,Asian,College grad,1968-06-07
NHANES-102249,United States,male,20-39,White,High school,1994-10-17
NHANES-102250,United States,male,20-39,White,College grad,1984-06-23
NHANES-102251,United States,male,60-79,Mexican American,Some college,1941-08-25
NHANES-102252,United States,female,0-19,Mexican American,NA,2006-12-25
NHANES-102253,Other,female,0-19,Other Hispanic,NA,2010-02-17
NHANES-102254,United States,female,20-39,Mexican American,High school,1978-01-22
NHANES-102255,United States,female,20-39,White,College grad,1993-08-17
NHANES-102256,Other,male,40-59,Other Hispanic,Less than 9th grade,1976-12-08
NHANES-102257,United States,female,0-19,Black,NA,2017-04-15
NHANES-102258,Other,female,40-59,Other Hispanic,College grad,1965-10-05
NHANES-102259,United States,female,40-59,Black,Some college,1961-01-21
NHANES-102260,United States,female,60-79,White,College grad,1953-03-13
NHANES-102261,United States,female,0-19,White,NA,2006-06-30
NHANES-102262,United States,female,0-19,Black,NA,2004-08-01
NHANES-102263,United States,male,60-79,White,High school,1938-01-19
NHANES-102264,United States,female,0-19,White,NA,1999-06-14
NHANES-102265,United States,male,20-39,White,Some college,1983-11-27
NHANES-102266,United States,female,60-79,Black,Some college,1946-05-25
NHANES-102267,United States,female,60-79,Black,Less than 9th grade,1940-05-11
NHANES-102268,United States,female,0-19,Mexican American,NA,2007-02-18
NHANES-102269,United States,female,40-59,Black,College grad,1962-12-16
NHANES-102270,United States,male,0-19,Asian,NA,2001-03-24
NHANES-102271,Other,male,60-79,Asian,College grad,1937-12-13
NHANES-102272,United States,female,20-39,White,Some college,1990-09-12
NHANES-102273,United States,male,0-19,Other,NA,2015-01-30
NHANES-102274,United States,male,0-19,Other Hispanic,NA,2003-02-05
NHANES-102275,United States,female,0-19,Black,NA,2005-01-09
NHANES-102276,United States,female,60-79,Black,9-11th grade,1937-11-07
NHANES-102277,United States,female,0-19,Black,NA,2009-07-31
NHANES-102278,Other,female,20-39,Mexican American,Some college,1981-04-27
NHANES-102279,United States,male,20-39,Mexican American,Some college,1979-04-24
NHANES-102280,United States,male,0-19,White,NA,2016-08-30
NHANES-102281,Other,female,40-59,Asian,Some college,1964-02-19
NHANES-102282,United States,female,0-19,Mexican American,NA,2017-01-20
NHANES-102283,United States,female,20-39,White,Some college,1996-04-06
NHANES-102284,United States,male,0-19,White,NA,2000-07-17
NHANES-102285,United States,male,20-39,Black,Some college,1980-08-19
NHANES-102286,United States,male,0-19,White,NA,2018-03-25
NHANES-102287,United States,male,0-19,Black,NA,2000-10-05
NHANES-102288,Other,male,20-39,Asian,College grad,1984-10-11
NHANES-102289,United States,female,0-19,Black,NA,1999-12-06
NHANES-102290,United States,female,0-19,White,NA,2012-02-06
NHANES-102291,United States,male,0-19,Other,NA,2012-01-29
NHANES-102292,United States,female,0-19,White,NA,2012-07-06
NHANES-102293,United States,female,0-19,White,NA,2013-03-18
NHANES-102294,United States,female,0-19,White,NA,2000-07-24
NHANES-102295,United States,male,0-19,Black,NA,2015-12-20
NHANES-102296,United States,female,60-79,Black,9-11th grade,1954-04-29
NHANES-102297,United States,male,0-19,White,NA,2003-07-26
NHANES-102298,United States,female,0-19,Black,NA,1999-06-10
NHANES-102299,United States,female,0-19,Mexican American,NA,2004-11-26
NHANES-102300,United States,male,60-79,White,Some college,1943-08-30
NHANES-102301,United States,male,60-79,White,Less than 9th grade,1939-06-19
NHANES-102302,Other,female,40-59,Other Hispanic,High school,1977-08-08
NHANES-102303,United States,female,0-19,Black,NA,2009-08-08
NHANES-102304,United States,female,0-19,White,NA,2011-01-31
NHANES-102305,United States,male,0-19,Mexican American,NA,2005-06-17
NHANES-102306,United States,male,60-79,Other,College grad,1945-07-22
NHANES-102307,United States,female,60-79,White,College grad,1937-07-06
NHANES-102308,United States,male,0-19,White,NA,2014-10-06
NHANES-102309,United States,female,40-59,White,Some college,1962-03-28
NHANES-102310,United States,female,0-19,Black,NA,2012-06-05
NHANES-102311,United States,male,20-39,Other Hispanic,Some college,1985-01-11
NHANES-102312,United States,female,0-19,Mexican American,NA,2002-06-02
NHANES-102313,United States,male,80+,White,Less than 9th grade,1938-05-22
NHANES-102314,United States,male,0-19,White,NA,2005-05-02
NHANES-102315,Other,female,20-39,Asian,College grad,1978-11-27
NHANES-102316,United States,male,0-19,White,NA,2002-07-16
NHANES-102317,United States,male,40-59,White,Some college,1959-08-17
NHANES-102318,United States,female,60-79,Other,High school,1949-04-28
NHANES-102319,United States,male,0-19,White,NA,2012-04-14
NHANES-102320,United States,female,60-79,Black,High school,1955-01-02
NHANES-102321,Other,male,40-59,Mexican American,High school,1961-06-13
NHANES-102322,United States,male,40-59,Black,Some college,1972-01-27
NHANES-102323,Other,female,0-19,Other Hispanic,NA,1998-01-06
NHANES-102324,United States,female,20-39,Mexican American,College grad,1988-09-10
NHANES-102325,United States,female,0-19,Black,NA,2010-10-10
NHANES-102326,Other,female,60-79,Other Hispanic,Less than 9th grade,1945-08-19
NHANES-102327,United States,male,0-19,Other,NA,2002-01-17
NHANES-102328,United States,female,80+,White,Some college,1938-03-05
NHANES-102329,United States,male,60-79,Mexican American,Less than 9th grade,1946-03-05
NHANES-102330,United States,male,0-19,Mexican American,NA,1999-01-22
NHANES-102331,United States,male,40-59,White,Some college,1964-02-09
NHANES-102332,United States,male,0-19,Black,NA,2013-07-16
NHANES-102333,United States,female,40-59,Black,Some college,1968-06-14
NHANES-102334,United States,male,20-39,White,High school,1991-05-17
NHANES-102335,United States,male,0-19,Asian,NA,1998-08-19
NHANES-102336,United States,male,20-39,White,College grad,1984-11-01
NHANES-102337,Other,male,60-79,Other Hispanic,Less than 9th grade,1949-01-02
NHANES-102338,United States,male,40-59,White,Some college,1962-11-01
NHANES-102339,United States,female,0-19,Mexican American,NA,2000-10-10
NHANES-102340,United States,male,20-39,White,High school,1983-12-14
NHANES-102341,United States,female,20-39,White,Some college,1978-07-04
NHANES-102342,United States,male,40-59,Other Hispanic,High school,1965-05-27
NHANES-102343,United States,male,40-59,Mexican American,High school,1962-04-22
NHANES-102344,United States,female,20-39,Asian,Some college,1982-12-26
NHANES-102345,United States,female,20-39,Black,College grad,1977-11-21
NHANES-102346,United States,female,20-39,White,9-11th grade,1979-08-12
NHANES-102347,United States,male,40-59,Asian,High school,1977-08-28
NHANES-102348,United States,female,20-39,Mexican American,High school,1990-05-08
NHANES-102349,Other,female,60-79,Asian,College grad,1949-11-07
NHANES-102350,Other,male,20-39,Mexican American,9-11th grade,1982-07-06
NHANES-102351,United States,female,0-19,Black,NA,2012-07-09
NHANES-102352,United States,male,20-39,White,High school,1986-12-26
NHANES-102353,United States,male,60-79,White,9-11th grade,1953-09-12
NHANES-102354,United States,male,0-19,White,NA,2005-11-20
NHANES-102355,United States,male,20-39,Asian,Some college,1984-12-31
NHANES-102356,Other,male,20-39,Other Hispanic,9-11th grade,1996-08-02
NHANES-102357,United States,female,0-19,White,NA,2015-02-17
NHANES-102358,United States,female,20-39,Asian,Some college,1987-03-02
NHANES-102359,Other,female,20-39,Asian,High school,1979-05-31
NHANES-102360,United States,female,20-39,Black,Some college,1989-06-28
NHANES-102361,United States,male,20-39,Other,High school,1985-10-16
NHANES-102362,United States,male,80+,White,Some college,1936-04-06
NHANES-102363,United States,male,20-39,White,Some college,1996-03-13
NHANES-102364,United States,female,20-39,White,College grad,1985-04-25
NHANES-102365,United States,male,60-79,White,Some college,1943-08-17
NHANES-102366,Other,female,0-19,Mexican American,NA,1998-12-23
NHANES-102367,United States,female,60-79,Black,Some college,1951-02-06
NHANES-102368,United States,male,60-79,White,College grad,1950-10-10
NHANES-102369,Other,female,40-59,Mexican American,Some college,1975-12-30
NHANES-102370,United States,female,80+,White,High school,1937-12-10
NHANES-102371,United States,male,40-59,Black,High school,1964-05-12
NHANES-102372,United States,male,80+,White,9-11th grade,1936-11-26
NHANES-102373,United States,male,20-39,Mexican American,Some college,1986-02-10
NHANES-102374,United States,female,0-19,White,NA,2012-07-01
NHANES-102375,United States,female,0-19,Black,NA,2012-08-14
NHANES-102376,United States,female,0-19,White,NA,2005-11-14
NHANES-102377,Other,female,40-59,Mexican American,High school,1958-03-08
NHANES-102378,Other,female,40-59,Mexican American,9-11th grade,1977-01-06
NHANES-102379,Other,female,60-79,Other Hispanic,NA,1946-01-27
NHANES-102380,United States,female,20-39,Black,High school,1991-05-30
NHANES-102381,United States,male,40-59,White,Some college,1975-01-07
NHANES-102382,United States,male,40-59,Other,College grad,1973-06-04
NHANES-102383,Other,female,20-39,Mexican American,High school,1991-02-13
NHANES-102384,United States,male,0-19,White,NA,2009-08-13
NHANES-102385,United States,male,0-19,Other,NA,2002-06-13
NHANES-102386,United States,female,20-39,Asian,Some college,1989-11-09
NHANES-102387,United States,male,60-79,White,High school,1950-01-02
NHANES-102388,United States,male,0-19,White,NA,2015-09-28
NHANES-102389,United States,female,60-79,Black,College grad,1946-04-23
NHANES-102390,United States,male,0-19,Other Hispanic,NA,2015-05-25
NHANES-102391,Other,male,20-39,Asian,High school,1985-09-12
NHANES-102392,United States,female,80+,White,High school,1938-03-31
NHANES-102393,United States,female,20-39,White,Some college,1997-06-03
NHANES-102394,United States,female,0-19,White,NA,2004-06-25
NHANES-102395,United States,male,20-39,Mexican American,High school,1991-08-06
NHANES-102396,United States,male,40-59,Other,High school,1973-02-20
NHANES-102397,United States,female,60-79,White,Some college,1944-05-28
NHANES-102398,United States,male,0-19,White,NA,2011-10-31
NHANES-102399,United States,male,80+,White,9-11th grade,1936-07-28
NHANES-102400,United States,male,40-59,Mexican American,High school,1975-11-02
NHANES-102401,Other,female,40-59,Other Hispanic,High school,1974-10-17
NHANES-102402,United States,male,0-19,Other,NA,2008-05-19
NHANES-102403,United States,male,0-19,Asian,NA,2010-03-15
NHANES-102404,United States,male,0-19,White,NA,2001-08-07
NHANES-102405,Other,male,40-59,Mexican American,High school,1968-07-29
NHANES-102406,United States,male,0-19,Black,NA,2006-08-09
NHANES-102407,United States,female,60-79,White,Some college,1942-09-19
NHANES-102408,Other,male,0-19,Black,NA,2011-03-24
NHANES-102409,United States,male,0-19,Black,NA,2016-03-20
NHANES-102410,United States,male,40-59,Mexican American,Some college,1974-05-12
NHANES-102411,United States,male,80+,White,9-11th grade,1937-04-23
NHANES-102412,United States,male,0-19,Mexican American,NA,2005-07-19
NHANES-102413,United States,male,0-19,Black,NA,2008-05-02
NHANES-102414,United States,male,0-19,Other,NA,1998-08-02
NHANES-102415,Other,female,40-59,Other Hispanic,Less than 9th grade,1964-08-03
NHANES-102416,United States,female,0-19,Mexican American,NA,1998-11-29
NHANES-102417,Other,female,60-79,Other Hispanic,9-11th grade,1956-06-22
NHANES-102418,United States,male,60-79,White,Some college,1954-12-10
NHANES-102419,United States,male,20-39,Other,College grad,1985-10-30
NHANES-102420,Other,female,60-79,Mexican American,Less than 9th grade,1946-11-15
NHANES-102421,Other,female,40-59,Other Hispanic,High school,1960-11-28
NHANES-102422,United States,male,0-19,Other Hispanic,NA,2014-08-25
NHANES-102423,United States,female,60-79,Black,High school,1955-05-30
NHANES-102424,United States,male,20-39,Asian,College grad,1979-09-26
NHANES-102425,United States,male,20-39,Other,High school,1984-06-14
NHANES-102426,United States,male,0-19,Other,NA,2007-01-10
NHANES-102427,Other,male,60-79,Mexican American,Less than 9th grade,1955-10-17
NHANES-102428,United States,male,40-59,White,Some college,1976-08-10
NHANES-102429,Other,female,20-39,Mexican American,Less than 9th grade,1980-11-23
NHANES-102430,United States,female,0-19,Mexican American,NA,2013-07-30
NHANES-102431,United States,male,0-19,Other Hispanic,NA,1999-04-18
NHANES-102432,United States,male,20-39,White,Some college,1984-10-22
NHANES-102433,United States,male,0-19,Mexican American,NA,2002-09-17
NHANES-102434,United States,female,40-59,Black,High school,1972-06-14
NHANES-102435,United States,female,0-19,White,NA,2009-04-26
NHANES-102436,United States,female,40-59,White,High school,1962-05-02
NHANES-102437,United States,male,0-19,White,NA,2014-08-28
NHANES-102438,United States,male,0-19,Other,NA,2006-10-30
NHANES-102439,United States,female,0-19,Black,NA,2013-02-14
NHANES-102440,Other,female,0-19,Asian,NA,2002-02-10
NHANES-102441,United States,female,0-19,White,NA,2005-04-18
NHANES-102442,United States,female,60-79,White,Some college,1955-06-28
NHANES-102443,United States,female,40-59,White,College grad,1960-10-06
NHANES-102444,United States,male,40-59,White,9-11th grade,1959-02-06
NHANES-102445,United States,female,80+,Mexican American,9-11th grade,1936-09-26
NHANES-102446,United States,female,0-19,Black,NA,2017-06-11
NHANES-102447,United States,female,60-79,Black,Some college,1939-05-11
NHANES-102448,United States,male,0-19,Black,NA,2014-04-19
NHANES-102449,United States,female,0-19,White,NA,2016-11-11
NHANES-102450,United States,male,20-39,White,High school,1978-03-06
NHANES-102451,United States,male,0-19,White,NA,2016-05-26
NHANES-102452,Other,female,60-79,Mexican American,Some college,1956-12-11
NHANES-102453,United States,male,0-19,Black,NA,2005-08-20
NHANES-102454,United States,female,20-39,Mexican American,High school,1983-03-26
NHANES-102455,United States,male,60-79,Black,High school,1951-10-13
NHANES-102456,Other,female,20-39,Other,High school,1987-12-21
NHANES-102457,United States,male,40-59,White,Some college,1959-10-26
NHANES-102458,United States,male,20-39,Black,High school,1983-05-29
NHANES-102459,United States,female,0-19,White,NA,2007-09-02
NHANES-102460,United States,female,20-39,White,9-11th grade,1993-01-16
NHANES-102461,Other,female,20-39,Asian,College grad,1990-01-02
NHANES-102462,Other,male,0-19,Mexican American,NA,2013-07-07
NHANES-102463,United States,male,0-19,White,NA,2003-05-08
NHANES-102464,United States,male,40-59,White,Some college,1972-01-07
NHANES-102465,Other,male,60-79,Asian,College grad,1938-12-20
NHANES-102466,United States,male,20-39,White,College grad,1983-01-21
NHANES-102467,Other,female,40-59,Black,College grad,1960-05-05
NHANES-102468,Other,female,0-19,Asian,NA,2001-07-23
NHANES-102469,United States,male,20-39,White,College grad,1983-02-19
NHANES-102470,United States,male,0-19,White,NA,2016-11-24
NHANES-102471,Other,female,60-79,Other Hispanic,9-11th grade,1954-12-20
NHANES-102472,United States,male,40-59,Black,Some college,1976-04-24
NHANES-102473,United States,female,40-59,Other Hispanic,Some college,1977-03-24
NHANES-102474,United States,female,40-59,Other,Some college,1965-06-14
NHANES-102475,Other,male,20-39,Mexican American,Less than 9th grade,1978-07-23
NHANES-102476,United States,female,0-19,Black,NA,2004-01-08
NHANES-102477,United States,male,0-19,White,NA,2015-11-18
NHANES-102478,United States,male,60-79,Black,9-11th grade,1958-05-15
NHANES-102479,United States,female,20-39,White,College grad,1989-01-05
NHANES-102480,United States,male,60-79,Black,High school,1940-01-23
NHANES-102481,United States,female,0-19,White,NA,2008-01-09
NHANES-102482,United States,male,20-39,White,College grad,1981-01-26
NHANES-102483,United States,female,60-79,White,Some college,1956-11-14
NHANES-102484,United States,female,0-19,Black,NA,2008-03-15
NHANES-102485,United States,male,80+,White,9-11th grade,1938-01-14
NHANES-102486,United States,female,20-39,Asian,Some college,1996-06-01
NHANES-102487,Other,female,0-19,Asian,NA,1997-12-21
NHANES-102488,Other,male,20-39,Other Hispanic,9-11th grade,1988-07-04
NHANES-102489,United States,male,60-79,White,College grad,1943-11-07
NHANES-102490,Other,female,60-79,Asian,College grad,1946-07-11
NHANES-102491,United States,male,0-19,Other,NA,2018-03-14
NHANES-102492,United States,male,20-39,Black,Some college,1987-09-18
NHANES-102493,United States,male,60-79,White,9-11th grade,1938-09-12
NHANES-102494,United States,male,60-79,White,High school,1941-07-03
NHANES-102495,United States,male,20-39,White,Some college,1984-08-14
NHANES-102496,United States,male,0-19,White,NA,2013-05-29
NHANES-102497,United States,male,60-79,White,High school,1942-03-03
NHANES-102498,United States,female,0-19,Asian,NA,2001-04-27
NHANES-102499,United States,female,0-19,White,NA,2006-11-19
NHANES-102500,United States,male,0-19,Other,NA,2001-10-11
NHANES-102501,Other,male,40-59,White,Some college,1971-12-21
NHANES-102502,United States,male,0-19,Black,NA,2017-08-02
NHANES-102503,United States,male,0-19,White,NA,2015-08-16
NHANES-102504,United States,female,80+,White,Some college,1936-11-21
NHANES-102505,United States,male,20-39,Mexican American,9-11th grade,1979-08-04
NHANES-102506,Other,female,40-59,Other Hispanic,Less than 9th grade,1966-01-10
NHANES-102507,United States,male,20-39,Mexican American,High school,1994-08-05
NHANES-102508,United States,female,60-79,Black,9-11th grade,1949-06-27
NHANES-102509,Other,male,60-79,Mexican American,Less than 9th grade,1954-05-19
NHANES-102510,United States,female,0-19,White,NA,2006-11-29
NHANES-102511,United States,female,0-19,Other Hispanic,NA,2013-04-19
NHANES-102512,United States,female,40-59,White,Some college,1959-03-12
NHANES-102513,United States,female,0-19,White,NA,2001-12-06
NHANES-102514,United States,male,20-39,Other,Less than 9th grade,1985-10-07
NHANES-102515,United States,male,40-59,White,Some college,1961-10-11
NHANES-102516,United States,male,40-59,White,Some college,1971-11-19
NHANES-102517,Other,female,60-79,Other Hispanic,College grad,1954-02-03
NHANES-102518,Other,female,40-59,Mexican American,9-11th grade,1973-09-23
NHANES-102519,United States,female,0-19,Black,NA,2018-09-02
NHANES-102520,United States,male,60-79,Other Hispanic,College grad,1954-09-02
NHANES-102521,United States,female,0-19,White,NA,2008-07-04
NHANES-102522,United States,male,60-79,Mexican American,9-11th grade,1958-01-09
NHANES-102523,United States,male,0-19,White,NA,2018-05-10
NHANES-102524,Other,male,60-79,Mexican American,Less than 9th grade,1953-08-12
NHANES-102525,Other,male,40-59,Asian,Some college,1971-03-10
NHANES-102526,United States,male,40-59,Black,Some college,1975-01-23
NHANES-102527,United States,female,0-19,White,NA,2017-01-05
NHANES-102528,United States,male,60-79,White,High school,1953-12-09
NHANES-102529,United States,male,80+,Black,9-11th grade,1938-02-26
NHANES-102530,United States,female,40-59,White,College grad,1974-01-04
NHANES-102531,United States,female,0-19,Black,NA,2007-02-20
NHANES-102532,United States,female,20-39,Black,Some college,1984-01-22
NHANES-102533,Other,male,40-59,Mexican American,Less than 9th grade,1962-09-06
NHANES-102534,United States,male,0-19,Mexican American,NA,1998-12-05
NHANES-102535,United States,male,0-19,Other,NA,2013-06-13
NHANES-102536,United States,male,0-19,Mexican American,NA,2014-10-10
NHANES-102537,United States,female,0-19,Other,NA,2016-10-14
NHANES-102538,United States,female,0-19,Black,NA,2002-05-17
NHANES-102539,United States,female,0-19,White,NA,2006-12-12
NHANES-102540,United States,female,0-19,Black,NA,2006-09-14
NHANES-102541,United States,male,20-39,Other,9-11th grade,1992-03-02
NHANES-102542,Other,female,60-79,Other Hispanic,Less than 9th grade,1951-12-13
NHANES-102543,United States,female,0-19,Black,NA,2004-09-25
NHANES-102544,United States,male,80+,White,9-11th grade,1936-06-30
NHANES-102545,United States,female,0-19,Other Hispanic,NA,2007-03-09
NHANES-102546,Other,male,40-59,Asian,9-11th grade,1976-01-19
NHANES-102547,United States,female,0-19,Mexican American,NA,2009-10-15
NHANES-102548,United States,female,20-39,Other,College grad,1989-10-24
NHANES-102549,Other,male,0-19,Mexican American,NA,2006-10-24
NHANES-102550,United States,male,0-19,Black,NA,2007-03-24
NHANES-102551,United States,female,40-59,Black,Some college,1959-03-14
NHANES-102552,United States,female,0-19,Asian,NA,2008-04-01
NHANES-102553,Other,male,40-59,Asian,College grad,1966-11-30
NHANES-102554,United States,male,60-79,Other,High school,1952-08-05
NHANES-102555,United States,female,60-79,Black,9-11th grade,1957-04-22
NHANES-102556,United States,male,40-59,Other Hispanic,Some college,1966-05-24
NHANES-102557,United States,female,20-39,Black,Some college,1992-02-11
NHANES-102558,United States,female,0-19,Other Hispanic,NA,2017-07-09
NHANES-102559,Other,male,40-59,Mexican American,Less than 9th grade,1964-03-20
NHANES-102560,United States,male,20-39,Other,Some college,1983-11-18
NHANES-102561,United States,male,0-19,Other,NA,2008-03-06
NHANES-102562,Other,female,20-39,Other Hispanic,High school,1978-11-06
NHANES-102563,United States,male,0-19,Black,NA,2017-04-07
NHANES-102564,United States,male,0-19,Black,NA,2017-12-19
NHANES-102565,United States,male,0-19,Mexican American,NA,2012-06-04
NHANES-102566,United States,male,0-19,White,NA,2006-04-03
NHANES-102567,United States,male,0-19,Other,NA,2011-06-04
NHANES-102568,United States,male,20-39,Other Hispanic,Some college,1994-03-03
NHANES-102569,United States,female,0-19,White,NA,2014-12-27
NHANES-102570,United States,female,0-19,Black,NA,2003-03-07
NHANES-102571,United States,female,0-19,Black,NA,2007-10-13
NHANES-102572,United States,male,60-79,White,Some college,1945-10-09
NHANES-102573,United States,male,40-59,Black,College grad,1962-11-03
NHANES-102574,Other,male,60-79,Mexican American,Less than 9th grade,1950-11-10
NHANES-102575,United States,male,0-19,White,NA,2004-06-23
NHANES-102576,United States,male,60-79,Black,College grad,1956-08-14
NHANES-102577,United States,male,0-19,White,NA,2002-10-05
NHANES-102578,United States,male,60-79,Black,College grad,1946-11-22
NHANES-102579,United States,female,60-79,White,Some college,1953-09-29
NHANES-102580,Other,female,20-39,Mexican American,High school,1992-06-03
NHANES-102581,United States,male,40-59,Black,Some college,1968-02-13
NHANES-102582,United States,female,0-19,White,NA,2002-10-06
NHANES-102583,United States,female,0-19,White,NA,2011-07-19
NHANES-102584,United States,male,60-79,Black,College grad,1957-03-26
NHANES-102585,Other,female,80+,Mexican American,Less than 9th grade,1937-10-09
NHANES-102586,Other,male,40-59,Mexican American,Less than 9th grade,1964-04-22
NHANES-102587,United States,female,0-19,White,NA,2012-10-17
NHANES-102588,United States,female,60-79,White,Some college,1949-12-22
NHANES-102589,United States,female,20-39,Black,9-11th grade,1993-11-29
NHANES-102590,United States,male,80+,White,High school,1938-01-27
NHANES-102591,United States,female,40-59,White,Some college,1957-07-29
NHANES-102592,United States,female,0-19,Other,NA,2004-02-09
NHANES-102593,Other,male,20-39,Asian,College grad,1979-02-27
NHANES-102594,United States,male,0-19,Mexican American,NA,2018-05-01
NHANES-102595,United States,female,0-19,White,NA,1998-09-20
NHANES-102596,United States,female,0-19,Black,NA,2015-08-22
NHANES-102597,United States,female,60-79,White,9-11th grade,1947-08-14
NHANES-102598,Other,female,60-79,Asian,College grad,1942-04-03
NHANES-102599,United States,female,0-19,Asian,NA,2002-01-19
NHANES-102600,United States,male,20-39,Asian,College grad,1982-11-14
NHANES-102601,United States,female,0-19,Black,NA,2009-07-29
NHANES-102602,United States,female,0-19,White,NA,2013-07-08
NHANES-102603,United States,female,0-19,Other,NA,2013-08-30
NHANES-102604,United States,female,0-19,Asian,NA,2000-05-02
NHANES-102605,United States,female,40-59,Black,Some college,1961-02-11
NHANES-102606,United States,male,60-79,Black,High school,1952-11-25
NHANES-102607,United States,female,0-19,White,NA,2000-11-04
NHANES-102608,United States,male,0-19,Other Hispanic,NA,2012-05-15
NHANES-102609,United States,female,80+,White,High school,1936-09-09
NHANES-102610,United States,male,0-19,Asian,NA,2014-08-14
NHANES-102611,United States,male,60-79,White,High school,1952-12-02
NHANES-102612,United States,male,20-39,White,High school,1983-12-26
NHANES-102613,United States,male,0-19,Black,NA,2000-07-10
NHANES-102614,United States,male,0-19,White,NA,2013-06-13
NHANES-102615,United States,male,60-79,White,9-11th grade,1938-12-21
NHANES-102616,United States,female,40-59,White,Some college,1962-01-31
NHANES-102617,United States,female,60-79,White,Some college,1955-07-03
NHANES-102618,Other,female,60-79,Mexican American,Less than 9th grade,1946-12-01
NHANES-102619,United States,female,60-79,White,High school,1956-09-09
NHANES-102620,Other,male,40-59,Asian,College grad,1968-10-28
NHANES-102621,United States,female,20-39,Black,9-11th grade,1985-09-22
NHANES-102622,United States,male,40-59,White,Some college,1971-01-28
NHANES-102623,United States,male,60-79,White,High school,1950-12-13
NHANES-102624,United States,male,40-59,Black,High school,1962-05-06
NHANES-102625,United States,male,20-39,Other,College grad,1983-07-05
NHANES-102626,Other,male,40-59,Mexican American,Some college,1971-08-30
NHANES-102627,United States,female,0-19,White,NA,2005-03-16
NHANES-102628,United States,female,60-79,White,College grad,1947-12-13
NHANES-102629,Other,female,60-79,Other Hispanic,Less than 9th grade,1945-04-22
NHANES-102630,United States,male,0-19,Other,NA,2015-05-17
NHANES-102631,United States,male,20-39,Black,Some college,1996-04-09
NHANES-102632,United States,male,0-19,Black,NA,2001-03-18
NHANES-102633,United States,female,40-59,Other Hispanic,9-11th grade,1976-02-12
NHANES-102634,United States,male,80+,White,Some college,1937-02-05
NHANES-102635,Other,female,40-59,Asian,College grad,1977-01-15
NHANES-102636,Other,male,0-19,Asian,NA,1999-11-27
NHANES-102637,United States,male,60-79,Black,College grad,1954-08-16
NHANES-102638,United States,female,20-39,White,College grad,1990-12-26
NHANES-102639,United States,male,0-19,White,NA,2009-11-20
NHANES-102640,United States,female,0-19,Black,NA,2007-03-14
NHANES-102641,United States,male,20-39,White,High school,1983-06-22
NHANES-102642,Other,female,40-59,Asian,College grad,1974-08-24
NHANES-102643,United States,male,0-19,White,NA,2010-11-05
NHANES-102644,United States,male,40-59,White,High school,1965-06-26
NHANES-102645,United States,female,0-19,Other,NA,2005-12-27
NHANES-102646,United States,female,0-19,Black,NA,2005-12-21
NHANES-102647,United States,female,0-19,Black,NA,2008-05-10
NHANES-102648,United States,male,20-39,Black,Some college,1984-02-16
NHANES-102649,United States,male,40-59,Black,High school,1960-09-27
NHANES-102650,United States,female,60-79,White,Some college,1950-08-24
NHANES-102651,United States,female,60-79,White,College grad,1945-10-15
NHANES-102652,United States,male,0-19,Black,NA,2004-05-02
NHANES-102653,United States,female,20-39,Other Hispanic,College grad,1992-04-03
NHANES-102654,United States,male,0-19,Mexican American,NA,2012-11-27
NHANES-102655,United States,male,20-39,Other Hispanic,High school,1996-05-16
NHANES-102656,Other,female,20-39,Asian,College grad,1980-09-30
NHANES-102657,United States,female,60-79,White,Some college,1949-06-13
NHANES-102658,United States,male,0-19,White,NA,2008-12-17
NHANES-102659,Other,female,80+,Mexican American,Some college,1937-01-24
NHANES-102660,United States,female,0-19,Mexican American,NA,1998-12-17
NHANES-102661,United States,female,40-59,White,Some college,1959-07-23
NHANES-102662,United States,female,0-19,White,NA,2005-03-20
NHANES-102663,United States,male,0-19,White,NA,2013-12-12
NHANES-102664,Other,male,40-59,Asian,9-11th grade,1966-11-10
NHANES-102665,United States,male,80+,White,Some college,1936-04-03
NHANES-102666,United States,female,40-59,White,College grad,1973-02-10
NHANES-102667,Other,male,40-59,Mexican American,Less than 9th grade,1968-10-05
NHANES-102668,United States,female,20-39,White,Some college,1978-04-25
NHANES-102669,United States,male,20-39,Black,High school,1984-11-18
NHANES-102670,United States,female,0-19,Other Hispanic,NA,2018-10-27
NHANES-102671,United States,male,80+,White,College grad,1936-01-30
NHANES-102672,United States,female,20-39,Black,College grad,1996-05-21
NHANES-102673,Other,female,40-59,Asian,College grad,1971-02-20
NHANES-102674,United States,male,20-39,White,Some college,1991-02-07
NHANES-102675,Other,male,20-39,Black,Some college,1994-11-16
NHANES-102676,United States,male,20-39,Other,High school,1994-09-04
NHANES-102677,United States,male,60-79,White,Less than 9th grade,1957-12-04
NHANES-102678,United States,male,0-19,Other,NA,2011-03-12
NHANES-102679,United States,male,80+,White,Some college,1937-08-16
NHANES-102680,United States,male,80+,White,High school,1936-08-09
NHANES-102681,United States,male,0-19,Mexican American,NA,2015-01-12
NHANES-102682,Other,female,20-39,Asian,College grad,1984-09-26
NHANES-102683,Other,male,60-79,Mexican American,Less than 9th grade,1952-10-28
NHANES-102684,Other,male,20-39,Asian,College grad,1983-01-05
NHANES-102685,United States,male,20-39,White,Some college,1977-03-13
NHANES-102686,United States,female,40-59,White,Some college,1965-05-02
NHANES-102687,United States,female,60-79,Black,Some college,1952-10-14
NHANES-102688,United States,female,40-59,White,Some college,1963-12-25
NHANES-102689,United States,male,20-39,White,Some college,1993-06-12
NHANES-102690,United States,male,0-19,Black,NA,2007-08-15
NHANES-102691,United States,female,0-19,White,NA,2008-12-19
NHANES-102692,United States,male,0-19,White,NA,2005-01-11
NHANES-102693,United States,female,0-19,Other Hispanic,NA,2010-03-19
NHANES-102694,United States,female,40-59,White,Some college,1962-01-13
NHANES-102695,United States,female,0-19,Other,NA,2002-05-26
NHANES-102696,United States,male,60-79,Black,Some college,1950-09-24
NHANES-102697,United States,male,60-79,Black,High school,1942-12-22
NHANES-102698,United States,male,0-19,Other Hispanic,NA,2002-11-27
NHANES-102699,United States,male,0-19,Asian,NA,2005-11-10
NHANES-102700,Other,male,20-39,Other Hispanic,Some college,1994-02-06
NHANES-102701,United States,female,60-79,White,High school,1957-09-04
NHANES-102702,United States,male,60-79,White,Some college,1942-07-31
NHANES-102703,United States,female,0-19,Mexican American,NA,2004-12-21
NHANES-102704,United States,female,40-59,White,Some college,1965-02-28
NHANES-102705,United States,female,0-19,White,NA,2001-01-04
NHANES-102706,Other,male,40-59,Asian,College grad,1978-03-12
NHANES-102707,United States,male,20-39,White,High school,1991-06-04
NHANES-102708,United States,male,80+,White,Some college,1938-05-21
NHANES-102709,Other,male,0-19,Other Hispanic,NA,2001-02-06
NHANES-102710,United States,female,60-79,White,Some college,1945-09-09
NHANES-102711,United States,male,0-19,White,NA,2016-02-03
NHANES-102712,United States,female,0-19,Other,NA,2008-05-01
NHANES-102713,United States,female,20-39,Black,Some college,1995-05-27
NHANES-102714,United States,male,0-19,Mexican American,NA,2002-08-07
NHANES-102715,United States,female,0-19,Other Hispanic,NA,2009-11-08
NHANES-102716,United States,male,0-19,Other Hispanic,NA,2004-05-14
NHANES-102717,United States,female,60-79,Black,High school,1953-06-25
NHANES-102718,Other,male,20-39,Mexican American,9-11th grade,1997-12-03
NHANES-102719,United States,female,0-19,White,NA,2005-03-04
NHANES-102720,United States,male,40-59,White,Some college,1958-03-24
NHANES-102721,Other,female,40-59,Other Hispanic,9-11th grade,1964-08-05
NHANES-102722,Other,female,60-79,Mexican American,Less than 9th grade,1954-12-15
NHANES-102723,Other,female,60-79,Asian,High school,1953-11-25
NHANES-102724,Other,male,40-59,Mexican American,9-11th grade,1975-05-22
NHANES-102725,United States,female,0-19,White,NA,2000-12-21
NHANES-102726,United States,male,60-79,Black,High school,1954-11-29
NHANES-102727,United States,male,0-19,Other Hispanic,NA,2009-04-29
NHANES-102728,United States,male,0-19,White,NA,2001-08-15
NHANES-102729,United States,female,60-79,White,Some college,1955-09-14
NHANES-102730,Other,male,40-59,Asian,Some college,1964-10-23
NHANES-102731,United States,male,80+,White,College grad,1936-11-26
NHANES-102732,United States,male,60-79,White,College grad,1947-04-14
NHANES-102733,United States,male,60-79,Black,Less than 9th grade,1957-06-02
NHANES-102734,Other,female,0-19,Black,NA,2005-11-08
NHANES-102735,United States,female,0-19,Black,NA,1999-09-22
NHANES-102736,United States,male,0-19,Asian,NA,2016-06-30
NHANES-102737,United States,female,40-59,White,Some college,1966-11-20
NHANES-102738,United States,female,60-79,White,9-11th grade,1948-02-11
NHANES-102739,United States,female,0-19,Other Hispanic,NA,2014-08-16
NHANES-102740,United States,male,60-79,Black,Some college,1956-06-23
NHANES-102741,Other,female,0-19,Asian,NA,2000-10-01
NHANES-102742,United States,male,0-19,Mexican American,NA,2012-01-17
NHANES-102743,United States,male,40-59,Mexican American,High school,1972-04-14
NHANES-102744,United States,female,0-19,Other Hispanic,NA,2010-11-24
NHANES-102745,United States,male,0-19,Asian,NA,2011-05-13
NHANES-102746,United States,male,20-39,White,High school,1994-07-10
NHANES-102747,United States,female,40-59,White,Some college,1960-06-25
NHANES-102748,United States,male,0-19,Other,NA,2008-12-23
NHANES-102749,Other,male,0-19,Asian,NA,2012-10-17
NHANES-102750,Other,male,40-59,Asian,Some college,1967-04-10
NHANES-102751,United States,female,0-19,White,NA,1999-03-28
NHANES-102752,United States,female,0-19,Other Hispanic,NA,2016-01-16
NHANES-102753,United States,male,40-59,White,College grad,1968-09-10
NHANES-102754,United States,male,40-59,Black,Some college,1967-05-02
NHANES-102755,United States,male,0-19,Other Hispanic,NA,2004-03-12
NHANES-102756,United States,male,20-39,White,High school,1983-01-10
NHANES-102757,United States,male,0-19,White,NA,2007-05-09
NHANES-102758,Other,female,40-59,Asian,High school,1971-12-13
NHANES-102759,United States,female,40-59,White,Some college,1969-09-16
NHANES-102760,United States,female,0-19,Mexican American,NA,2017-07-07
NHANES-102761,United States,male,20-39,Black,Some college,1992-10-14
NHANES-102762,United States,male,20-39,White,High school,1998-04-20
NHANES-102763,Other,male,60-79,Other Hispanic,College grad,1954-06-11
NHANES-102764,United States,male,0-19,Mexican American,NA,2017-08-26
NHANES-102765,United States,male,0-19,Black,NA,2006-04-11
NHANES-102766,Other,female,40-59,Asian,9-11th grade,1971-01-11
NHANES-102767,United States,female,0-19,White,NA,2007-07-04
NHANES-102768,United States,male,40-59,White,College grad,1968-05-14
NHANES-102769,Other,male,0-19,Black,NA,2005-06-29
NHANES-102770,United States,female,0-19,Mexican American,NA,2004-12-13
NHANES-102771,United States,female,60-79,Mexican American,Some college,1957-07-25
NHANES-102772,United States,male,40-59,White,Some college,1961-11-22
NHANES-102773,United States,female,60-79,White,College grad,1954-05-14
NHANES-102774,United States,female,0-19,Black,NA,2015-03-31
NHANES-102775,United States,male,40-59,White,High school,1960-03-08
NHANES-102776,United States,male,20-39,White,Some college,1983-02-05
NHANES-102777,United States,female,60-79,White,High school,1957-11-03
NHANES-102778,United States,female,60-79,Black,Some college,1950-01-16
NHANES-102779,United States,male,40-59,White,Some college,1960-09-16
NHANES-102780,United States,male,0-19,Black,NA,2010-05-24
NHANES-102781,United States,male,20-39,Mexican American,9-11th grade,1993-02-25
NHANES-102782,United States,male,0-19,Black,NA,2011-02-10
NHANES-102783,Other,female,40-59,Asian,College grad,1964-12-12
NHANES-102784,United States,male,0-19,Other Hispanic,NA,2012-11-13
NHANES-102785,United States,female,40-59,White,Some college,1963-03-31
NHANES-102786,Other,female,40-59,Asian,College grad,1970-09-17
NHANES-102787,United States,male,0-19,Black,NA,2013-08-13
NHANES-102788,Other,female,40-59,Black,9-11th grade,1975-04-09
NHANES-102789,Other,male,60-79,Mexican American,Less than 9th grade,1956-08-17
NHANES-102790,United States,male,40-59,White,Some college,1971-01-19
NHANES-102791,United States,male,60-79,Black,High school,1955-01-22
NHANES-102792,United States,male,60-79,White,Less than 9th grade,1956-08-15
NHANES-102793,United States,female,20-39,White,Some college,1987-08-22
NHANES-102794,Other,male,60-79,Other Hispanic,High school,1949-10-17
NHANES-102795,United States,male,0-19,White,NA,2013-03-13
NHANES-102796,United States,male,0-19,White,NA,2010-08-20
NHANES-102797,United States,male,20-39,Black,Some college,1997-12-30
NHANES-102798,United States,female,40-59,Other Hispanic,Some college,1959-08-17
NHANES-102799,Other,female,60-79,Asian,College grad,1954-06-09
NHANES-102800,United States,male,60-79,White,9-11th grade,1952-04-24
NHANES-102801,United States,female,40-59,Black,College grad,1959-04-14
NHANES-102802,United States,male,20-39,Asian,College grad,1992-11-02
NHANES-102803,United States,female,0-19,Black,NA,2008-09-10
NHANES-102804,Other,male,20-39,Mexican American,9-11th grade,1987-09-23
NHANES-102805,United States,male,60-79,Black,9-11th grade,1958-05-09
NHANES-102806,United States,female,0-19,Black,NA,2015-10-24
NHANES-102807,United States,male,60-79,Black,Some college,1938-02-05
NHANES-102808,United States,male,60-79,Black,9-11th grade,1954-10-24
NHANES-102809,Other,male,20-39,Mexican American,Some college,1993-01-10
NHANES-102810,United States,female,0-19,Other Hispanic,NA,2001-07-09
NHANES-102811,Other,female,40-59,Mexican American,High school,1976-09-18
NHANES-102812,United States,female,0-19,White,NA,2012-11-27
NHANES-102813,United States,male,0-19,White,NA,2017-02-24
NHANES-102814,United States,male,0-19,Mexican American,NA,2005-06-05
NHANES-102815,United States,male,80+,White,Some college,1938-07-24
NHANES-102816,Other,female,40-59,Other Hispanic,High school,1976-01-16
NHANES-102817,United States,male,0-19,White,NA,2016-04-14
NHANES-102818,United States,male,0-19,Black,NA,2013-12-04
NHANES-102819,United States,female,40-59,White,High school,1970-04-25
NHANES-102820,Other,female,40-59,Mexican American,Some college,1959-11-10
NHANES-102821,United States,female,20-39,Black,Some college,1982-12-29
NHANES-102822,United States,female,0-19,Asian,NA,2000-12-03
NHANES-102823,Other,female,40-59,Other Hispanic,Some college,1963-09-17
NHANES-102824,United States,female,0-19,White,NA,2018-05-24
NHANES-102825,United States,female,80+,White,High school,1938-03-03
NHANES-102826,Other,female,40-59,Mexican American,Less than 9th grade,1959-11-12
NHANES-102827,United States,male,0-19,White,NA,2003-01-31
NHANES-102828,United States,female,80+,Black,9-11th grade,1938-03-25
NHANES-102829,United States,male,0-19,White,NA,2015-04-03
NHANES-102830,United States,male,0-19,White,NA,2009-09-13
NHANES-102831,Other,female,40-59,Asian,Less than 9th grade,1965-08-05
NHANES-102832,United States,male,20-39,White,High school,1987-12-02
NHANES-102833,United States,male,20-39,Black,High school,1992-05-26
NHANES-102834,United States,male,40-59,Black,High school,1959-11-09
NHANES-102835,Other,female,60-79,Black,High school,1950-04-09
NHANES-102836,Other,male,40-59,Mexican American,9-11th grade,1978-01-26
NHANES-102837,United States,female,0-19,Other Hispanic,NA,1999-10-31
NHANES-102838,United States,male,40-59,Other,Some college,1975-12-12
NHANES-102839,United States,male,0-19,White,NA,2016-12-29
NHANES-102840,United States,male,0-19,White,NA,2017-10-16
NHANES-102841,Other,male,60-79,Other Hispanic,NA,1940-03-08
NHANES-102842,United States,male,0-19,Other,NA,2009-03-25
NHANES-102843,United States,male,0-19,Other,NA,2017-01-16
NHANES-102844,United States,male,0-19,Mexican American,NA,2016-08-03
NHANES-102845,United States,male,60-79,Black,Some college,1955-06-24
NHANES-102846,United States,female,60-79,White,High school,1957-05-04
NHANES-102847,United States,female,20-39,White,Some college,1987-09-07
NHANES-102848,United States,male,0-19,White,NA,2015-11-26
NHANES-102849,United States,male,20-39,Asian,High school,1987-05-21
NHANES-102850,United States,male,40-59,Other Hispanic,College grad,1964-07-13
NHANES-102851,United States,male,40-59,Mexican American,Some college,1959-02-03
NHANES-102852,Other,female,0-19,Mexican American,NA,2007-12-07
NHANES-102853,United States,male,40-59,White,Less than 9th grade,1971-06-19
NHANES-102854,United States,male,40-59,Other,College grad,1973-07-13
NHANES-102855,Other,male,60-79,Asian,Some college,1955-12-25
NHANES-102856,Other,male,80+,Asian,9-11th grade,1937-01-29
NHANES-102857,United States,female,0-19,Mexican American,NA,2003-12-22
NHANES-102858,Other,male,20-39,Asian,Some college,1980-02-17
NHANES-102859,United States,female,0-19,White,NA,2009-11-21
NHANES-102860,Other,male,60-79,Asian,College grad,1955-04-21
NHANES-102861,United States,female,40-59,Black,High school,1976-03-19
NHANES-102862,United States,female,0-19,White,NA,2017-11-12
NHANES-102863,Other,female,60-79,Mexican American,Less than 9th grade,1957-03-28
NHANES-102864,United States,male,0-19,Other Hispanic,NA,2008-10-21
NHANES-102865,United States,female,40-59,White,College grad,1974-05-15
NHANES-102866,United States,female,60-79,White,High school,1944-11-18
NHANES-102867,United States,male,0-19,Asian,NA,2000-09-19
NHANES-102868,Other,female,60-79,Asian,Some college,1947-07-09
NHANES-102869,United States,male,60-79,White,Some college,1950-12-27
NHANES-102870,Other,female,40-59,Asian,College grad,1967-01-05
NHANES-102871,Other,female,80+,Asian,9-11th grade,1938-03-25
NHANES-102872,United States,female,40-59,Black,College grad,1973-01-27
NHANES-102873,United States,male,60-79,Black,High school,1950-12-04
NHANES-102874,United States,male,0-19,Mexican American,NA,2014-12-19
NHANES-102875,United States,male,60-79,White,High school,1955-04-15
NHANES-102876,Other,male,60-79,Other Hispanic,College grad,1953-11-06
NHANES-102877,United States,female,0-19,Mexican American,NA,1999-07-22
NHANES-102878,United States,male,60-79,Mexican American,9-11th grade,1956-11-10
NHANES-102879,United States,male,20-39,White,High school,1997-02-05
NHANES-102880,Other,female,40-59,Asian,College grad,1967-06-10
NHANES-102881,United States,male,0-19,Asian,NA,2012-05-07
NHANES-102882,United States,male,0-19,White,NA,2010-11-23
NHANES-102883,United States,male,80+,White,College grad,1936-12-17
NHANES-102884,Other,male,20-39,Mexican American,High school,1985-03-02
NHANES-102885,United States,female,20-39,Black,Some college,1981-04-01
NHANES-102886,Other,female,40-59,Asian,College grad,1968-05-02
NHANES-102887,Other,female,60-79,Black,Some college,1958-04-13
NHANES-102888,United States,male,0-19,Other Hispanic,NA,2013-05-16
NHANES-102889,United States,male,40-59,Mexican American,Some college,1970-07-23
NHANES-102890,United States,male,80+,Black,Some college,1936-10-19
NHANES-102891,United States,male,0-19,Mexican American,NA,2009-01-09
NHANES-102892,Other,female,40-59,Mexican American,High school,1975-02-06
NHANES-102893,United States,female,40-59,White,Some college,1972-10-29
NHANES-102894,United States,male,20-39,Other Hispanic,9-11th grade,1990-07-04
NHANES-102895,United States,male,40-59,Black,Some college,1973-06-23
NHANES-102896,United States,male,0-19,Black,NA,2014-12-31
NHANES-102897,United States,male,0-19,White,NA,2017-01-17
NHANES-102898,United States,male,0-19,Black,NA,2008-03-20
NHANES-102899,United States,female,20-39,White,Some college,1997-06-22
NHANES-102900,United States,male,0-19,Other Hispanic,NA,2010-05-01
NHANES-102901,United States,male,60-79,Black,9-11th grade,1952-03-31
NHANES-102902,United States,male,0-19,White,NA,2017-05-30
NHANES-102903,United States,female,20-39,Black,High school,1998-03-13
NHANES-102904,United States,female,60-79,White,College grad,1942-02-12
NHANES-102905,United States,female,0-19,White,NA,2004-10-20
NHANES-102906,United States,male,0-19,White,NA,2008-06-18
NHANES-102907,United States,female,40-59,Black,Some college,1971-08-24
NHANES-102908,United States,male,40-59,White,High school,1966-01-12
NHANES-102909,United States,male,0-19,White,NA,2006-03-04
NHANES-102910,United States,male,60-79,White,Some college,1945-08-28
NHANES-102911,United States,female,40-59,Other,High school,1962-06-12
NHANES-102912,United States,female,0-19,White,NA,2006-06-08
NHANES-102913,United States,female,20-39,White,College grad,1977-10-29
NHANES-102914,Other,female,60-79,Asian,Some college,1945-08-26
NHANES-102915,United States,female,0-19,Black,NA,2003-08-30
NHANES-102916,United States,male,60-79,Other Hispanic,Some college,1951-04-22
NHANES-102917,United States,female,60-79,Black,College grad,1956-02-16
NHANES-102918,United States,male,20-39,White,High school,1985-02-28
NHANES-102919,United States,male,0-19,White,NA,2018-06-14
NHANES-102920,United States,female,60-79,Other Hispanic,Some college,1954-10-22
NHANES-102921,Other,male,40-59,Mexican American,Less than 9th grade,1964-03-09
NHANES-102922,United States,male,20-39,Black,High school,1985-10-10
NHANES-102923,United States,female,40-59,White,High school,1973-03-22
NHANES-102924,United States,female,60-79,White,Some college,1942-11-04
NHANES-102925,Other,male,0-19,White,NA,2015-02-26
NHANES-102926,United States,female,0-19,Other,NA,2002-09-28
NHANES-102927,United States,male,0-19,White,NA,2018-06-15
NHANES-102928,United States,male,0-19,Other Hispanic,NA,2018-01-22
NHANES-102929,United States,male,60-79,Black,9-11th grade,1958-04-20
NHANES-102930,United States,female,0-19,Black,NA,2016-06-11
NHANES-102931,United States,female,0-19,White,NA,2007-05-28
NHANES-102932,United States,female,0-19,White,NA,2014-02-24
NHANES-102933,United States,female,20-39,Black,Some college,1993-11-15
NHANES-102934,United States,male,40-59,Black,High school,1970-05-10
NHANES-102935,United States,female,20-39,White,College grad,1990-01-05
NHANES-102936,United States,male,0-19,Other,NA,2015-10-08
NHANES-102937,United States,female,0-19,White,NA,2013-10-01
NHANES-102938,United States,female,0-19,White,NA,2012-04-23
NHANES-102939,United States,female,0-19,Other,NA,2016-07-17
NHANES-102940,United States,female,60-79,White,High school,1941-05-28
NHANES-102941,Other,female,0-19,Mexican American,NA,2002-08-19
NHANES-102942,United States,female,0-19,White,NA,2017-01-13
NHANES-102943,United States,female,40-59,Mexican American,Some college,1968-12-15
NHANES-102944,Other,male,40-59,Asian,High school,1961-11-07
NHANES-102945,United States,male,0-19,Other Hispanic,NA,2002-07-06
NHANES-102946,Other,male,60-79,Asian,Some college,1951-10-08
NHANES-102947,United States,male,60-79,Black,College grad,1942-10-25
NHANES-102948,United States,female,20-39,White,Some college,1986-01-20
NHANES-102949,United States,male,20-39,White,High school,1984-09-02
NHANES-102950,United States,male,60-79,Black,High school,1953-08-03
NHANES-102951,United States,male,0-19,White,NA,2012-12-23
NHANES-102952,Other,female,60-79,Asian,High school,1946-09-24
NHANES-102953,Other,male,40-59,Mexican American,High school,1975-03-07
NHANES-102954,United States,female,40-59,Black,College grad,1975-06-19
NHANES-102955,United States,female,0-19,Black,NA,2003-03-08
NHANES-102956,United States,male,20-39,White,Some college,1979-04-24
NHANES-93703,United States,female,0-19,Asian,NA,2015-04-13
NHANES-93704,United States,male,0-19,White,NA,2015-05-04
NHANES-93705,United States,female,60-79,Black,9-11th grade,1952-01-04
NHANES-93706,United States,male,0-19,Asian,NA,1999-10-19
NHANES-93707,United States,male,0-19,Other,NA,2004-06-05
NHANES-93708,Other,female,60-79,Asian,Less than 9th grade,1951-03-04
NHANES-93709,United States,female,60-79,Black,Some college,1942-08-17
NHANES-93710,United States,female,0-19,White,NA,2017-06-07
NHANES-93711,Other,male,40-59,Asian,College grad,1961-06-11
NHANES-93712,Other,male,0-19,Mexican American,NA,1998-10-22
NHANES-93713,United States,male,60-79,White,High school,1951-06-20
NHANES-93714,United States,female,40-59,Black,Some college,1963-12-24
NHANES-93715,United States,male,60-79,Other,High school,1946-06-21
NHANES-93716,Other,male,60-79,Asian,College grad,1956-05-03
NHANES-93717,United States,male,20-39,White,High school,1996-06-18
NHANES-93718,United States,male,40-59,Black,High school,1973-01-18
NHANES-93719,United States,female,0-19,White,NA,2003-05-23
NHANES-93720,United States,female,0-19,Black,NA,2016-10-07
NHANES-93721,Other,female,60-79,Mexican American,Less than 9th grade,1958-05-29
NHANES-93722,Other,female,60-79,White,Some college,1957-10-03
NHANES-93723,United States,male,60-79,White,College grad,1953-11-04
NHANES-93724,United States,female,0-19,Black,NA,2013-11-04
NHANES-93725,United States,female,0-19,White,NA,2008-04-12
NHANES-93726,Other,female,60-79,Mexican American,Less than 9th grade,1950-12-31
NHANES-93727,Other,male,60-79,Asian,College grad,1947-04-04
NHANES-93728,United States,male,40-59,Black,College grad,1963-11-30
NHANES-93729,United States,male,40-59,Black,9-11th grade,1975-08-18
NHANES-93730,Other,male,40-59,Other Hispanic,9-11th grade,1960-01-05
NHANES-93731,United States,male,20-39,Mexican American,Some college,1998-06-13
NHANES-93732,United States,male,60-79,White,High school,1944-12-28
NHANES-93733,United States,female,0-19,White,NA,2006-05-30
NHANES-93734,United States,male,0-19,White,NA,2004-07-23
NHANES-93735,Other,male,40-59,Other Hispanic,Less than 9th grade,1966-02-26
NHANES-93736,United States,male,0-19,Mexican American,NA,2005-05-04
NHANES-93737,United States,male,0-19,Black,NA,2010-03-10
NHANES-93738,United States,male,20-39,Other Hispanic,Some college,1990-09-06
NHANES-93739,United States,female,0-19,Mexican American,NA,2011-12-10
NHANES-93740,United States,male,60-79,Black,9-11th grade,1945-03-21
NHANES-93741,United States,female,0-19,Asian,NA,2007-05-30
NHANES-93742,United States,male,60-79,Black,College grad,1945-10-10
NHANES-93743,United States,male,60-79,White,Less than 9th grade,1956-08-21
NHANES-93744,United States,female,0-19,White,NA,2007-02-05
NHANES-93745,United States,male,0-19,Asian,NA,2011-10-19
NHANES-93746,United States,female,20-39,Black,College grad,1993-02-16
NHANES-93747,United States,female,0-19,Other Hispanic,NA,2003-07-01
NHANES-93748,United States,male,0-19,Mexican American,NA,2017-11-20
NHANES-93749,United States,female,0-19,White,NA,2016-10-16
NHANES-93750,Other,female,40-59,Asian,College grad,1966-04-26
NHANES-93751,United States,female,0-19,Mexican American,NA,2011-03-10
NHANES-93752,United States,female,60-79,White,Some college,1944-01-11
NHANES-93753,United States,female,0-19,White,NA,2006-05-11
NHANES-93754,Other,male,60-79,Other Hispanic,High school,1946-01-18
NHANES-93755,United States,female,20-39,Black,Some college,1992-08-31
NHANES-93756,United States,female,60-79,Black,College grad,1953-08-11
NHANES-93757,United States,male,60-79,White,Some college,1954-03-17
NHANES-93758,United States,female,40-59,White,Less than 9th grade,1961-04-26
NHANES-93759,Other,male,60-79,Other,College grad,1957-06-17
NHANES-93760,Other,female,40-59,Mexican American,Less than 9th grade,1963-01-26
NHANES-93761,Other,male,40-59,Asian,Some college,1973-08-14
NHANES-93762,United States,female,60-79,Mexican American,High school,1943-06-03
NHANES-93763,United States,male,40-59,White,High school,1977-11-12
NHANES-93764,United States,female,0-19,White,NA,2016-06-12
NHANES-93765,United States,male,0-19,White,NA,1998-09-24
NHANES-93766,Other,female,20-39,Other Hispanic,9-11th grade,1981-07-06
NHANES-93767,Other,male,60-79,Other Hispanic,College grad,1956-01-17
NHANES-93768,United States,male,80+,White,High school,1937-10-30
NHANES-93769,United States,male,0-19,Other,NA,2011-08-16
NHANES-93770,Other,male,40-59,Other Hispanic,Less than 9th grade,1961-10-21
NHANES-93771,United States,male,0-19,Asian,NA,2013-06-30
NHANES-93772,United States,female,40-59,Black,High school,1962-11-17
NHANES-93773,United States,male,60-79,White,Some college,1948-08-25
NHANES-93774,Other,female,40-59,White,Some college,1976-06-04
NHANES-93775,United States,female,40-59,Asian,Some college,1970-12-11
NHANES-93776,United States,female,20-39,Black,High school,1985-03-10
NHANES-93777,United States,female,60-79,Black,Some college,1945-12-01
NHANES-93778,United States,female,0-19,Black,NA,1998-05-08
NHANES-93779,United States,female,0-19,Other,NA,2006-07-13
NHANES-93780,United States,female,40-59,Other,High school,1971-07-28
NHANES-93781,Other,male,20-39,Other Hispanic,Less than 9th grade,1984-10-26
NHANES-93782,United States,female,20-39,Black,Some college,1991-10-04
NHANES-93783,Other,female,20-39,Other Hispanic,High school,1995-11-16
NHANES-93784,United States,female,0-19,White,NA,2015-05-23
NHANES-93785,United States,female,80+,White,College grad,1936-08-19
NHANES-93786,United States,male,0-19,Black,NA,2018-05-09
NHANES-93787,United States,female,0-19,Other,NA,2004-04-27
NHANES-93788,United States,female,60-79,White,College grad,1952-02-05
NHANES-93789,United States,female,20-39,White,College grad,1984-05-04
NHANES-93790,United States,female,0-19,Other,NA,2012-08-08
NHANES-93791,United States,male,20-39,Other,Some college,1998-01-01
NHANES-93792,United States,female,20-39,Other Hispanic,Some college,1985-06-11
NHANES-93793,United States,male,0-19,Mexican American,NA,2005-08-18
NHANES-93794,Other,female,60-79,Asian,Some college,1955-01-02
NHANES-93795,United States,male,60-79,Black,9-11th grade,1954-05-28
NHANES-93796,United States,male,60-79,White,High school,1946-04-23
NHANES-93797,United States,female,40-59,White,College grad,1965-02-25
NHANES-93798,United States,female,60-79,Black,High school,1956-08-11
NHANES-93799,United States,male,40-59,Black,High school,1977-04-29
NHANES-93800,United States,female,80+,White,College grad,1938-03-02
NHANES-93801,Other,male,40-59,Other Hispanic,College grad,1958-02-10
NHANES-93802,United States,female,0-19,White,NA,2015-05-27
NHANES-93803,United States,male,0-19,Black,NA,2005-04-19
NHANES-93804,United States,male,0-19,White,NA,2015-12-06
NHANES-93805,United States,female,60-79,White,Some college,1952-12-28
NHANES-93806,Other,male,40-59,Asian,College grad,1973-09-25
NHANES-93807,United States,female,0-19,Mexican American,NA,2005-08-23
NHANES-93808,United States,male,0-19,White,NA,2004-01-27
NHANES-93809,United States,male,0-19,Other,NA,2016-07-19
NHANES-93810,Other,male,0-19,Black,NA,2003-03-13
NHANES-93811,Other,male,20-39,Asian,Some college,1994-01-15
NHANES-93812,United States,male,60-79,White,College grad,1951-03-29
NHANES-93813,Other,female,40-59,Mexican American,Less than 9th grade,1975-02-11
NHANES-93814,Other,female,40-59,Black,College grad,1976-03-17
NHANES-93815,United States,female,20-39,Other,Some college,1986-06-14
NHANES-93816,Other,female,80+,Other Hispanic,Less than 9th grade,1936-11-18
NHANES-93817,Other,male,40-59,Asian,College grad,1961-08-02
NHANES-93818,United States,male,0-19,Mexican American,NA,2002-10-24
NHANES-93819,Other,female,60-79,Black,High school,1955-02-16
NHANES-93820,United States,female,0-19,Black,NA,2006-05-31
NHANES-93821,United States,female,0-19,Asian,NA,2000-08-21
NHANES-93822,United States,female,0-19,Mexican American,NA,2012-03-13
NHANES-93823,United States,female,40-59,Other Hispanic,College grad,1960-02-12
NHANES-93824,Other,female,40-59,Other Hispanic,Some college,1964-10-05
NHANES-93825,United States,male,60-79,White,9-11th grade,1943-11-17
NHANES-93826,United States,female,60-79,White,Some college,1944-05-11
NHANES-93827,Other,female,60-79,Asian,High school,1948-08-03
NHANES-93828,United States,female,0-19,White,NA,2014-07-16
NHANES-93829,United States,female,20-39,Black,College grad,1979-07-16
NHANES-93830,United States,male,60-79,Black,Some college,1950-05-04
NHANES-93831,United States,male,60-79,Other Hispanic,Less than 9th grade,1957-03-11
NHANES-93832,Other,male,60-79,Asian,Some college,1953-02-01
NHANES-93833,United States,male,0-19,White,NA,2011-02-17
NHANES-93834,United States,female,40-59,White,9-11th grade,1970-02-02
NHANES-93835,United States,male,20-39,Black,College grad,1991-04-08
NHANES-93836,United States,female,0-19,Mexican American,NA,2004-10-18
NHANES-93837,United States,female,20-39,White,High school,1981-10-12
NHANES-93838,United States,male,0-19,Mexican American,NA,2013-02-23
NHANES-93839,United States,female,40-59,White,Some college,1966-07-01
NHANES-93840,Other,male,40-59,Asian,College grad,1971-03-17
NHANES-93841,United States,female,40-59,Other,College grad,1970-01-14
NHANES-93842,United States,male,0-19,Black,NA,2014-12-15
NHANES-93843,United States,female,40-59,Other Hispanic,College grad,1976-07-01
NHANES-93844,United States,male,0-19,White,NA,2011-10-27
NHANES-93845,United States,female,20-39,White,High school,1989-03-13
NHANES-93846,United States,female,20-39,Black,Some college,1989-02-15
NHANES-93847,United States,female,40-59,Mexican American,9-11th grade,1974-03-24
NHANES-93848,United States,male,60-79,Black,High school,1954-11-30
NHANES-93849,United States,female,40-59,White,College grad,1977-06-19
NHANES-93850,Other,female,60-79,Black,High school,1944-07-21
NHANES-93851,United States,female,60-79,White,High school,1943-04-08
NHANES-93852,United States,female,40-59,Other,Some college,1973-02-15
NHANES-93853,Other,male,40-59,Mexican American,Less than 9th grade,1967-12-08
NHANES-93854,United States,male,0-19,White,NA,2016-11-09
NHANES-93855,United States,male,60-79,White,Some college,1945-12-28
NHANES-93856,United States,male,60-79,Black,Some college,1950-10-16
NHANES-93857,United States,female,0-19,White,NA,2014-05-19
NHANES-93858,United States,female,0-19,Other,NA,1998-03-23
NHANES-93859,Other,male,60-79,Black,College grad,1944-04-21
NHANES-93860,Other,female,20-39,Mexican American,High school,1979-02-04
NHANES-93861,United States,male,60-79,White,9-11th grade,1940-11-07
NHANES-93862,United States,male,0-19,Mexican American,NA,2015-01-22
NHANES-93863,Other,male,40-59,Asian,High school,1967-01-19
NHANES-93864,Other,female,0-19,Other Hispanic,NA,2005-07-10
NHANES-93865,United States,male,0-19,White,NA,2017-10-01
NHANES-93866,United States,male,20-39,White,High school,1991-05-27
NHANES-93867,United States,female,0-19,Mexican American,NA,2014-09-22
NHANES-93868,United States,male,60-79,Black,9-11th grade,1948-08-13
NHANES-93869,United States,male,80+,White,College grad,1938-06-25
NHANES-93870,United States,female,20-39,White,Some college,1998-06-22
NHANES-93871,United States,female,40-59,Mexican American,9-11th grade,1961-03-07
NHANES-93872,United States,male,0-19,Mexican American,NA,2017-03-08
NHANES-93873,United States,female,0-19,Mexican American,NA,2001-09-19
NHANES-93874,United States,female,0-19,Mexican American,NA,2009-02-20
NHANES-93875,United States,male,20-39,Black,9-11th grade,1979-11-04
NHANES-93876,United States,male,0-19,Mexican American,NA,2008-07-25
NHANES-93877,United States,male,60-79,White,High school,1952-03-29
NHANES-93878,United States,female,40-59,Black,High school,1957-09-14
NHANES-93879,United States,female,0-19,White,NA,2010-04-29
NHANES-93880,United States,female,0-19,White,NA,2012-06-28
NHANES-93881,United States,female,0-19,Mexican American,NA,2009-06-12
NHANES-93882,United States,male,20-39,Asian,Some college,1991-09-07
NHANES-93883,United States,female,20-39,Black,Some college,1987-04-18
NHANES-93884,United States,male,0-19,White,NA,1998-11-17
NHANES-93885,United States,male,0-19,Black,NA,2008-05-09
NHANES-93886,United States,male,60-79,White,Some college,1939-08-24
NHANES-93887,United States,male,60-79,White,Some college,1954-12-26
NHANES-93888,United States,female,20-39,White,Some college,1979-11-28
NHANES-93889,United States,female,0-19,Black,NA,2010-03-07
NHANES-93890,United States,male,20-39,Asian,College grad,1989-07-26
NHANES-93891,Other,female,40-59,Mexican American,High school,1960-10-01
NHANES-93892,United States,female,80+,White,High school,1938-02-15
NHANES-93893,United States,male,40-59,Black,Some college,1962-12-10
NHANES-93894,United States,female,60-79,White,Less than 9th grade,1951-09-26
NHANES-93895,United States,male,40-59,White,College grad,1976-06-09
NHANES-93896,United States,male,0-19,White,NA,2007-06-05
NHANES-93897,United States,female,0-19,White,NA,2007-12-01
NHANES-93898,United States,male,0-19,Black,NA,2011-08-09
NHANES-93899,United States,male,60-79,White,9-11th grade,1951-06-07
NHANES-93900,Other,male,40-59,Mexican American,Less than 9th grade,1970-03-05
NHANES-93901,United States,female,0-19,Mexican American,NA,2005-04-28
NHANES-93902,Other,female,20-39,Mexican American,9-11th grade,1993-09-13
NHANES-93903,United States,male,60-79,White,High school,1955-12-29
NHANES-93904,United States,male,0-19,Other,NA,2007-01-08
NHANES-93905,United States,male,0-19,Asian,NA,2002-08-11
NHANES-93906,United States,male,20-39,Mexican American,9-11th grade,1977-11-09
NHANES-93907,United States,female,40-59,Black,High school,1976-03-10
NHANES-93908,Other,female,20-39,Asian,High school,1997-04-29
NHANES-93909,Other,male,40-59,Asian,College grad,1976-09-24
NHANES-93910,United States,male,80+,White,College grad,1937-08-10
NHANES-93911,United States,male,0-19,White,NA,2012-10-18
NHANES-93912,United States,female,20-39,Black,Some college,1992-12-15
NHANES-93913,Other,female,40-59,Asian,College grad,1976-10-17
NHANES-93914,Other,male,40-59,Asian,Some college,1976-02-04
NHANES-93915,Other,male,20-39,White,High school,1982-08-04
NHANES-93916,Other,male,20-39,Asian,College grad,1990-01-29
NHANES-93917,United States,male,0-19,White,NA,2002-06-15
NHANES-93918,United States,male,20-39,White,High school,1980-12-04
NHANES-93919,United States,female,0-19,White,NA,2008-12-10
NHANES-93920,Other,female,60-79,Asian,College grad,1956-12-13
NHANES-93921,United States,female,0-19,White,NA,2010-04-01
NHANES-93922,Other,male,0-19,Other Hispanic,NA,2006-01-16
NHANES-93923,United States,male,40-59,White,High school,1966-03-21
NHANES-93924,United States,female,60-79,White,Some college,1947-02-10
NHANES-93925,United States,female,0-19,Black,NA,2004-07-23
NHANES-93926,United States,male,20-39,Other,High school,1986-11-10
NHANES-93927,United States,female,40-59,White,9-11th grade,1963-01-18
NHANES-93928,United States,male,0-19,White,NA,2007-02-06
NHANES-93929,United States,female,20-39,White,College grad,1983-05-14
NHANES-93930,Other,male,80+,Other Hispanic,Less than 9th grade,1937-10-22
NHANES-93931,United States,male,20-39,Other,9-11th grade,1993-01-29
NHANES-93932,Other,female,40-59,Asian,College grad,1962-04-25
NHANES-93933,United States,female,0-19,Black,NA,2017-05-02
NHANES-93934,United States,female,0-19,White,NA,2016-10-14
NHANES-93935,Other,male,20-39,Mexican American,Less than 9th grade,1978-06-23
NHANES-93936,United States,male,0-19,White,NA,2018-05-20
NHANES-93937,United States,male,20-39,White,Some college,1987-04-24
NHANES-93938,United States,female,0-19,Other,NA,1999-07-29
NHANES-93939,United States,female,40-59,Black,Some college,1977-01-26
NHANES-93940,United States,male,40-59,White,High school,1967-03-09
NHANES-93941,United States,male,40-59,Other,College grad,1974-08-12
NHANES-93942,United States,female,40-59,White,College grad,1965-06-13
NHANES-93943,United States,male,80+,White,College grad,1938-05-27
NHANES-93944,United States,female,0-19,Mexican American,NA,2016-05-27
NHANES-93945,United States,male,60-79,Black,9-11th grade,1952-03-03
NHANES-93946,United States,male,20-39,Mexican American,High school,1995-06-11
NHANES-93947,Other,female,40-59,Asian,College grad,1963-11-19
NHANES-93948,United States,male,0-19,Black,NA,2004-06-07
NHANES-93949,Other,female,40-59,Asian,Some college,1968-05-01
NHANES-93950,United States,male,20-39,Other Hispanic,High school,1988-10-10
NHANES-93951,United States,female,0-19,Black,NA,2017-05-24
NHANES-93952,United States,female,20-39,White,Some college,1982-10-14
NHANES-93953,Other,male,20-39,Other,High school,1991-01-20
NHANES-93954,Other,male,20-39,White,Some college,1993-10-30
NHANES-93955,United States,female,60-79,Mexican American,High school,1951-04-28
NHANES-93956,United States,male,0-19,White,NA,2010-06-24
NHANES-93957,United States,female,40-59,White,Some college,1976-09-10
NHANES-93958,United States,female,0-19,Black,NA,2015-02-24
NHANES-93959,United States,female,60-79,Black,Some college,1956-08-10
NHANES-93960,United States,male,60-79,Black,Some college,1957-11-22
NHANES-93961,Other,female,40-59,Asian,College grad,1964-01-21
NHANES-93962,United States,male,0-19,White,NA,2017-12-26
NHANES-93963,United States,male,80+,White,9-11th grade,1936-11-26
NHANES-93964,Other,male,40-59,Asian,College grad,1966-05-11
NHANES-93965,Other,female,20-39,Other Hispanic,College grad,1987-07-27
NHANES-93966,United States,male,0-19,White,NA,2018-04-01
NHANES-93967,United States,male,0-19,White,NA,2016-10-04
NHANES-93968,United States,male,40-59,Black,9-11th grade,1960-09-22
NHANES-93969,United States,female,20-39,White,College grad,1984-08-31
NHANES-93970,Other,male,20-39,Asian,College grad,1984-01-20
NHANES-93971,United States,male,40-59,Black,College grad,1976-02-04
NHANES-93972,United States,male,20-39,White,Some college,1982-03-19
NHANES-93973,United States,female,0-19,Other Hispanic,NA,2004-04-28
NHANES-93974,United States,male,40-59,White,College grad,1957-07-30
NHANES-93975,United States,female,40-59,White,High school,1962-10-12
NHANES-93976,United States,female,0-19,Other Hispanic,NA,2017-09-22
NHANES-93977,Other,female,60-79,Black,High school,1951-09-01
NHANES-93978,Other,male,40-59,Asian,High school,1960-11-13
NHANES-93979,United States,male,0-19,White,NA,2000-11-25
NHANES-93980,United States,female,20-39,White,College grad,1988-03-20
NHANES-93981,Other,female,40-59,Asian,College grad,1966-04-02
NHANES-93982,Other,female,40-59,White,College grad,1959-08-15
NHANES-93983,Other,female,60-79,Asian,High school,1941-09-11
NHANES-93984,United States,female,20-39,White,Some college,1985-05-15
NHANES-93985,Other,female,60-79,Other Hispanic,Some college,1956-01-25
NHANES-93986,United States,female,0-19,Black,NA,2010-12-17
NHANES-93987,Other,male,20-39,Mexican American,9-11th grade,1982-07-30
NHANES-93988,United States,female,20-39,White,High school,1985-10-07
NHANES-93989,United States,female,20-39,White,College grad,1978-02-09
NHANES-93990,Other,female,60-79,White,College grad,1952-11-04
NHANES-93991,United States,male,0-19,Other Hispanic,NA,2005-05-23
NHANES-93992,United States,female,0-19,Asian,NA,2005-02-25
NHANES-93993,United States,female,0-19,White,NA,2016-05-04
NHANES-93994,United States,female,0-19,Black,NA,2016-12-24
NHANES-93995,United States,female,0-19,White,NA,2005-05-30
NHANES-93996,United States,male,0-19,Other Hispanic,NA,2015-05-22
NHANES-93997,United States,female,0-19,White,NA,2005-10-02
NHANES-93998,United States,female,20-39,White,High school,1993-01-01
NHANES-93999,United States,female,20-39,Black,Some college,1994-04-06
NHANES-94000,United States,male,60-79,White,Some college,1957-09-30
NHANES-94001,United States,female,0-19,Mexican American,NA,1999-03-29
NHANES-94002,United States,female,20-39,Black,College grad,1991-04-25
NHANES-94003,United States,female,60-79,Mexican American,Some college,1942-03-28
NHANES-94004,United States,female,20-39,Asian,College grad,1991-12-07
NHANES-94005,United States,male,0-19,Mexican American,NA,2011-06-26
NHANES-94006,United States,male,0-19,Mexican American,NA,2005-10-23
NHANES-94007,Other,male,60-79,Black,High school,1939-07-05
NHANES-94008,Other,female,40-59,Mexican American,Less than 9th grade,1970-12-30
NHANES-94009,United States,female,0-19,Other Hispanic,NA,2006-06-14
NHANES-94010,United States,male,60-79,White,College grad,1947-01-17
NHANES-94011,United States,female,0-19,Asian,NA,2009-07-15
NHANES-94012,United States,female,20-39,Other,Some college,1992-03-15
NHANES-94013,United States,male,40-59,White,Some college,1961-11-30
NHANES-94014,United States,female,0-19,Asian,NA,2010-03-05
NHANES-94015,United States,female,20-39,White,9-11th grade,1987-02-06
NHANES-94016,United States,male,60-79,Other,Less than 9th grade,1947-07-16
NHANES-94017,United States,male,40-59,White,Some college,1963-02-20
NHANES-94018,United States,female,0-19,Asian,NA,2014-05-18
NHANES-94019,United States,female,60-79,Black,High school,1953-01-11
NHANES-94020,United States,male,0-19,White,NA,2015-07-07
NHANES-94021,United States,female,20-39,White,Less than 9th grade,1979-07-01
NHANES-94022,United States,female,0-19,Other Hispanic,NA,2015-07-31
NHANES-94023,United States,male,0-19,Black,NA,2014-02-24
NHANES-94024,United States,male,0-19,Other Hispanic,NA,2006-06-17
NHANES-94025,United States,female,0-19,Asian,NA,2012-01-29
NHANES-94026,United States,female,80+,White,NA,1937-05-05
NHANES-94027,Other,male,20-39,Mexican American,High school,1997-05-28
NHANES-94028,Other,female,20-39,Other Hispanic,College grad,1979-03-12
NHANES-94029,United States,female,40-59,White,College grad,1970-09-15
NHANES-94030,United States,male,40-59,White,9-11th grade,1972-04-22
NHANES-94031,United States,male,60-79,Black,9-11th grade,1950-12-01
NHANES-94032,United States,male,0-19,Other,NA,2007-09-12
NHANES-94033,Other,female,40-59,Other Hispanic,High school,1962-12-02
NHANES-94034,Other,female,40-59,Other Hispanic,9-11th grade,1964-03-07
NHANES-94035,United States,female,0-19,Other,NA,2006-05-11
NHANES-94036,United States,female,0-19,Mexican American,NA,2004-12-16
NHANES-94037,Other,male,40-59,Asian,College grad,1959-09-05
NHANES-94038,Other,female,40-59,Mexican American,College grad,1959-03-11
NHANES-94039,Other,male,60-79,Asian,College grad,1958-01-01
NHANES-94040,United States,male,20-39,Other,9-11th grade,1989-11-07
NHANES-94041,United States,female,60-79,Other Hispanic,Some college,1956-12-24
NHANES-94042,United States,male,20-39,Other,High school,1990-10-27
NHANES-94043,Other,male,60-79,Asian,College grad,1953-10-02
NHANES-94044,United States,female,20-39,Other Hispanic,9-11th grade,1984-03-23
NHANES-94045,Other,male,60-79,Other Hispanic,Less than 9th grade,1955-04-14
NHANES-94046,Other,male,40-59,Other Hispanic,Less than 9th grade,1971-05-11
NHANES-94047,Other,female,40-59,Mexican American,High school,1973-09-10
NHANES-94048,United States,male,80+,White,High school,1937-03-04
NHANES-94049,United States,female,60-79,Black,Some college,1950-07-29
NHANES-94050,United States,female,40-59,White,High school,1963-03-06
NHANES-94051,United States,female,80+,White,High school,1937-07-19
NHANES-94052,United States,male,0-19,Black,NA,2012-10-09
NHANES-94053,Other,female,60-79,Black,Less than 9th grade,1954-06-03
NHANES-94054,United States,male,40-59,Mexican American,High school,1966-11-02
NHANES-94055,United States,male,80+,Black,Less than 9th grade,1937-12-21
NHANES-94056,United States,male,0-19,Black,NA,2009-05-13
NHANES-94057,United States,female,60-79,White,9-11th grade,1955-08-18
NHANES-94058,United States,female,60-79,White,Some college,1956-01-31
NHANES-94059,Other,female,40-59,Mexican American,9-11th grade,1963-08-08
NHANES-94060,United States,male,40-59,White,Some college,1958-05-08
NHANES-94061,Other,female,20-39,Mexican American,9-11th grade,1981-02-10
NHANES-94062,United States,male,0-19,White,NA,2013-03-14
NHANES-94063,United States,male,0-19,White,NA,2014-03-12
NHANES-94064,United States,male,0-19,Mexican American,NA,2000-03-16
NHANES-94065,United States,female,60-79,Black,High school,1948-08-19
NHANES-94066,United States,female,0-19,White,NA,2017-01-12
NHANES-94067,Other,male,40-59,Mexican American,9-11th grade,1973-11-14
NHANES-94068,United States,male,60-79,White,Some college,1948-01-16
NHANES-94069,United States,male,60-79,White,High school,1955-08-03
NHANES-94070,United States,female,0-19,Asian,NA,2009-12-15
NHANES-94071,Other,male,20-39,Asian,College grad,1985-03-08
NHANES-94072,United States,male,0-19,Mexican American,NA,2018-05-23
NHANES-94073,Other,male,60-79,Other Hispanic,9-11th grade,1948-05-09
NHANES-94074,United States,male,20-39,White,Some college,1988-10-11
NHANES-94075,United States,male,0-19,Mexican American,NA,2009-07-24
NHANES-94076,United States,male,0-19,Mexican American,NA,2015-08-04
NHANES-94077,United States,female,60-79,White,Some college,1938-09-04
NHANES-94078,United States,female,0-19,White,NA,1997-12-21
NHANES-94079,United States,female,0-19,Mexican American,NA,2018-08-11
NHANES-94080,United States,female,60-79,White,High school,1939-07-03
NHANES-94081,Other,male,80+,Asian,College grad,1937-02-24
NHANES-94082,United States,female,60-79,White,Some college,1947-12-18
NHANES-94083,United States,male,0-19,Other Hispanic,NA,2010-05-20
NHANES-94084,Other,female,60-79,Asian,High school,1955-12-17
NHANES-94085,United States,female,80+,Other,High school,1937-10-20
NHANES-94086,United States,female,80+,White,High school,1937-11-26
NHANES-94087,United States,male,0-19,White,NA,1999-07-22
NHANES-94088,United States,female,0-19,White,NA,2016-06-12
NHANES-94089,United States,female,0-19,Black,NA,2006-03-23
NHANES-94090,United States,female,0-19,Mexican American,NA,2000-12-25
NHANES-94091,Other,male,0-19,Mexican American,NA,2005-10-05
NHANES-94092,Other,male,40-59,Mexican American,Less than 9th grade,1965-02-24
NHANES-94093,Other,male,20-39,White,High school,1981-10-13
NHANES-94094,United States,female,0-19,Black,NA,2003-05-30
NHANES-94095,United States,female,60-79,Black,Some college,1939-02-03
NHANES-94096,United States,male,80+,White,College grad,1938-05-03
NHANES-94097,United States,female,60-79,White,High school,1956-06-19
NHANES-94098,United States,female,20-39,Black,Some college,1994-05-30
NHANES-94099,United States,female,20-39,Other,Some college,1997-07-12
NHANES-94100,United States,female,0-19,Other Hispanic,NA,2018-04-04
NHANES-94101,Other,female,60-79,Asian,Some college,1954-04-23
NHANES-94102,United States,male,60-79,White,Some college,1945-09-21
NHANES-94103,United States,male,0-19,White,NA,2011-06-22
NHANES-94104,United States,female,0-19,Mexican American,NA,2010-10-24
NHANES-94105,United States,female,40-59,Mexican American,Some college,1970-07-10
NHANES-94106,Other,male,0-19,Mexican American,NA,1997-09-28
NHANES-94107,United States,female,0-19,White,NA,2005-11-26
NHANES-94108,Other,male,60-79,Mexican American,Less than 9th grade,1952-10-19
NHANES-94109,United States,female,0-19,White,NA,2004-03-07
NHANES-94110,United States,male,0-19,White,NA,2013-02-15
NHANES-94111,United States,female,0-19,White,NA,2016-01-21
NHANES-94112,United States,male,20-39,Mexican American,Some college,1988-05-12
NHANES-94113,Other,female,60-79,White,High school,1956-11-06
NHANES-94114,United States,male,20-39,Black,9-11th grade,1997-05-13
NHANES-94115,United States,male,0-19,White,NA,2016-04-19
NHANES-94116,United States,female,60-79,White,Some college,1956-09-17
NHANES-94117,United States,female,40-59,White,9-11th grade,1960-06-05
NHANES-94118,Other,female,40-59,Other Hispanic,Less than 9th grade,1968-11-13
NHANES-94119,United States,male,40-59,Black,Some college,1959-07-27
NHANES-94120,United States,female,0-19,White,NA,2006-09-01
NHANES-94121,United States,female,0-19,White,NA,2004-07-13
NHANES-94122,Other,male,20-39,Other Hispanic,Less than 9th grade,1985-11-15
NHANES-94123,Other,female,40-59,Black,Some college,1967-07-15
NHANES-94124,Other,male,40-59,Other Hispanic,9-11th grade,1963-01-08
NHANES-94125,United States,male,0-19,Asian,NA,2003-08-25
NHANES-94126,United States,female,60-79,Black,Less than 9th grade,1956-01-07
NHANES-94127,Other,female,20-39,Asian,High school,1983-03-04
NHANES-94128,United States,male,20-39,Black,Some college,1981-10-29
NHANES-94129,United States,male,0-19,Black,NA,2009-08-21
NHANES-94130,United States,female,20-39,Black,Some college,1990-09-18
NHANES-94131,United States,female,20-39,White,Some college,1977-09-19
NHANES-94132,United States,male,0-19,Black,NA,2004-01-19
NHANES-94133,United States,male,20-39,Mexican American,Some college,1989-03-25
NHANES-94134,Other,female,60-79,Other Hispanic,College grad,1955-07-07
NHANES-94135,United States,female,20-39,Other Hispanic,Some college,1980-08-07
NHANES-94136,United States,male,0-19,Other Hispanic,NA,2007-05-27
NHANES-94137,Other,female,40-59,Black,College grad,1968-09-14
NHANES-94138,Other,female,60-79,Asian,Some college,1944-08-30
NHANES-94139,United States,female,40-59,Other Hispanic,Some college,1968-12-13
NHANES-94140,United States,male,0-19,Mexican American,NA,2000-02-21
NHANES-94141,United States,male,60-79,Black,College grad,1946-07-31
NHANES-94142,United States,male,0-19,Other,NA,2013-05-05
NHANES-94143,United States,male,0-19,Black,NA,2013-08-06
NHANES-94144,United States,male,0-19,Other,NA,1999-01-24
NHANES-94145,United States,female,0-19,Other Hispanic,NA,2001-06-14
NHANES-94146,United States,female,0-19,White,NA,2014-11-26
NHANES-94147,United States,male,80+,White,College grad,1938-04-29
NHANES-94148,Other,female,0-19,Mexican American,NA,1999-07-22
NHANES-94149,United States,male,0-19,Black,NA,2002-07-13
NHANES-94150,United States,male,60-79,White,Less than 9th grade,1949-07-31
NHANES-94151,United States,male,20-39,Other Hispanic,College grad,1993-02-23
NHANES-94152,United States,female,60-79,White,Some college,1954-05-15
NHANES-94153,United States,male,0-19,Other,NA,2007-08-12
NHANES-94154,United States,female,80+,White,Some college,1937-10-22
NHANES-94155,United States,male,40-59,Asian,College grad,1961-06-14
NHANES-94156,United States,female,60-79,Mexican American,High school,1953-10-13
NHANES-94157,Other,female,60-79,Asian,High school,1956-11-14
NHANES-94158,Other,male,60-79,Mexican American,Less than 9th grade,1951-06-26
NHANES-94159,Other,female,0-19,Mexican American,NA,2004-08-05
NHANES-94160,United States,female,20-39,White,Some college,1995-06-10
NHANES-94161,Other,male,40-59,Asian,9-11th grade,1963-06-17
NHANES-94162,Other,male,60-79,Other Hispanic,Less than 9th grade,1953-11-26
NHANES-94163,United States,male,20-39,White,9-11th grade,1981-10-26
NHANES-94164,United States,female,0-19,Asian,NA,1998-10-07
NHANES-94165,United States,female,0-19,Black,NA,2008-07-07
NHANES-94166,United States,male,20-39,White,Some college,1989-05-01
NHANES-94167,United States,male,0-19,Other,NA,2001-01-26
NHANES-94168,Other,female,60-79,Other Hispanic,Less than 9th grade,1951-09-16
NHANES-94169,Other,male,20-39,Asian,College grad,1991-10-17
NHANES-94170,United States,male,0-19,Black,NA,2015-01-03
NHANES-94171,United States,male,0-19,Black,NA,2008-03-02
NHANES-94172,United States,female,0-19,White,NA,2014-07-22
NHANES-94173,United States,female,60-79,Black,High school,1950-06-02
NHANES-94174,Other,female,40-59,Mexican American,Less than 9th grade,1972-07-24
NHANES-94175,United States,male,60-79,White,High school,1940-07-03
NHANES-94176,United States,female,20-39,White,Some college,1994-02-19
NHANES-94177,Other,female,40-59,Mexican American,College grad,1958-09-05
NHANES-94178,United States,male,20-39,White,Some college,1982-05-06
NHANES-94179,United States,male,60-79,White,High school,1945-03-02
NHANES-94180,United States,female,0-19,White,NA,2011-03-11
NHANES-94181,Other,female,20-39,Asian,High school,1980-10-09
NHANES-94182,United States,female,40-59,White,College grad,1959-02-01
NHANES-94183,United States,male,40-59,White,Some college,1967-10-31
NHANES-94184,United States,male,0-19,White,NA,2009-06-19
NHANES-94185,Other,male,0-19,Mexican American,NA,2014-09-23
NHANES-94186,United States,female,0-19,Black,NA,2003-12-10
NHANES-94187,Other,female,40-59,Asian,College grad,1963-05-14
NHANES-94188,United States,male,60-79,White,High school,1953-11-29
NHANES-94189,United States,female,20-39,Mexican American,High school,1995-09-05
NHANES-94190,Other,male,40-59,Asian,Some college,1975-03-12
NHANES-94191,United States,female,0-19,White,NA,2014-10-27
NHANES-94192,United States,female,40-59,White,High school,1962-07-10
NHANES-94193,United States,female,40-59,Black,Some college,1958-08-06
NHANES-94194,United States,female,0-19,White,NA,2009-01-15
NHANES-94195,United States,female,0-19,White,NA,2000-12-29
NHANES-94196,United States,female,0-19,White,NA,2016-07-30
NHANES-94197,United States,female,0-19,Black,NA,2009-01-22
NHANES-94198,Other,female,60-79,Mexican American,Less than 9th grade,1954-08-18
NHANES-94199,Other,male,60-79,Asian,High school,1948-05-03
NHANES-94200,Other,female,20-39,Other Hispanic,Some college,1990-04-21
NHANES-94201,United States,male,60-79,Asian,Some college,1940-11-15
NHANES-94202,United States,male,60-79,White,College grad,1948-10-03
NHANES-94203,United States,male,0-19,Other Hispanic,NA,2015-07-27
NHANES-94204,United States,male,80+,White,Some college,1938-03-05
NHANES-94205,United States,female,60-79,White,Some college,1944-05-05
NHANES-94206,Other,male,40-59,Asian,College grad,1962-02-10
NHANES-94207,United States,male,60-79,Black,9-11th grade,1954-10-28
NHANES-94208,United States,female,40-59,Black,College grad,1972-01-30
NHANES-94209,United States,female,0-19,Other Hispanic,NA,2018-10-24
NHANES-94210,United States,male,80+,Black,9-11th grade,1937-06-23
NHANES-94211,United States,female,20-39,White,College grad,1994-06-20
NHANES-94212,Other,female,60-79,Asian,Some college,1951-03-20
NHANES-94213,United States,female,0-19,Black,NA,2015-03-01
NHANES-94214,United States,female,0-19,White,NA,1999-04-30
NHANES-94215,United States,male,0-19,White,NA,2017-08-26
NHANES-94216,United States,female,60-79,Black,College grad,1949-09-29
NHANES-94217,United States,male,0-19,Asian,NA,2000-07-23
NHANES-94218,United States,female,0-19,White,NA,2012-01-27
NHANES-94219,United States,female,20-39,Mexican American,Some college,1994-03-27
NHANES-94220,United States,female,0-19,Black,NA,2000-08-08
NHANES-94221,United States,female,20-39,Black,Some college,1989-04-22
NHANES-94222,United States,male,0-19,Other,NA,2016-02-10
NHANES-94223,Other,female,40-59,Other Hispanic,Some college,1974-04-11
NHANES-94224,United States,male,20-39,Other Hispanic,Some college,1994-05-01
NHANES-94225,United States,male,0-19,Asian,NA,2005-10-24
NHANES-94226,United States,male,0-19,Black,NA,2012-11-19
NHANES-94227,United States,male,80+,White,College grad,1937-07-13
NHANES-94228,United States,female,0-19,Mexican American,NA,2018-03-31
NHANES-94229,United States,female,60-79,Black,9-11th grade,1948-06-04
NHANES-94230,United States,male,0-19,Black,NA,2003-10-09
NHANES-94231,United States,male,40-59,White,Some college,1958-09-26
NHANES-94232,United States,male,60-79,White,College grad,1947-12-17
NHANES-94233,Other,male,60-79,Mexican American,9-11th grade,1954-11-16
NHANES-94234,United States,female,0-19,Other,NA,2007-11-15
NHANES-94235,United States,female,0-19,White,NA,1998-07-08
NHANES-94236,United States,male,0-19,Black,NA,2012-08-17
NHANES-94237,United States,male,60-79,White,College grad,1953-12-07
NHANES-94238,United States,female,0-19,Black,NA,2001-05-27
NHANES-94239,Other,female,60-79,Asian,College grad,1942-04-18
NHANES-94240,United States,female,0-19,White,NA,2010-07-06
NHANES-94241,Other,female,20-39,Asian,College grad,1988-02-03
NHANES-94242,United States,male,60-79,Black,High school,1958-01-26
NHANES-94243,United States,male,80+,Other,High school,1936-12-16
NHANES-94244,United States,female,60-79,Other,College grad,1952-03-16
NHANES-94245,United States,female,20-39,White,College grad,1986-06-19
NHANES-94246,Other,male,40-59,Asian,College grad,1970-09-01
NHANES-94247,United States,male,20-39,White,High school,1989-11-27
NHANES-94248,United States,female,20-39,Black,High school,1979-05-20
NHANES-94249,United States,female,60-79,Black,College grad,1950-10-28
NHANES-94250,United States,female,20-39,White,College grad,1994-10-06
NHANES-94251,United States,female,20-39,White,High school,1994-12-15
NHANES-94252,United States,male,0-19,Other,NA,2003-03-15
NHANES-94253,United States,female,60-79,Other,Some college,1946-10-17
NHANES-94254,United States,female,0-19,Asian,NA,2009-05-15
NHANES-94255,United States,male,40-59,Mexican American,College grad,1974-01-24
NHANES-94256,United States,female,0-19,White,NA,2010-01-17
NHANES-94257,Other,male,0-19,Asian,NA,2006-12-10
NHANES-94258,United States,male,40-59,White,High school,1967-07-24
NHANES-94259,Other,female,40-59,Asian,High school,1967-04-19
NHANES-94260,Other,female,40-59,Asian,9-11th grade,1970-03-05
NHANES-94261,Other,female,60-79,Asian,College grad,1953-09-12
NHANES-94262,Other,male,20-39,Mexican American,High school,1995-11-17
NHANES-94263,United States,male,0-19,White,NA,2000-11-11
NHANES-94264,United States,female,0-19,White,NA,2010-01-11
NHANES-94265,United States,male,60-79,Other,Less than 9th grade,1942-06-25
NHANES-94266,Other,male,40-59,Other Hispanic,9-11th grade,1974-02-15
NHANES-94267,United States,female,80+,Asian,Some college,1936-08-15
NHANES-94268,United States,male,0-19,Black,NA,2005-12-07
NHANES-94269,United States,female,0-19,Mexican American,NA,2008-02-13
NHANES-94270,Other,male,20-39,Mexican American,9-11th grade,1984-07-20
NHANES-94271,United States,male,0-19,White,NA,1998-10-18
NHANES-94272,United States,male,0-19,White,NA,2000-10-15
NHANES-94273,Other,male,60-79,Mexican American,Less than 9th grade,1955-04-07
NHANES-94274,United States,female,40-59,Other Hispanic,College grad,1959-01-05
NHANES-94275,Other,male,40-59,Mexican American,Some college,1964-11-01
NHANES-94276,Other,male,80+,Asian,High school,1937-07-26
NHANES-94277,Other,female,40-59,Other Hispanic,Less than 9th grade,1976-12-13
NHANES-94278,Other,male,60-79,Asian,Some college,1956-02-20
NHANES-94279,Other,male,20-39,Asian,College grad,1978-03-19
NHANES-94280,United States,female,0-19,Other,NA,2008-03-24
NHANES-94281,United States,female,20-39,Other,High school,1987-01-21
NHANES-94282,United States,female,0-19,Black,NA,2000-01-14
NHANES-94283,United States,female,60-79,Black,High school,1958-05-14
NHANES-94284,United States,female,40-59,Black,9-11th grade,1959-03-08
NHANES-94285,United States,male,40-59,Other Hispanic,Less than 9th grade,1975-02-24
NHANES-94286,United States,female,60-79,Black,College grad,1941-09-28
NHANES-94287,United States,male,20-39,White,High school,1996-09-18
NHANES-94288,United States,female,20-39,Black,Some college,1990-05-14
NHANES-94289,United States,female,0-19,White,NA,2001-04-17
NHANES-94290,Other,female,20-39,Asian,College grad,1983-02-17
NHANES-94291,United States,female,20-39,Mexican American,High school,1991-05-05
NHANES-94292,United States,female,0-19,Asian,NA,2003-04-24
NHANES-94293,United States,male,60-79,White,Some college,1953-06-25
NHANES-94294,United States,female,0-19,Mexican American,NA,2002-08-19
NHANES-94295,Other,female,40-59,Asian,9-11th grade,1968-06-22
NHANES-94296,United States,female,0-19,White,NA,2017-02-12
NHANES-94297,United States,male,0-19,Other,NA,2015-07-05
NHANES-94298,United States,male,80+,Other,College grad,1936-12-11
NHANES-94299,United States,female,0-19,Other,NA,2004-09-19
NHANES-94300,United States,female,60-79,White,College grad,1949-03-05
NHANES-94301,United States,female,60-79,Asian,College grad,1952-09-17
NHANES-94302,Other,female,20-39,Asian,High school,1993-02-27
NHANES-94303,Other,male,60-79,Other Hispanic,Less than 9th grade,1951-09-22
NHANES-94304,Other,male,40-59,Asian,College grad,1978-06-07
NHANES-94305,United States,female,0-19,White,NA,1999-09-11
NHANES-94306,United States,female,20-39,White,Some college,1996-05-02
NHANES-94307,United States,female,0-19,White,NA,2008-01-04
NHANES-94308,United States,female,0-19,Other,NA,2006-08-07
NHANES-94309,Other,female,40-59,Asian,Less than 9th grade,1962-11-12
NHANES-94310,United States,male,0-19,Asian,NA,2014-11-21
NHANES-94311,United States,female,40-59,Black,Some college,1975-07-17
NHANES-94312,United States,female,0-19,White,NA,2002-01-06
NHANES-94313,United States,male,40-59,Black,High school,1976-09-22
NHANES-94314,Other,male,40-59,Asian,9-11th grade,1968-09-22
NHANES-94315,United States,female,0-19,Other Hispanic,NA,2017-06-23
NHANES-94316,United States,male,0-19,Black,NA,2018-01-03
NHANES-94317,United States,male,0-19,Other,NA,2008-02-10
NHANES-94318,United States,female,0-19,Other,NA,2013-05-15
NHANES-94319,Other,male,40-59,White,College grad,1972-04-19
NHANES-94320,United States,male,20-39,Black,High school,1983-11-02
NHANES-94321,United States,male,60-79,Black,9-11th grade,1957-10-28
NHANES-94322,Other,male,20-39,Other Hispanic,9-11th grade,1998-01-03
NHANES-94323,Other,male,60-79,Asian,College grad,1957-10-12
NHANES-94324,United States,female,40-59,White,9-11th grade,1966-07-22
NHANES-94325,Other,female,60-79,Asian,Some college,1955-06-13
NHANES-94326,United States,male,40-59,White,High school,1962-04-13
NHANES-94327,United States,male,60-79,Black,Some college,1955-06-27
NHANES-94328,Other,female,20-39,Asian,College grad,1988-07-13
NHANES-94329,United States,female,0-19,Black,NA,2010-04-07
NHANES-94330,United States,female,40-59,White,High school,1961-01-14
NHANES-94331,United States,female,0-19,White,NA,2013-11-18
NHANES-94332,United States,female,40-59,Other,Less than 9th grade,1977-06-11
NHANES-94333,United States,male,0-19,Black,NA,2017-10-03
NHANES-94334,Other,female,60-79,Asian,Some college,1953-06-26
NHANES-94335,Other,male,60-79,Asian,9-11th grade,1948-10-28
NHANES-94336,Other,male,60-79,Other Hispanic,Some college,1944-02-05
NHANES-94337,Other,male,40-59,Other,Some college,1973-10-31
NHANES-94338,United States,female,0-19,Other,NA,2013-03-24
NHANES-94339,Other,male,20-39,Other Hispanic,College grad,1979-10-22
NHANES-94340,United States,male,20-39,White,High school,1992-02-19
NHANES-94341,United States,male,20-39,Mexican American,High school,1992-10-17
NHANES-94342,United States,female,40-59,Black,College grad,1960-05-06
NHANES-94343,United States,male,60-79,Mexican American,High school,1946-03-29
NHANES-94344,United States,female,0-19,Mexican American,NA,2010-04-10
NHANES-94345,United States,male,60-79,White,High school,1952-09-28
NHANES-94346,United States,male,0-19,Other Hispanic,NA,2018-02-12
NHANES-94347,United States,female,0-19,Other,NA,2017-01-24
NHANES-94348,United States,male,80+,White,Some college,1936-08-13
NHANES-94349,United States,male,0-19,Mexican American,NA,2000-07-31
NHANES-94350,Other,male,40-59,Asian,Some college,1963-04-28
NHANES-94351,United States,male,0-19,White,NA,2004-01-23
NHANES-94352,Other,female,60-79,Other Hispanic,High school,1947-12-31
NHANES-94353,United States,female,0-19,White,NA,1998-03-25
NHANES-94354,United States,female,0-19,Mexican American,NA,2007-01-20
NHANES-94355,United States,male,0-19,White,NA,2014-10-01
NHANES-94356,United States,male,40-59,Black,Some college,1958-03-02
NHANES-94357,United States,male,0-19,Other,NA,2009-08-15
NHANES-94358,United States,male,0-19,White,NA,2017-09-19
NHANES-94359,Other,male,20-39,Mexican American,9-11th grade,1982-01-31
NHANES-94360,United States,male,40-59,Other Hispanic,High school,1973-07-23
NHANES-94361,United States,female,20-39,Mexican American,High school,1979-04-18
NHANES-94362,United States,male,60-79,White,Some college,1938-07-11
NHANES-94363,United States,female,60-79,White,Some college,1944-07-13
NHANES-94364,United States,female,0-19,White,NA,1998-06-02
NHANES-94365,United States,male,20-39,Black,Some college,1995-11-21
NHANES-94366,United States,male,20-39,Asian,College grad,1992-01-09
NHANES-94367,United States,female,0-19,Black,NA,2008-09-29
NHANES-94368,United States,female,20-39,White,Some college,1983-09-21
NHANES-94369,United States,male,0-19,Black,NA,2015-09-25
NHANES-94370,United States,male,0-19,Mexican American,NA,2017-03-22
NHANES-94371,United States,female,0-19,Mexican American,NA,2007-06-22
NHANES-94372,United States,male,60-79,Black,College grad,1948-09-29
NHANES-94373,United States,female,80+,White,9-11th grade,1937-07-15
NHANES-94374,Other,female,40-59,Mexican American,Some college,1964-03-22
NHANES-94375,United States,female,20-39,Other,Some college,1988-09-26
NHANES-94376,Other,male,60-79,Black,Some college,1950-12-09
NHANES-94377,United States,male,20-39,White,Some college,1984-03-18
NHANES-94378,United States,male,0-19,Asian,NA,2004-05-03
NHANES-94379,United States,female,20-39,White,High school,1993-09-07
NHANES-94380,United States,male,60-79,Black,High school,1954-06-20
NHANES-94381,United States,female,80+,Black,Some college,1937-11-30
NHANES-94382,United States,female,20-39,White,Some college,1985-11-29
NHANES-94383,United States,female,0-19,Mexican American,NA,2012-09-18
NHANES-94384,United States,female,0-19,White,NA,2016-06-10
NHANES-94385,Other,female,40-59,Asian,Less than 9th grade,1969-03-05
NHANES-94386,United States,female,60-79,White,Some college,1947-05-12
NHANES-94387,United States,female,20-39,Black,High school,1979-03-09
NHANES-94388,United States,female,20-39,Black,Some college,1983-10-11
NHANES-94389,United States,male,0-19,White,NA,2013-07-24
NHANES-94390,Other,female,60-79,Asian,College grad,1945-02-03
NHANES-94391,United States,male,0-19,White,NA,2016-10-16
NHANES-94392,United States,male,20-39,Black,Some college,1992-10-17
NHANES-94393,Other,male,20-39,Other Hispanic,High school,1981-06-12
NHANES-94394,United States,female,0-19,Other,NA,2000-09-20
NHANES-94395,United States,male,0-19,White,NA,1997-06-01
NHANES-94396,United States,female,0-19,Black,NA,2002-05-20
NHANES-94397,United States,male,0-19,Black,NA,2017-01-14
NHANES-94398,United States,female,20-39,Black,9-11th grade,1978-12-13
NHANES-94399,United States,female,60-79,Other Hispanic,Some college,1954-11-19
NHANES-94400,United States,female,0-19,White,NA,2011-01-14
NHANES-94401,United States,male,40-59,White,Some college,1959-08-20
NHANES-94402,United States,male,0-19,White,NA,2007-10-04
NHANES-94403,United States,female,0-19,White,NA,2009-12-04
NHANES-94404,United States,female,80+,White,High school,1938-03-31
NHANES-94405,United States,female,20-39,White,9-11th grade,1978-12-28
NHANES-94406,United States,female,20-39,Black,Some college,1984-02-08
NHANES-94407,United States,female,60-79,White,College grad,1942-01-26
NHANES-94408,United States,male,60-79,White,Some college,1945-05-15
NHANES-94409,United States,male,20-39,Other Hispanic,9-11th grade,1993-11-17
NHANES-94410,United States,female,80+,Black,Some college,1937-01-22
NHANES-94411,United States,male,0-19,Black,NA,2005-02-02
NHANES-94412,Other,male,80+,Mexican American,Less than 9th grade,1936-10-28
NHANES-94413,United States,male,0-19,Other,NA,2001-01-14
NHANES-94414,United States,male,20-39,Black,9-11th grade,1985-04-23
NHANES-94415,Other,male,20-39,Other Hispanic,Some college,1980-11-08
NHANES-94416,United States,female,20-39,White,High school,1988-12-23
NHANES-94417,United States,female,0-19,White,NA,2013-11-17
NHANES-94418,United States,female,60-79,White,High school,1941-07-17
NHANES-94419,United States,female,0-19,Black,NA,2007-03-21
NHANES-94420,United States,female,80+,White,9-11th grade,1936-05-05
NHANES-94421,Other,female,60-79,Asian,High school,1941-06-01
NHANES-94422,United States,female,0-19,White,NA,2015-03-24
NHANES-94423,Other,male,0-19,Asian,NA,2000-06-27
NHANES-94424,United States,female,60-79,Black,College grad,1942-09-25
NHANES-94425,United States,female,60-79,White,Some college,1942-07-30
NHANES-94426,United States,female,0-19,Mexican American,NA,2017-08-22
NHANES-94427,Other,female,40-59,Asian,College grad,1967-12-06
NHANES-94428,Other,male,60-79,Other Hispanic,Some college,1956-05-22
NHANES-94429,United States,male,60-79,Black,College grad,1956-04-02
NHANES-94430,United States,female,20-39,Other,Some college,1992-04-22
NHANES-94431,United States,male,40-59,White,Some college,1970-05-18
NHANES-94432,United States,female,60-79,Mexican American,Some college,1945-11-26
NHANES-94433,United States,male,40-59,Black,9-11th grade,1971-02-09
NHANES-94434,Other,female,20-39,Asian,Some college,1992-01-24
NHANES-94435,United States,male,0-19,Black,NA,2017-02-11
NHANES-94436,United States,female,20-39,Black,9-11th grade,1985-05-27
NHANES-94437,United States,male,0-19,Black,NA,2015-03-25
NHANES-94438,Other,male,80+,Other Hispanic,College grad,1937-11-16
NHANES-94439,Other,female,0-19,Asian,NA,2010-01-31
NHANES-94440,United States,female,0-19,Other,NA,2016-08-04
NHANES-94441,United States,male,0-19,Other,NA,2005-12-18
NHANES-94442,United States,male,60-79,White,Some college,1957-07-02
NHANES-94443,United States,male,20-39,Mexican American,9-11th grade,1985-11-10
NHANES-94444,United States,female,60-79,Black,Less than 9th grade,1940-04-25
NHANES-94445,United States,male,40-59,White,High school,1965-07-11
NHANES-94446,Other,female,20-39,Other Hispanic,9-11th grade,1989-08-30
NHANES-94447,United States,male,0-19,Black,NA,2002-04-24
NHANES-94448,United States,male,40-59,White,High school,1976-04-03
NHANES-94449,United States,male,0-19,White,NA,2016-04-04
NHANES-94450,United States,male,20-39,Mexican American,High school,1988-07-06
NHANES-94451,United States,female,0-19,White,NA,2014-04-17
NHANES-94452,United States,female,40-59,White,9-11th grade,1960-04-17
NHANES-94453,United States,female,20-39,White,Some college,1997-10-25
NHANES-94454,United States,male,0-19,Other Hispanic,NA,2016-11-30
NHANES-94455,United States,female,0-19,Mexican American,NA,2006-08-18
NHANES-94456,United States,female,0-19,White,NA,2001-04-06
NHANES-94457,United States,female,40-59,White,College grad,1972-02-11
NHANES-94458,Other,male,40-59,Asian,College grad,1961-08-10
NHANES-94459,United States,female,40-59,Black,9-11th grade,1966-06-02
NHANES-94460,United States,female,60-79,Black,College grad,1956-02-15
NHANES-94461,Other,female,0-19,Mexican American,NA,1997-12-30
NHANES-94462,United States,female,0-19,Other Hispanic,NA,2005-03-10
NHANES-94463,United States,female,20-39,Black,High school,1991-06-22
NHANES-94464,United States,male,60-79,White,College grad,1941-01-27
NHANES-94465,Other,male,20-39,Other,9-11th grade,1986-02-17
NHANES-94466,United States,male,0-19,Asian,NA,2016-05-06
NHANES-94467,Other,female,0-19,Asian,NA,1998-09-26
NHANES-94468,United States,female,0-19,Black,NA,2016-07-13
NHANES-94469,United States,female,20-39,Other,College grad,1980-06-14
NHANES-94470,United States,male,60-79,White,9-11th grade,1953-01-11
NHANES-94471,Other,female,40-59,Other Hispanic,Less than 9th grade,1975-06-29
NHANES-94472,United States,female,0-19,Other,NA,2011-05-15
NHANES-94473,United States,female,60-79,White,College grad,1944-10-20
NHANES-94474,United States,male,40-59,White,High school,1962-05-19
NHANES-94475,United States,female,20-39,Mexican American,High school,1991-04-09
NHANES-94476,United States,female,40-59,White,College grad,1962-09-20
NHANES-94477,United States,female,40-59,Black,High school,1959-10-13
NHANES-94478,Other,female,20-39,Black,Some college,1981-01-05
NHANES-94479,United States,female,60-79,White,High school,1953-10-29
NHANES-94480,United States,male,0-19,Mexican American,NA,2011-02-27
NHANES-94481,Other,female,20-39,Other,9-11th grade,1986-05-26
NHANES-94482,United States,female,0-19,Black,NA,2004-03-16
NHANES-94483,United States,female,60-79,Other,Some college,1943-05-18
NHANES-94484,United States,male,0-19,Black,NA,2012-12-22
NHANES-94485,United States,female,0-19,Other,NA,2018-05-10
NHANES-94486,United States,female,40-59,Black,Some college,1973-10-26
NHANES-94487,United States,male,20-39,Black,Some college,1987-02-08
NHANES-94488,Other,female,20-39,Other Hispanic,9-11th grade,1979-05-06
NHANES-94489,United States,female,0-19,Mexican American,NA,2013-12-13
NHANES-94490,United States,female,60-79,White,High school,1954-08-20
NHANES-94491,United States,female,0-19,Black,NA,1997-07-29
NHANES-94492,United States,male,0-19,Asian,NA,2012-01-09
NHANES-94493,Other,male,60-79,Mexican American,9-11th grade,1953-07-13
NHANES-94494,United States,male,0-19,White,NA,2008-01-24
NHANES-94495,United States,female,0-19,Other,NA,2014-10-16
NHANES-94496,United States,male,0-19,White,NA,2015-06-14
NHANES-94497,United States,male,40-59,Other,High school,1972-05-28
NHANES-94498,United States,female,0-19,Other,NA,2006-04-13
NHANES-94499,United States,male,60-79,Black,High school,1956-01-10
NHANES-94500,United States,female,60-79,Black,Some college,1958-03-29
NHANES-94501,Other,female,40-59,Asian,Some college,1976-02-23
NHANES-94502,Other,female,0-19,Asian,NA,2002-05-14
NHANES-94503,United States,female,40-59,Black,High school,1966-12-12
NHANES-94504,United States,male,20-39,Black,High school,1989-03-13
NHANES-94505,United States,male,0-19,Mexican American,NA,2009-10-28
NHANES-94506,United States,female,60-79,Black,Some college,1949-10-13
NHANES-94507,United States,male,20-39,Black,High school,1984-03-25
NHANES-94508,United States,female,20-39,Black,College grad,1982-07-18
NHANES-94509,United States,female,40-59,White,College grad,1964-01-29
NHANES-94510,United States,female,40-59,White,High school,1968-05-20
NHANES-94511,United States,male,0-19,Black,NA,2010-05-20
NHANES-94512,Other,female,40-59,Mexican American,9-11th grade,1973-02-16
NHANES-94513,United States,male,0-19,White,NA,2015-12-09
NHANES-94514,United States,female,0-19,Asian,NA,2009-11-16
NHANES-94515,Other,female,40-59,Other Hispanic,Less than 9th grade,1958-09-07
NHANES-94516,United States,female,0-19,Black,NA,1998-08-06
NHANES-94517,United States,male,0-19,Asian,NA,1998-03-23
NHANES-94518,United States,female,0-19,White,NA,2017-01-28
NHANES-94519,Other,male,40-59,White,College grad,1957-07-25
NHANES-94520,United States,male,0-19,Mexican American,NA,2010-08-27
NHANES-94521,United States,male,0-19,Mexican American,NA,2017-02-09
NHANES-94522,United States,male,60-79,Black,High school,1958-11-08
NHANES-94523,United States,female,60-79,Black,College grad,1951-11-20
NHANES-94524,United States,male,0-19,Black,NA,2006-12-04
NHANES-94525,United States,female,60-79,White,High school,1951-02-22
NHANES-94526,United States,male,20-39,Black,9-11th grade,1979-03-05
NHANES-94527,Other,male,20-39,Mexican American,Less than 9th grade,1981-04-25
NHANES-94528,United States,male,20-39,Asian,High school,1983-05-09
NHANES-94529,United States,male,40-59,Black,Some college,1959-09-07
NHANES-94530,United States,male,20-39,Black,Some college,1995-01-19
NHANES-94531,Other,female,20-39,Mexican American,Some college,1982-12-22
NHANES-94532,United States,female,20-39,Mexican American,Some college,1980-04-17
NHANES-94533,United States,female,0-19,White,NA,2001-03-18
NHANES-94534,United States,male,80+,White,Some college,1937-08-28
NHANES-94535,United States,male,80+,White,College grad,1938-03-06
NHANES-94536,United States,male,0-19,Black,NA,2004-01-22
NHANES-94537,United States,male,0-19,Other Hispanic,NA,2006-09-16
NHANES-94538,United States,male,40-59,Asian,College grad,1976-01-27
NHANES-94539,United States,female,40-59,White,Some college,1961-11-15
NHANES-94540,United States,female,0-19,Black,NA,2006-06-21
NHANES-94541,United States,female,60-79,Black,High school,1939-01-09
NHANES-94542,United States,male,20-39,Black,Some college,1987-08-20
NHANES-94543,United States,female,0-19,Black,NA,2005-04-19
NHANES-94544,United States,female,0-19,White,NA,2000-04-22
NHANES-94545,United States,male,0-19,Asian,NA,1999-07-31
NHANES-94546,United States,female,0-19,Other,NA,1997-11-27
NHANES-94547,United States,female,60-79,Black,High school,1950-07-23
NHANES-94548,United States,male,0-19,Black,NA,2014-03-14
NHANES-94549,United States,male,80+,White,9-11th grade,1938-02-20
NHANES-94550,United States,female,0-19,Other,NA,1999-09-17
NHANES-94551,United States,male,0-19,Mexican American,NA,2014-09-11
NHANES-94552,Other,female,40-59,Asian,College grad,1961-06-06
NHANES-94553,United States,female,60-79,White,Some college,1945-05-10
NHANES-94554,Other,male,60-79,Mexican American,Less than 9th grade,1947-01-24
NHANES-94555,United States,male,0-19,Mexican American,NA,1998-12-17
NHANES-94556,United States,male,0-19,White,NA,2010-08-19
NHANES-94557,United States,female,20-39,Black,Some college,1982-12-29
NHANES-94558,Other,female,60-79,Mexican American,High school,1956-03-07
NHANES-94559,Other,male,40-59,Mexican American,High school,1976-01-31
NHANES-94560,United States,female,20-39,White,Some college,1992-12-16
NHANES-94561,United States,female,0-19,Mexican American,NA,2012-04-25
NHANES-94562,United States,male,0-19,White,NA,2001-04-27
NHANES-94563,United States,male,0-19,White,NA,2009-04-06
NHANES-94564,United States,female,80+,Other Hispanic,9-11th grade,1937-05-13
NHANES-94565,Other,female,40-59,Other Hispanic,High school,1971-08-06
NHANES-94566,United States,female,40-59,White,College grad,1974-10-31
NHANES-94567,United States,male,0-19,Black,NA,2001-07-24
NHANES-94568,Other,female,60-79,Mexican American,Less than 9th grade,1957-05-03
NHANES-94569,United States,female,20-39,White,Some college,1990-08-11
NHANES-94570,United States,male,40-59,White,9-11th grade,1970-04-19
NHANES-94571,United States,female,80+,White,Some college,1938-01-13
NHANES-94572,United States,female,0-19,Black,NA,2003-02-15
NHANES-94573,Other,female,60-79,Mexican American,9-11th grade,1954-06-13
NHANES-94574,United States,male,0-19,Black,NA,1999-04-27
NHANES-94575,United States,female,80+,White,High school,1938-03-28
NHANES-94576,Other,female,20-39,Mexican American,High school,1984-01-20
NHANES-94577,United States,female,20-39,White,College grad,1987-03-22
NHANES-94578,United States,male,60-79,White,Some college,1945-06-22
NHANES-94579,United States,male,40-59,Black,High school,1966-05-23
NHANES-94580,United States,female,0-19,Mexican American,NA,2012-07-04
NHANES-94581,United States,male,80+,White,9-11th grade,1938-06-20
NHANES-94582,United States,male,0-19,Mexican American,NA,2016-04-27
NHANES-94583,United States,male,80+,White,9-11th grade,1936-11-02
NHANES-94584,United States,male,0-19,Other,NA,2007-03-20
NHANES-94585,United States,male,0-19,White,NA,2010-10-13
NHANES-94586,United States,female,60-79,White,College grad,1943-10-01
NHANES-94587,United States,female,0-19,White,NA,1998-06-14
NHANES-94588,United States,male,0-19,White,NA,2011-02-02
NHANES-94589,United States,male,20-39,White,College grad,1983-09-15
NHANES-94590,Other,female,60-79,Other Hispanic,Less than 9th grade,1952-05-06
NHANES-94591,United States,male,40-59,White,Some college,1975-01-23
NHANES-94592,United States,female,0-19,White,NA,2017-06-30
NHANES-94593,United States,female,0-19,Black,NA,2017-03-02
NHANES-94594,United States,female,40-59,Black,Some college,1975-03-28
NHANES-94595,Other,male,20-39,Asian,College grad,1990-06-02
NHANES-94596,United States,male,40-59,White,College grad,1971-03-05
NHANES-94597,United States,female,0-19,Mexican American,NA,2013-06-21
NHANES-94598,Other,male,40-59,White,Some college,1972-02-24
NHANES-94599,United States,female,0-19,White,NA,2013-11-05
NHANES-94600,United States,female,60-79,White,High school,1940-03-14
NHANES-94601,United States,female,0-19,White,NA,2002-01-03
NHANES-94602,United States,male,0-19,White,NA,2016-09-26
NHANES-94603,United States,female,0-19,Black,NA,2011-05-16
NHANES-94604,United States,female,0-19,Other,NA,2010-12-17
NHANES-94605,United States,male,40-59,Black,High school,1974-09-26
NHANES-94606,United States,female,40-59,White,Some college,1961-05-25
NHANES-94607,United States,male,20-39,White,Some college,1980-06-16
NHANES-94608,United States,male,20-39,Mexican American,Some college,1993-01-08
NHANES-94609,Other,female,60-79,Asian,College grad,1947-03-01
NHANES-94610,Other,female,0-19,Asian,NA,2001-10-05
NHANES-94611,United States,female,0-19,Mexican American,NA,2006-04-09
NHANES-94612,United States,male,0-19,Black,NA,2008-01-06
NHANES-94613,United States,female,0-19,White,NA,2004-08-15
NHANES-94614,Other,female,60-79,Other Hispanic,High school,1951-07-11
NHANES-94615,United States,female,40-59,Other Hispanic,Some college,1969-04-29
NHANES-94616,Other,male,60-79,Mexican American,Some college,1955-06-09
NHANES-94617,United States,male,0-19,White,NA,2014-05-11
NHANES-94618,United States,male,40-59,White,Some college,1968-02-06
NHANES-94619,Other,male,60-79,Black,College grad,1956-08-05
NHANES-94620,United States,female,0-19,Other,NA,2018-09-08
NHANES-94621,Other,male,0-19,Asian,NA,2008-03-24
NHANES-94622,United States,male,0-19,White,NA,2014-06-12
NHANES-94623,United States,female,40-59,White,College grad,1969-10-19
NHANES-94624,Other,male,20-39,Asian,College grad,1978-11-03
NHANES-94625,United States,male,20-39,Black,9-11th grade,1995-06-11
NHANES-94626,United States,male,0-19,Other,NA,2003-03-01
NHANES-94627,Other,male,40-59,Other Hispanic,Some college,1959-03-19
NHANES-94628,United States,male,0-19,Black,NA,2015-03-29
NHANES-94629,United States,female,0-19,White,NA,2016-04-08
NHANES-94630,United States,male,0-19,Black,NA,2003-02-01
NHANES-94631,United States,female,20-39,Black,High school,1997-01-07
NHANES-94632,United States,female,60-79,White,Some college,1946-07-30
NHANES-94633,United States,female,60-79,White,Some college,1950-11-27
NHANES-94634,United States,female,80+,White,High school,1936-09-24
NHANES-94635,United States,male,0-19,Black,NA,2014-09-08
NHANES-94636,United States,male,0-19,Mexican American,NA,2010-03-27
NHANES-94637,United States,female,0-19,Mexican American,NA,2012-09-15
NHANES-94638,United States,male,20-39,Black,High school,1982-07-24
NHANES-94639,United States,female,0-19,Mexican American,NA,2014-02-03
NHANES-94640,Other,female,40-59,Asian,College grad,1962-02-26
NHANES-94641,Other,male,60-79,Asian,College grad,1948-07-16
NHANES-94642,Other,female,60-79,White,High school,1955-11-02
NHANES-94643,United States,female,0-19,Other,NA,2012-07-21
NHANES-94644,United States,male,20-39,White,9-11th grade,1994-02-17
NHANES-94645,United States,female,0-19,White,NA,2015-03-24
NHANES-94646,United States,male,0-19,Black,NA,2014-10-16
NHANES-94647,Other,female,20-39,Asian,College grad,1980-06-13
NHANES-94648,Other,female,40-59,Asian,Some college,1972-01-04
NHANES-94649,United States,male,60-79,White,High school,1950-10-02
NHANES-94650,United States,female,60-79,Black,High school,1952-04-08
NHANES-94651,United States,female,40-59,White,High school,1960-11-09
NHANES-94652,United States,female,60-79,White,Some college,1944-06-20
NHANES-94653,United States,female,0-19,White,NA,2010-10-28
NHANES-94654,United States,female,60-79,White,Some college,1956-07-07
NHANES-94655,United States,female,0-19,White,NA,2015-03-13
NHANES-94656,United States,female,0-19,White,NA,2010-05-30
NHANES-94657,United States,female,0-19,Other,NA,2007-08-29
NHANES-94658,United States,female,0-19,Black,NA,2009-12-10
NHANES-94659,United States,male,0-19,Asian,NA,1999-12-22
NHANES-94660,United States,female,40-59,Mexican American,Some college,1976-03-16
NHANES-94661,United States,female,0-19,Mexican American,NA,2016-04-16
NHANES-94662,United States,male,0-19,White,NA,2016-07-28
NHANES-94663,United States,female,20-39,Other,College grad,1988-03-03
NHANES-94664,Other,male,40-59,Asian,College grad,1976-08-23
NHANES-94665,United States,male,0-19,White,NA,2016-11-15
NHANES-94666,United States,female,20-39,Black,Some college,1980-05-23
NHANES-94667,United States,female,0-19,Mexican American,NA,2007-09-27
NHANES-94668,United States,male,0-19,White,NA,2010-05-26
NHANES-94669,Other,male,20-39,White,College grad,1979-10-25
NHANES-94670,United States,male,60-79,Black,9-11th grade,1958-08-11
NHANES-94671,United States,male,0-19,Other,NA,2012-11-12
NHANES-94672,United States,female,20-39,White,College grad,1987-04-11
NHANES-94673,United States,female,20-39,Black,Some college,1993-11-13
NHANES-94674,United States,male,0-19,White,NA,2001-03-17
NHANES-94675,United States,male,0-19,White,NA,2017-04-15
NHANES-94676,United States,male,60-79,Black,College grad,1951-04-15
NHANES-94677,United States,female,20-39,White,High school,1992-06-10
NHANES-94678,United States,female,40-59,White,College grad,1958-12-31
NHANES-94679,United States,male,60-79,Mexican American,Some college,1953-10-01
NHANES-94680,United States,male,0-19,White,NA,2015-11-01
NHANES-94681,United States,male,60-79,White,High school,1957-10-02
NHANES-94682,United States,female,0-19,White,NA,2018-01-05
NHANES-94683,United States,female,0-19,Black,NA,2017-08-12
NHANES-94684,United States,female,20-39,White,High school,1980-05-27
NHANES-94685,United States,female,40-59,Black,Some college,1970-02-09
NHANES-94686,United States,female,20-39,White,High school,1984-06-12
NHANES-94687,Other,female,20-39,Asian,College grad,1982-10-24
NHANES-94688,United States,male,60-79,White,College grad,1956-04-28
NHANES-94689,United States,male,20-39,Other Hispanic,Some college,1995-08-07
NHANES-94690,United States,female,0-19,White,NA,2014-06-25
NHANES-94691,United States,male,60-79,White,9-11th grade,1950-02-15
NHANES-94692,United States,female,0-19,White,NA,2014-09-30
NHANES-94693,United States,male,40-59,White,9-11th grade,1958-03-11
NHANES-94694,United States,female,20-39,Other Hispanic,9-11th grade,1988-01-27
NHANES-94695,United States,female,40-59,White,High school,1960-09-26
NHANES-94696,United States,female,40-59,White,Some college,1974-01-31
NHANES-94697,United States,female,20-39,White,College grad,1993-05-19
NHANES-94698,United States,female,40-59,Black,9-11th grade,1957-11-18
NHANES-94699,United States,male,0-19,Other Hispanic,NA,2006-10-30
NHANES-94700,United States,male,0-19,Mexican American,NA,2006-06-21
NHANES-94701,United States,male,0-19,Black,NA,2002-04-01
NHANES-94702,United States,female,0-19,Black,NA,2001-02-11
NHANES-94703,United States,female,0-19,White,NA,2008-06-02
NHANES-94704,United States,female,80+,Black,Less than 9th grade,1937-04-09
NHANES-94705,United States,female,60-79,Other,College grad,1956-09-04
NHANES-94706,Other,female,40-59,Asian,College grad,1974-11-10
NHANES-94707,United States,male,80+,White,Some college,1938-06-14
NHANES-94708,United States,male,40-59,White,Some college,1976-04-15
NHANES-94709,United States,male,0-19,White,NA,2011-06-03
NHANES-94710,United States,male,20-39,Black,9-11th grade,1983-05-04
NHANES-94711,United States,female,60-79,White,Some college,1953-04-04
NHANES-94712,United States,male,0-19,White,NA,2015-03-13
NHANES-94713,United States,female,40-59,Black,9-11th grade,1960-12-09
NHANES-94714,United States,male,0-19,Black,NA,2017-02-02
NHANES-94715,United States,female,0-19,Black,NA,2013-03-22
NHANES-94716,United States,female,60-79,White,College grad,1940-10-17
NHANES-94717,United States,female,0-19,Mexican American,NA,2010-11-10
NHANES-94718,United States,female,0-19,White,NA,2014-12-06
NHANES-94719,Other,female,40-59,Mexican American,9-11th grade,1961-01-28
NHANES-94720,United States,male,20-39,Black,College grad,1995-12-09
NHANES-94721,Other,male,20-39,Other Hispanic,High school,1988-09-26
NHANES-94722,United States,male,0-19,White,NA,2006-08-25
NHANES-94723,United States,female,0-19,White,NA,1999-05-12
NHANES-94724,United States,female,80+,White,High school,1936-05-20
NHANES-94725,United States,male,40-59,White,College grad,1960-02-11
NHANES-94726,United States,female,40-59,White,College grad,1970-10-12
NHANES-94727,United States,female,0-19,Black,NA,2000-10-28
NHANES-94728,United States,female,0-19,Asian,NA,2015-03-28
NHANES-94729,United States,male,20-39,Black,9-11th grade,1979-11-29
NHANES-94730,United States,female,60-79,Mexican American,Some college,1954-08-12
NHANES-94731,Other,female,40-59,Black,Some college,1973-09-26
NHANES-94732,United States,female,40-59,Black,Some college,1973-06-22
NHANES-94733,United States,female,0-19,White,NA,2007-11-17
NHANES-94734,Other,male,0-19,White,NA,2009-08-25
NHANES-94735,United States,female,40-59,Other Hispanic,High school,1972-11-30
NHANES-94736,Other,male,40-59,Asian,College grad,1965-11-07
NHANES-94737,United States,male,20-39,Black,High school,1986-03-09
NHANES-94738,United States,female,0-19,White,NA,2014-02-03
NHANES-94739,Other,male,40-59,White,Some college,1960-06-17
NHANES-94740,Other,female,40-59,Asian,College grad,1972-02-26
NHANES-94741,United States,female,0-19,Black,NA,2015-10-19
NHANES-94742,United States,female,0-19,White,NA,2007-10-21
NHANES-94743,United States,female,0-19,White,NA,2004-07-04
NHANES-94744,Other,male,40-59,Black,Some college,1974-05-01
NHANES-94745,United States,male,0-19,White,NA,1998-08-25
NHANES-94746,United States,female,20-39,Black,Some college,1983-12-30
NHANES-94747,Other,female,40-59,White,College grad,1958-10-04
NHANES-94748,United States,female,40-59,Black,Some college,1966-06-03
NHANES-94749,United States,female,0-19,Black,NA,2004-08-31
NHANES-94750,United States,male,80+,White,Less than 9th grade,1937-06-16
NHANES-94751,United States,male,0-19,Other,NA,2007-08-11
NHANES-94752,United States,male,60-79,White,High school,1944-03-09
NHANES-94753,Other,female,60-79,Asian,College grad,1943-05-06
NHANES-94754,United States,female,60-79,White,Less than 9th grade,1952-08-29
NHANES-94755,Other,female,60-79,Other Hispanic,9-11th grade,1944-02-15
NHANES-94756,United States,female,60-79,White,High school,1946-04-30
NHANES-94757,Other,male,0-19,Other Hispanic,NA,1998-03-18
NHANES-94758,United States,male,20-39,Asian,College grad,1983-08-13
NHANES-94759,United States,male,0-19,Other Hispanic,NA,2011-01-06
NHANES-94760,United States,female,60-79,Black,Some college,1943-02-05
NHANES-94761,United States,male,20-39,Asian,Some college,1993-01-05
NHANES-94762,United States,male,0-19,White,NA,2013-10-11
NHANES-94763,United States,male,40-59,Black,High school,1975-09-18
NHANES-94764,United States,female,40-59,Black,Some college,1975-05-17
NHANES-94765,United States,male,40-59,White,Some college,1962-12-23
NHANES-94766,Other,male,40-59,Black,Some college,1974-12-18
NHANES-94767,United States,male,60-79,Other,High school,1947-12-13
NHANES-94768,United States,male,80+,White,College grad,1936-12-29
NHANES-94769,United States,female,0-19,White,NA,2010-01-28
NHANES-94770,United States,male,0-19,Black,NA,2017-01-02
NHANES-94771,United States,female,40-59,White,High school,1975-10-31
NHANES-94772,United States,male,0-19,Other,NA,2000-04-05
NHANES-94773,Other,male,20-39,Mexican American,College grad,1984-11-04
NHANES-94774,United States,female,0-19,White,NA,2000-11-02
NHANES-94775,United States,female,20-39,Black,Some college,1991-01-04
NHANES-94776,Other,male,60-79,Other Hispanic,Some college,1946-04-11
NHANES-94777,United States,female,80+,White,Some college,1937-02-22
NHANES-94778,United States,female,0-19,White,NA,2007-08-26
NHANES-94779,United States,male,80+,White,Some college,1936-07-03
NHANES-94780,United States,male,60-79,Mexican American,College grad,1942-12-21
NHANES-94781,United States,female,0-19,Asian,NA,2008-01-24
NHANES-94782,United States,female,0-19,White,NA,2002-06-12
NHANES-94783,Other,female,20-39,Asian,Some college,1990-03-29
NHANES-94784,United States,male,0-19,White,NA,2013-01-11
NHANES-94785,Other,male,40-59,Asian,College grad,1961-12-09
NHANES-94786,Other,female,20-39,White,Some college,1993-03-19
NHANES-94787,Other,male,0-19,Mexican American,NA,1998-01-18
NHANES-94788,Other,female,40-59,Asian,Some college,1963-10-11
NHANES-94789,United States,female,0-19,Black,NA,2009-05-04
NHANES-94790,United States,male,0-19,Black,NA,2016-09-26
NHANES-94791,United States,male,0-19,White,NA,2006-02-01
NHANES-94792,Other,male,60-79,Asian,College grad,1951-01-26
NHANES-94793,Other,male,40-59,Mexican American,Some college,1977-10-24
NHANES-94794,United States,female,0-19,White,NA,2017-04-16
NHANES-94795,United States,female,20-39,Mexican American,Some college,1990-10-31
NHANES-94796,United States,male,0-19,Mexican American,NA,2018-03-01
NHANES-94797,Other,female,60-79,Asian,Less than 9th grade,1951-10-10
NHANES-94798,Other,female,80+,Asian,Less than 9th grade,1937-11-15
NHANES-94799,United States,female,0-19,Mexican American,NA,2000-04-15
NHANES-94800,United States,male,0-19,White,NA,2012-09-16
NHANES-94801,United States,male,40-59,Black,College grad,1973-01-30
NHANES-94802,United States,male,20-39,Other Hispanic,High school,1996-01-22
NHANES-94803,United States,female,20-39,Mexican American,Some college,1987-06-27
NHANES-94804,United States,male,0-19,Black,NA,2001-06-04
NHANES-94805,United States,male,60-79,Other,High school,1955-03-01
NHANES-94806,Other,male,40-59,Other Hispanic,Less than 9th grade,1961-12-02
NHANES-94807,United States,male,0-19,Mexican American,NA,2006-02-18
NHANES-94808,Other,female,40-59,Black,Some college,1976-10-07
NHANES-94809,Other,female,60-79,Mexican American,Less than 9th grade,1937-11-26
NHANES-94810,United States,male,40-59,Other,High school,1961-09-24
NHANES-94811,United States,male,60-79,Black,9-11th grade,1948-06-14
NHANES-94812,Other,male,40-59,Asian,College grad,1971-03-28
NHANES-94813,Other,female,60-79,Asian,College grad,1954-03-29
NHANES-94814,United States,female,0-19,Mexican American,NA,2005-03-10
NHANES-94815,United States,male,0-19,Black,NA,2015-12-26
NHANES-94816,United States,female,0-19,White,NA,2000-04-28
NHANES-94817,United States,female,0-19,Asian,NA,2017-01-28
NHANES-94818,United States,male,60-79,Mexican American,Some college,1941-08-12
NHANES-94819,Other,female,20-39,Mexican American,9-11th grade,1985-09-10
NHANES-94820,United States,female,0-19,Black,NA,2002-10-19
NHANES-94821,United States,male,0-19,Asian,NA,2002-12-06
NHANES-94822,United States,female,0-19,Black,NA,2007-01-08
NHANES-94823,United States,female,0-19,Black,NA,2015-09-04
NHANES-94824,United States,male,0-19,White,NA,2014-12-23
NHANES-94825,United States,female,0-19,Other,NA,2010-04-22
NHANES-94826,United States,female,60-79,Black,Some college,1952-03-13
NHANES-94827,United States,female,0-19,Black,NA,2009-03-08
NHANES-94828,United States,male,0-19,Black,NA,2015-02-19
NHANES-94829,Other,female,80+,White,College grad,1937-11-04
NHANES-94830,United States,female,0-19,White,NA,2017-08-02
NHANES-94831,United States,female,60-79,White,9-11th grade,1954-03-20
NHANES-94832,United States,female,60-79,White,College grad,1946-06-01
NHANES-94833,United States,female,0-19,Mexican American,NA,2001-08-25
NHANES-94834,United States,female,60-79,White,Some college,1955-07-17
NHANES-94835,United States,female,40-59,White,High school,1957-11-22
NHANES-94836,United States,female,60-79,White,High school,1946-02-09
NHANES-94837,Other,female,20-39,Mexican American,Less than 9th grade,1985-03-01
NHANES-94838,United States,female,60-79,Black,9-11th grade,1940-06-03
NHANES-94839,United States,female,0-19,White,NA,2013-06-23
NHANES-94840,United States,female,0-19,White,NA,2002-01-06
NHANES-94841,Other,female,0-19,Other Hispanic,NA,2004-02-25
NHANES-94842,United States,female,0-19,Mexican American,NA,2006-03-15
NHANES-94843,United States,female,0-19,White,NA,2014-10-22
NHANES-94844,United States,male,20-39,White,College grad,1981-04-06
NHANES-94845,United States,male,0-19,Other Hispanic,NA,2018-07-30
NHANES-94846,United States,male,0-19,Black,NA,2013-05-20
NHANES-94847,United States,female,80+,Black,High school,1937-06-13
NHANES-94848,Other,female,20-39,Other Hispanic,Some college,1984-09-22
NHANES-94849,United States,female,0-19,Other,NA,2016-08-22
NHANES-94850,United States,male,40-59,White,High school,1970-11-17
NHANES-94851,United States,female,0-19,Asian,NA,2009-11-11
NHANES-94852,Other,male,20-39,Mexican American,Less than 9th grade,1983-12-08
NHANES-94853,United States,male,0-19,Other Hispanic,NA,2014-09-15
NHANES-94854,United States,female,40-59,White,Some college,1965-04-10
NHANES-94855,United States,male,40-59,Black,9-11th grade,1963-12-27
NHANES-94856,Other,female,60-79,White,High school,1940-07-19
NHANES-94857,United States,female,20-39,Other Hispanic,Some college,1981-06-02
NHANES-94858,United States,female,40-59,White,High school,1974-06-14
NHANES-94859,United States,female,0-19,White,NA,2004-01-02
NHANES-94860,United States,female,20-39,Black,Some college,1984-08-13
NHANES-94861,United States,female,40-59,Black,9-11th grade,1961-10-02
NHANES-94862,Other,female,40-59,Asian,College grad,1964-06-09
NHANES-94863,Other,male,40-59,Other Hispanic,Some college,1966-03-28
NHANES-94864,Other,male,0-19,Other Hispanic,NA,2001-07-27
NHANES-94865,United States,female,0-19,Black,NA,2006-04-05
NHANES-94866,United States,male,0-19,Mexican American,NA,2006-11-05
NHANES-94867,United States,male,40-59,White,High school,1963-02-07
NHANES-94868,United States,male,40-59,Other Hispanic,Some college,1959-02-24
NHANES-94869,United States,male,0-19,White,NA,2015-10-09
NHANES-94870,United States,male,0-19,Black,NA,2004-08-31
NHANES-94871,United States,male,60-79,White,High school,1948-12-01
NHANES-94872,United States,male,80+,White,9-11th grade,1937-12-15
NHANES-94873,United States,male,20-39,Mexican American,Some college,1995-08-06
NHANES-94874,United States,male,0-19,White,NA,1998-12-28
NHANES-94875,United States,male,0-19,White,NA,2001-09-16
NHANES-94876,United States,female,0-19,Asian,NA,2000-01-04
NHANES-94877,Other,male,60-79,Mexican American,Less than 9th grade,1946-07-20
NHANES-94878,United States,female,20-39,Black,High school,1981-07-21
NHANES-94879,United States,female,40-59,Other,Some college,1968-06-04
NHANES-94880,United States,female,20-39,White,High school,1987-05-06
NHANES-94881,United States,male,0-19,Asian,NA,2003-02-01
NHANES-94882,Other,female,40-59,Asian,High school,1963-01-30
NHANES-94883,United States,male,40-59,Black,High school,1957-07-07
NHANES-94884,United States,female,0-19,Mexican American,NA,2010-01-19
NHANES-94885,United States,male,60-79,Black,Some college,1953-02-20
NHANES-94886,United States,male,0-19,Mexican American,NA,1999-06-22
NHANES-94887,United States,male,80+,White,High school,1937-04-19
NHANES-94888,United States,male,0-19,Black,NA,2005-10-08
NHANES-94889,United States,female,40-59,Mexican American,Less than 9th grade,1976-11-16
NHANES-94890,Other,male,40-59,White,9-11th grade,1960-06-28
NHANES-94891,United States,female,40-59,Black,Some college,1976-12-31
NHANES-94892,United States,male,60-79,White,Some college,1956-10-23
NHANES-94893,Other,female,40-59,Other,College grad,1969-04-10
NHANES-94894,United States,male,40-59,White,Some college,1967-05-16
NHANES-94895,United States,female,20-39,Other Hispanic,Some college,1995-02-19
NHANES-94896,United States,female,40-59,Black,9-11th grade,1968-10-27
NHANES-94897,United States,female,0-19,Black,NA,2014-07-14
NHANES-94898,United States,female,60-79,White,High school,1944-01-27
NHANES-94899,United States,female,20-39,Black,High school,1986-06-02
NHANES-94900,United States,male,0-19,Mexican American,NA,2005-06-20
NHANES-94901,United States,female,0-19,White,NA,2003-08-08
NHANES-94902,Other,female,60-79,Asian,Less than 9th grade,1949-07-22
NHANES-94903,United States,male,40-59,Black,College grad,1967-09-10
NHANES-94904,United States,male,0-19,White,NA,2010-07-23
NHANES-94905,United States,female,0-19,White,NA,1999-11-18
NHANES-94906,United States,male,40-59,White,High school,1970-03-26
NHANES-94907,United States,female,80+,White,Some college,1937-08-29
NHANES-94908,United States,female,40-59,Black,Some college,1961-08-06
NHANES-94909,United States,male,40-59,White,Some college,1958-09-07
NHANES-94910,United States,male,0-19,White,NA,2000-01-17
NHANES-94911,United States,male,0-19,White,NA,2007-01-20
NHANES-94912,United States,male,0-19,White,NA,2008-06-20
NHANES-94913,United States,female,0-19,White,NA,2017-09-04
NHANES-94914,United States,female,0-19,Other,NA,2001-04-17
NHANES-94915,United States,female,0-19,Black,NA,2005-11-02
NHANES-94916,United States,female,20-39,Black,High school,1991-11-09
NHANES-94917,United States,male,0-19,Mexican American,NA,2006-05-21
NHANES-94918,Other,male,60-79,Other Hispanic,High school,1946-04-12
NHANES-94919,United States,male,0-19,Other Hispanic,NA,2012-04-11
NHANES-94920,United States,female,40-59,Black,Some college,1960-05-12
NHANES-94921,Other,female,60-79,Asian,College grad,1957-02-28
NHANES-94922,United States,male,60-79,Black,Some college,1952-09-05
NHANES-94923,United States,female,0-19,Black,NA,2001-11-29
NHANES-94924,United States,female,20-39,White,Some college,1988-08-08
NHANES-94925,United States,female,0-19,Black,NA,2010-05-15
NHANES-94926,United States,male,20-39,White,High school,1981-05-12
NHANES-94927,Other,female,20-39,Asian,College grad,1988-04-22
NHANES-94928,United States,male,0-19,White,NA,2008-10-31
NHANES-94929,Other,male,60-79,White,College grad,1940-01-25
NHANES-94930,United States,female,40-59,Black,Some college,1967-07-27
NHANES-94931,United States,female,60-79,White,High school,1954-04-06
NHANES-94932,United States,male,40-59,White,Some college,1967-10-29
NHANES-94933,Other,female,40-59,Mexican American,High school,1962-04-27
NHANES-94934,United States,female,0-19,Asian,NA,2004-09-07
NHANES-94935,United States,female,40-59,Other,9-11th grade,1975-10-11
NHANES-94936,Other,female,20-39,Black,Some college,1993-05-17
NHANES-94937,United States,male,40-59,White,High school,1958-06-10
NHANES-94938,United States,male,60-79,Black,High school,1957-05-24
NHANES-94939,United States,male,20-39,Other,Some college,1986-09-14
NHANES-94940,United States,female,80+,Other,Less than 9th grade,1936-10-27
NHANES-94941,United States,male,20-39,Black,Some college,1989-04-09
NHANES-94942,United States,male,0-19,White,NA,2017-01-05
NHANES-94943,United States,female,0-19,Asian,NA,2013-09-12
NHANES-94944,United States,female,0-19,Mexican American,NA,2000-08-03
NHANES-94945,United States,male,20-39,Mexican American,Some college,1988-06-28
NHANES-94946,United States,male,20-39,White,Some college,1994-07-04
NHANES-94947,United States,male,0-19,Black,NA,2009-12-05
NHANES-94948,United States,male,0-19,Black,NA,2017-12-10
NHANES-94949,United States,male,0-19,Mexican American,NA,2016-02-26
NHANES-94950,United States,female,80+,White,Some college,1937-02-27
NHANES-94951,United States,female,0-19,Black,NA,2009-02-22
NHANES-94952,United States,female,60-79,White,College grad,1954-08-18
NHANES-94953,United States,female,40-59,White,Some college,1958-04-12
NHANES-94954,United States,male,20-39,Black,College grad,1982-11-11
NHANES-94955,Other,male,80+,Asian,High school,1938-04-21
NHANES-94956,United States,female,0-19,Black,NA,2006-09-14
NHANES-94957,United States,male,40-59,White,Some college,1973-12-19
NHANES-94958,Other,female,40-59,Asian,College grad,1959-01-14
NHANES-94959,United States,male,40-59,Black,Some college,1970-02-04
NHANES-94960,United States,male,20-39,White,Some college,1991-01-14
NHANES-94961,Other,male,0-19,Asian,NA,2002-12-30
NHANES-94962,Other,female,40-59,Asian,College grad,1961-08-06
NHANES-94963,United States,male,60-79,White,High school,1945-10-22
NHANES-94964,Other,male,40-59,Mexican American,Less than 9th grade,1969-07-28
NHANES-94965,United States,female,0-19,White,NA,2003-02-05
NHANES-94966,United States,male,40-59,Other,9-11th grade,1974-08-17
NHANES-94967,United States,female,40-59,Black,College grad,1978-02-03
NHANES-94968,United States,male,20-39,Black,9-11th grade,1993-07-03
NHANES-94969,United States,male,80+,White,High school,1938-04-25
NHANES-94970,Other,male,40-59,Mexican American,Less than 9th grade,1962-02-16
NHANES-94971,United States,female,0-19,Other Hispanic,NA,2006-09-21
NHANES-94972,United States,female,20-39,White,High school,1977-05-19
NHANES-94973,United States,male,0-19,Mexican American,NA,2002-05-30
NHANES-94974,United States,male,0-19,Black,NA,2013-03-03
NHANES-94975,United States,male,40-59,Black,Some college,1961-04-30
NHANES-94976,United States,male,0-19,White,NA,2005-07-05
NHANES-94977,United States,female,60-79,White,Some college,1941-08-08
NHANES-94978,United States,female,0-19,Other Hispanic,NA,2011-09-12
NHANES-94979,United States,male,60-79,Black,High school,1952-05-27
NHANES-94980,United States,female,60-79,Black,College grad,1957-06-15
NHANES-94981,United States,male,0-19,White,NA,2017-07-24
NHANES-94982,United States,female,20-39,Black,Some college,1986-01-29
NHANES-94983,United States,female,0-19,Asian,NA,1998-07-26
NHANES-94984,Other,male,60-79,Other Hispanic,Less than 9th grade,1954-12-04
NHANES-94985,United States,female,0-19,Asian,NA,2010-09-24
NHANES-94986,United States,male,60-79,White,College grad,1955-01-25
NHANES-94987,United States,female,60-79,White,High school,1955-02-12
NHANES-94988,United States,female,60-79,White,Some college,1947-04-16
NHANES-94989,United States,male,20-39,Other,9-11th grade,1982-03-03
NHANES-94990,United States,male,40-59,Black,High school,1960-11-13
NHANES-94991,United States,male,20-39,Black,College grad,1991-08-17
NHANES-94992,United States,male,0-19,White,NA,2014-09-23
NHANES-94993,United States,female,80+,White,High school,1937-02-06
NHANES-94994,United States,female,0-19,Other Hispanic,NA,1999-06-17
NHANES-94995,United States,male,40-59,Other,Some college,1960-04-02
NHANES-94996,Other,female,40-59,Asian,College grad,1962-10-28
NHANES-94997,Other,female,40-59,Other Hispanic,College grad,1973-04-05
NHANES-94998,United States,male,40-59,White,College grad,1971-10-22
NHANES-94999,United States,female,0-19,Other,NA,2014-10-28
NHANES-95000,Other,female,60-79,Asian,College grad,1942-03-25
NHANES-95001,United States,female,80+,White,College grad,1938-01-14
NHANES-95002,Other,male,20-39,Mexican American,9-11th grade,1990-07-12
NHANES-95003,United States,female,0-19,White,NA,2007-09-16
NHANES-95004,United States,male,80+,White,High school,1936-10-17
NHANES-95005,United States,male,40-59,Other,Some college,1972-02-05
NHANES-95006,United States,male,0-19,White,NA,2005-11-09
NHANES-95007,Other,male,60-79,White,Less than 9th grade,1939-07-21
NHANES-95008,United States,female,0-19,Other Hispanic,NA,2009-02-21
NHANES-95009,United States,male,0-19,Black,NA,2003-03-19
NHANES-95010,United States,male,0-19,Other Hispanic,NA,2013-11-30
NHANES-95011,United States,female,60-79,White,High school,1952-05-06
NHANES-95012,United States,female,0-19,White,NA,2015-12-07
NHANES-95013,United States,male,40-59,White,Some college,1962-06-22
NHANES-95014,United States,male,20-39,Mexican American,College grad,1982-11-14
NHANES-95015,United States,female,0-19,White,NA,2009-09-24
NHANES-95016,United States,male,60-79,White,College grad,1943-08-18
NHANES-95017,United States,male,0-19,Mexican American,NA,2013-01-27
NHANES-95018,United States,female,0-19,Other,NA,2017-02-03
NHANES-95019,United States,male,40-59,White,High school,1978-06-21
NHANES-95020,Other,female,80+,Black,College grad,1937-03-21
NHANES-95021,United States,female,0-19,White,NA,2013-07-18
NHANES-95022,United States,female,0-19,Mexican American,NA,2001-09-06
NHANES-95023,United States,male,0-19,Mexican American,NA,2003-08-12
NHANES-95024,United States,male,0-19,White,NA,1999-03-24
NHANES-95025,United States,male,40-59,White,Some college,1959-01-30
NHANES-95026,United States,male,20-39,Black,Some college,1997-12-29
NHANES-95027,Other,female,60-79,Asian,9-11th grade,1941-06-21
NHANES-95028,United States,male,20-39,White,9-11th grade,1987-11-21
NHANES-95029,United States,female,40-59,Black,Some college,1974-08-03
NHANES-95030,United States,male,60-79,Other,Some college,1953-10-26
NHANES-95031,United States,female,40-59,White,High school,1962-09-24
NHANES-95032,United States,female,0-19,White,NA,2004-08-10
NHANES-95033,Other,female,40-59,Asian,Less than 9th grade,1967-08-22
NHANES-95034,United States,female,60-79,White,College grad,1957-05-28
NHANES-95035,Other,male,40-59,Other,Some college,1975-01-04
NHANES-95036,United States,male,80+,White,Some college,1936-09-17
NHANES-95037,United States,female,20-39,Mexican American,High school,1996-09-25
NHANES-95038,United States,female,0-19,Asian,NA,2009-09-13
NHANES-95039,United States,female,20-39,White,College grad,1995-05-11
NHANES-95040,United States,female,20-39,White,Some college,1992-06-24
NHANES-95041,Other,female,60-79,Other Hispanic,Some college,1957-02-26
NHANES-95042,Other,female,60-79,Other Hispanic,Less than 9th grade,1952-12-27
NHANES-95043,Other,male,60-79,Asian,Less than 9th grade,1953-09-20
NHANES-95044,United States,female,60-79,White,College grad,1951-06-27
NHANES-95045,United States,female,60-79,White,College grad,1948-02-09
NHANES-95046,United States,female,60-79,Black,Some college,1953-12-14
NHANES-95047,United States,male,60-79,White,Some college,1943-04-25
NHANES-95048,United States,male,20-39,White,College grad,1995-01-07
NHANES-95049,United States,male,0-19,Other Hispanic,NA,2014-05-24
NHANES-95050,United States,male,0-19,Black,NA,2011-09-24
NHANES-95051,United States,male,40-59,Black,Some college,1966-10-02
NHANES-95052,Other,female,40-59,Asian,Less than 9th grade,1977-04-25
NHANES-95053,United States,male,40-59,White,High school,1968-07-06
NHANES-95054,United States,female,0-19,Mexican American,NA,2001-05-08
NHANES-95055,United States,male,40-59,Mexican American,Some college,1978-02-18
NHANES-95056,United States,female,20-39,Other,Some college,1984-08-28
NHANES-95057,United States,male,60-79,White,College grad,1945-08-03
NHANES-95058,United States,female,20-39,White,9-11th grade,1980-12-25
NHANES-95059,United States,male,40-59,White,9-11th grade,1964-02-22
NHANES-95060,Other,female,40-59,Asian,Some college,1973-05-20
NHANES-95061,United States,male,40-59,Mexican American,High school,1973-01-02
NHANES-95062,United States,male,60-79,Black,Some college,1955-07-18
NHANES-95063,United States,female,40-59,White,High school,1972-03-01
NHANES-95064,United States,male,20-39,Black,Some college,1991-04-11
NHANES-95065,United States,female,20-39,Other Hispanic,High school,1997-10-27
NHANES-95066,Other,female,60-79,Other Hispanic,High school,1943-02-21
NHANES-95067,United States,female,40-59,Black,High school,1962-04-19
NHANES-95068,United States,female,80+,White,9-11th grade,1937-02-08
NHANES-95069,United States,male,20-39,White,High school,1990-11-04
NHANES-95070,Other,male,60-79,Other Hispanic,9-11th grade,1955-11-27
NHANES-95071,Other,female,20-39,White,9-11th grade,1979-10-08
NHANES-95072,United States,female,0-19,White,NA,2001-06-08
NHANES-95073,United States,female,60-79,Mexican American,High school,1946-05-07
NHANES-95074,United States,female,20-39,Black,College grad,1981-01-10
NHANES-95075,United States,male,60-79,White,College grad,1948-09-12
NHANES-95076,Other,female,20-39,Asian,College grad,1978-10-29
NHANES-95077,Other,male,40-59,Asian,Some college,1969-11-17
NHANES-95078,United States,female,0-19,Black,NA,2018-07-25
NHANES-95079,United States,male,0-19,White,NA,2014-06-03
NHANES-95080,Other,male,20-39,Other Hispanic,Some college,1989-02-12
NHANES-95081,United States,male,0-19,Black,NA,2008-12-16
NHANES-95082,United States,male,80+,White,Less than 9th grade,1938-04-30
NHANES-95083,United States,male,20-39,White,High school,1980-01-05
NHANES-95084,United States,male,0-19,White,NA,2012-12-10
NHANES-95085,United States,female,0-19,White,NA,2018-01-28
NHANES-95086,United States,male,0-19,Asian,NA,2011-04-25
NHANES-95087,United States,female,0-19,Asian,NA,2009-01-20
NHANES-95088,Other,female,40-59,Mexican American,Some college,1967-02-07
NHANES-95089,United States,female,20-39,Black,9-11th grade,1986-10-20
NHANES-95090,Other,male,0-19,Asian,NA,1999-02-25
NHANES-95091,United States,male,60-79,Black,High school,1956-10-23
NHANES-95092,United States,male,0-19,Other,NA,2005-12-09
NHANES-95093,Other,female,40-59,Mexican American,High school,1966-02-01
NHANES-95094,Other,female,20-39,Other Hispanic,Less than 9th grade,1981-04-24
NHANES-95095,United States,female,80+,White,College grad,1938-02-26
NHANES-95096,United States,male,20-39,Mexican American,Some college,1995-11-17
NHANES-95097,United States,female,60-79,White,College grad,1951-05-03
NHANES-95098,Other,male,60-79,Other Hispanic,Some college,1948-08-15
NHANES-95099,Other,female,60-79,Asian,High school,1948-02-22
NHANES-95100,Other,female,0-19,Asian,NA,2000-01-08
NHANES-95101,United States,female,80+,White,Less than 9th grade,1937-08-25
NHANES-95102,Other,female,60-79,Asian,College grad,1956-08-21
NHANES-95103,United States,male,20-39,Other Hispanic,College grad,1977-10-07
NHANES-95104,United States,male,0-19,White,NA,2016-05-30
NHANES-95105,United States,male,60-79,White,Some college,1950-06-22
NHANES-95106,Other,male,0-19,Asian,NA,2001-03-18
NHANES-95107,United States,female,0-19,White,NA,2011-01-04
NHANES-95108,United States,male,0-19,Other Hispanic,NA,2003-06-14
NHANES-95109,United States,female,0-19,Mexican American,NA,2014-04-27
NHANES-95110,United States,female,60-79,Mexican American,Some college,1951-02-15
NHANES-95111,United States,male,0-19,White,NA,2002-08-21
NHANES-95112,United States,female,0-19,Black,NA,2002-07-07
NHANES-95113,United States,female,20-39,Mexican American,High school,1996-12-12
NHANES-95114,United States,male,20-39,Mexican American,College grad,1983-10-07
NHANES-95115,Other,female,20-39,Black,Less than 9th grade,1985-07-16
NHANES-95116,United States,male,60-79,White,Some college,1954-05-31
NHANES-95117,United States,female,0-19,Other Hispanic,NA,2007-11-03
NHANES-95118,Other,male,40-59,Asian,College grad,1960-05-12
NHANES-95119,Other,male,20-39,Asian,Some college,1997-10-25
NHANES-95120,United States,male,0-19,White,NA,2008-10-08
NHANES-95121,United States,female,60-79,Mexican American,College grad,1951-05-20
NHANES-95122,United States,female,0-19,Other,NA,2011-09-22
NHANES-95123,Other,female,40-59,Other Hispanic,College grad,1966-09-08
NHANES-95124,United States,male,40-59,Black,9-11th grade,1959-06-01
NHANES-95125,United States,male,0-19,White,NA,2011-10-28
NHANES-95126,Other,female,40-59,Asian,9-11th grade,1957-12-30
NHANES-95127,United States,male,0-19,White,NA,2001-04-02
NHANES-95128,United States,female,20-39,Black,Some college,1985-01-22
NHANES-95129,Other,male,60-79,Mexican American,Less than 9th grade,1956-10-28
NHANES-95130,United States,female,0-19,White,NA,2014-07-17
NHANES-95131,United States,male,60-79,White,High school,1956-11-11
NHANES-95132,United States,female,0-19,White,NA,2008-11-11
NHANES-95133,United States,male,0-19,Black,NA,2009-09-27
NHANES-95134,Other,male,20-39,Mexican American,High school,1980-03-29
NHANES-95135,United States,male,60-79,White,Some college,1938-11-21
NHANES-95136,United States,female,0-19,Mexican American,NA,2006-03-31
NHANES-95137,United States,female,40-59,White,Some college,1964-01-01
NHANES-95138,United States,female,60-79,White,9-11th grade,1946-04-19
NHANES-95139,United States,female,20-39,White,9-11th grade,1988-12-15
NHANES-95140,United States,female,40-59,Mexican American,Some college,1975-10-07
NHANES-95141,United States,female,0-19,White,NA,2010-11-13
NHANES-95142,United States,male,0-19,Mexican American,NA,2015-02-09
NHANES-95143,Other,female,40-59,Mexican American,High school,1966-03-26
NHANES-95144,United States,female,0-19,White,NA,2011-12-15
NHANES-95145,United States,female,0-19,White,NA,2013-05-28
NHANES-95146,United States,female,0-19,Black,NA,2007-02-21
NHANES-95147,United States,female,0-19,White,NA,2016-04-08
NHANES-95148,United States,female,40-59,Black,9-11th grade,1961-06-05
NHANES-95149,United States,female,40-59,White,High school,1969-11-16
NHANES-95150,United States,male,0-19,White,NA,2003-04-17
NHANES-95151,United States,female,80+,White,High school,1937-06-01
NHANES-95152,United States,male,40-59,Black,Some college,1959-03-21
NHANES-95153,United States,female,20-39,White,High school,1994-03-31
NHANES-95154,United States,female,0-19,White,NA,2009-05-30
NHANES-95155,Other,male,60-79,Mexican American,9-11th grade,1955-07-03
NHANES-95156,United States,female,0-19,White,NA,2014-10-01
NHANES-95157,United States,male,40-59,Black,Some college,1963-05-25
NHANES-95158,United States,female,0-19,White,NA,2003-02-18
NHANES-95159,United States,female,0-19,White,NA,2005-05-22
NHANES-95160,United States,female,60-79,Black,College grad,1951-03-15
NHANES-95161,Other,female,0-19,Other Hispanic,NA,2000-11-03
NHANES-95162,United States,male,0-19,Other,NA,2000-05-31
NHANES-95163,Other,male,60-79,Asian,High school,1950-04-16
NHANES-95164,United States,male,0-19,Other Hispanic,NA,2017-01-10
NHANES-95165,United States,female,20-39,Black,Some college,1978-06-04
NHANES-95166,United States,female,0-19,Mexican American,NA,2017-04-12
NHANES-95167,United States,female,0-19,Mexican American,NA,2004-02-01
NHANES-95168,United States,female,40-59,Black,Some college,1957-03-19
NHANES-95169,Other,female,60-79,Asian,Less than 9th grade,1957-09-17
NHANES-95170,Other,female,60-79,Asian,Less than 9th grade,1950-01-25
NHANES-95171,United States,female,40-59,White,High school,1975-09-13
NHANES-95172,Other,female,60-79,Mexican American,Less than 9th grade,1947-11-07
NHANES-95173,United States,male,80+,Black,9-11th grade,1937-02-03
NHANES-95174,United States,female,20-39,Other,Some college,1992-04-05
NHANES-95175,United States,male,0-19,Other,NA,2017-08-01
NHANES-95176,United States,female,0-19,Mexican American,NA,2008-10-17
NHANES-95177,Other,female,40-59,Asian,High school,1959-08-01
NHANES-95178,United States,male,0-19,White,NA,2015-10-19
NHANES-95179,United States,female,20-39,White,Some college,1986-07-24
NHANES-95180,United States,male,0-19,Asian,NA,2014-03-09
NHANES-95181,United States,male,20-39,White,College grad,1977-06-21
NHANES-95182,United States,male,40-59,Other Hispanic,Some college,1960-05-19
NHANES-95183,United States,female,0-19,Mexican American,NA,2003-01-30
NHANES-95184,United States,female,20-39,White,Some college,1996-07-19
NHANES-95185,United States,male,0-19,Black,NA,2000-08-03
NHANES-95186,Other,female,20-39,Asian,College grad,1989-04-22
NHANES-95187,United States,male,0-19,Black,NA,2007-01-12
NHANES-95188,United States,female,0-19,Black,NA,2006-12-16
NHANES-95189,United States,male,60-79,Black,College grad,1951-11-17
NHANES-95190,United States,female,20-39,Mexican American,Some college,1989-12-06
NHANES-95191,Other,female,40-59,Mexican American,Less than 9th grade,1963-04-29
NHANES-95192,United States,male,0-19,Black,NA,2003-04-03
NHANES-95193,United States,male,0-19,White,NA,2008-06-02
NHANES-95194,United States,male,0-19,Mexican American,NA,1998-10-19
NHANES-95195,United States,female,0-19,Other Hispanic,NA,1998-06-09
NHANES-95196,United States,female,0-19,Black,NA,2016-11-17
NHANES-95197,United States,male,20-39,White,High school,1984-01-25
NHANES-95198,United States,female,0-19,Black,NA,1998-01-13
NHANES-95199,United States,female,60-79,Black,High school,1956-09-17
NHANES-95200,Other,female,20-39,Mexican American,High school,1994-11-18
NHANES-95201,United States,female,0-19,White,NA,2000-10-27
NHANES-95202,United States,female,20-39,White,College grad,1995-09-15
NHANES-95203,United States,male,40-59,Black,Some college,1964-02-08
NHANES-95204,Other,female,0-19,Asian,NA,2000-04-14
NHANES-95205,United States,female,0-19,White,NA,2016-01-31
NHANES-95206,Other,male,40-59,Black,Some college,1971-06-17
NHANES-95207,United States,female,60-79,Black,9-11th grade,1946-05-03
NHANES-95208,Other,male,60-79,Mexican American,Some college,1939-12-05
NHANES-95209,United States,female,60-79,Black,High school,1945-04-29
NHANES-95210,Other,female,40-59,White,Some college,1973-11-17
NHANES-95211,United States,female,20-39,Mexican American,Some college,1996-04-08
NHANES-95212,United States,male,0-19,Asian,NA,2015-12-06
NHANES-95213,United States,male,20-39,Mexican American,9-11th grade,1991-04-04
NHANES-95214,United States,male,60-79,Black,Some college,1947-07-12
NHANES-95215,United States,female,40-59,White,Some college,1965-09-01
NHANES-95216,Other,male,40-59,Asian,College grad,1967-02-23
NHANES-95217,United States,female,0-19,Mexican American,NA,2014-07-17
NHANES-95218,United States,female,0-19,White,NA,2002-09-19
NHANES-95219,United States,male,0-19,White,NA,2011-02-28
NHANES-95220,United States,female,60-79,Mexican American,High school,1955-02-27
NHANES-95221,United States,female,20-39,Other,Some college,1983-06-17
NHANES-95222,United States,female,60-79,Other Hispanic,Some college,1944-11-15
NHANES-95223,United States,female,0-19,Black,NA,2001-05-27
NHANES-95224,United States,male,60-79,Other,College grad,1945-05-29
NHANES-95225,United States,female,0-19,White,NA,2007-01-03
NHANES-95226,Other,male,0-19,Black,NA,2009-08-29
NHANES-95227,Other,male,20-39,Asian,College grad,1996-03-08
NHANES-95228,United States,male,40-59,White,College grad,1970-08-18
NHANES-95229,United States,female,0-19,Other,NA,2017-11-10
NHANES-95230,United States,male,0-19,Mexican American,NA,2016-11-20
NHANES-95231,United States,male,20-39,Other,9-11th grade,1984-11-25
NHANES-95232,United States,female,20-39,Black,9-11th grade,1994-02-16
NHANES-95233,Other,female,20-39,Mexican American,High school,1997-03-17
NHANES-95234,United States,male,0-19,Black,NA,2011-03-20
NHANES-95235,United States,male,0-19,Mexican American,NA,2013-05-23
NHANES-95236,Other,female,60-79,Mexican American,Less than 9th grade,1941-05-09
NHANES-95237,United States,male,20-39,White,College grad,1988-10-19
NHANES-95238,United States,male,60-79,Black,High school,1939-07-24
NHANES-95239,Other,female,20-39,Mexican American,High school,1994-11-20
NHANES-95240,United States,female,0-19,Asian,NA,2016-06-28
NHANES-95241,Other,female,20-39,Mexican American,High school,1988-10-10
NHANES-95242,United States,female,40-59,Black,College grad,1959-11-09
NHANES-95243,United States,female,60-79,Black,Some college,1948-08-19
NHANES-95244,United States,female,40-59,Black,High school,1969-10-31
NHANES-95245,United States,male,0-19,White,NA,2011-04-05
NHANES-95246,United States,female,0-19,Other Hispanic,NA,2017-10-11
NHANES-95247,Other,female,60-79,Asian,Some college,1953-04-14
NHANES-95248,United States,female,0-19,White,NA,2017-07-04
NHANES-95249,United States,female,60-79,White,Some college,1948-01-31
NHANES-95250,Other,male,40-59,Asian,College grad,1973-02-25
NHANES-95251,United States,female,20-39,White,9-11th grade,1979-12-16
NHANES-95252,United States,male,60-79,White,College grad,1947-06-19
NHANES-95253,United States,male,0-19,Black,NA,2006-10-03
NHANES-95254,Other,female,0-19,Other Hispanic,NA,2014-04-09
NHANES-95255,United States,female,20-39,White,High school,1993-11-26
NHANES-95256,United States,female,60-79,White,High school,1950-12-09
NHANES-95257,Other,female,20-39,Black,Some college,1977-06-28
NHANES-95258,United States,male,60-79,Other Hispanic,Some college,1955-07-25
NHANES-95259,United States,male,80+,White,Some college,1936-08-19
NHANES-95260,United States,male,20-39,White,College grad,1990-04-14
NHANES-95261,Other,female,20-39,Other Hispanic,High school,1992-10-04
NHANES-95262,United States,female,20-39,Other,High school,1993-09-20
NHANES-95263,United States,male,0-19,White,NA,2018-07-15
NHANES-95264,Other,female,0-19,Asian,NA,1999-12-12
NHANES-95265,Other,female,40-59,Mexican American,Some college,1972-02-07
NHANES-95266,United States,female,40-59,White,High school,1959-08-16
NHANES-95267,United States,male,0-19,Black,NA,2016-04-13
NHANES-95268,United States,male,60-79,White,9-11th grade,1946-11-12
NHANES-95269,Other,male,0-19,Black,NA,2000-05-04
NHANES-95270,United States,male,0-19,Other,NA,2012-04-01
NHANES-95271,United States,male,0-19,White,NA,2017-01-23
NHANES-95272,United States,female,80+,White,Some college,1937-06-08
NHANES-95273,Other,male,60-79,Mexican American,College grad,1955-06-29
NHANES-95274,United States,female,40-59,White,9-11th grade,1969-03-29
NHANES-95275,United States,female,40-59,Other,College grad,1976-07-28
NHANES-95276,United States,male,20-39,White,College grad,1985-04-27
NHANES-95277,United States,male,0-19,White,NA,2017-11-19
NHANES-95278,Other,female,40-59,Other Hispanic,9-11th grade,1974-03-01
NHANES-95279,Other,male,20-39,Asian,9-11th grade,1980-03-04
NHANES-95280,United States,female,40-59,White,High school,1974-12-16
NHANES-95281,United States,female,60-79,Black,College grad,1957-06-25
NHANES-95282,United States,male,0-19,Asian,NA,2011-10-01
NHANES-95283,United States,male,0-19,Mexican American,NA,1999-12-08
NHANES-95284,Other,female,40-59,Other Hispanic,Some college,1977-04-01
NHANES-95285,United States,female,0-19,White,NA,2012-02-12
NHANES-95286,United States,female,0-19,White,NA,2000-10-09
NHANES-95287,Other,female,40-59,Asian,Some college,1960-10-10
NHANES-95288,United States,male,20-39,White,College grad,1982-09-21
NHANES-95289,Other,female,40-59,Mexican American,Some college,1961-09-12
NHANES-95290,United States,female,0-19,Other,NA,2010-01-26
NHANES-95291,United States,male,0-19,Black,NA,2012-10-04
NHANES-95292,United States,male,0-19,White,NA,2009-10-08
NHANES-95293,Other,male,0-19,White,NA,2001-02-07
NHANES-95294,United States,female,0-19,Mexican American,NA,2017-02-25
NHANES-95295,United States,male,0-19,Asian,NA,2012-04-25
NHANES-95296,Other,male,40-59,Asian,College grad,1977-09-04
NHANES-95297,United States,male,0-19,Other,NA,2002-11-05
NHANES-95298,United States,male,60-79,Black,9-11th grade,1958-01-21
NHANES-95299,United States,female,0-19,White,NA,2009-12-21
NHANES-95300,United States,male,0-19,White,NA,2007-05-24
NHANES-95301,Other,female,40-59,Asian,Some college,1977-04-10
NHANES-95302,Other,female,40-59,Mexican American,9-11th grade,1972-10-15
NHANES-95303,United States,male,0-19,Other,NA,2002-03-11
NHANES-95304,United States,male,0-19,Black,NA,2015-01-25
NHANES-95305,United States,female,0-19,Mexican American,NA,1999-12-29
NHANES-95306,United States,male,0-19,Other,NA,2014-06-26
NHANES-95307,Other,male,0-19,Mexican American,NA,1998-03-08
NHANES-95308,United States,female,60-79,Black,Some college,1953-10-02
NHANES-95309,United States,female,0-19,White,NA,2012-10-11
NHANES-95310,Other,male,40-59,Mexican American,Less than 9th grade,1964-07-28
NHANES-95311,United States,female,0-19,Mexican American,NA,2008-01-11
NHANES-95312,Other,male,20-39,Asian,College grad,1992-01-19
NHANES-95313,United States,female,40-59,White,College grad,1964-05-13
NHANES-95314,United States,male,0-19,Black,NA,2007-03-03
NHANES-95315,United States,female,60-79,Other,Some college,1954-07-29
NHANES-95316,United States,male,40-59,White,Some college,1973-07-01
NHANES-95317,United States,female,0-19,White,NA,2013-03-31
NHANES-95318,United States,female,60-79,White,High school,1956-11-16
NHANES-95319,Other,female,40-59,Mexican American,Less than 9th grade,1963-01-20
NHANES-95320,United States,male,0-19,Mexican American,NA,2017-04-30
NHANES-95321,United States,male,60-79,Black,Some college,1951-05-26
NHANES-95322,Other,male,60-79,Other Hispanic,High school,1958-06-07
NHANES-95323,United States,male,20-39,Asian,Some college,1995-10-04
NHANES-95324,Other,male,60-79,Other Hispanic,College grad,1947-03-01
NHANES-95325,Other,male,60-79,Other Hispanic,Less than 9th grade,1950-01-26
NHANES-95326,United States,male,60-79,White,College grad,1945-07-24
NHANES-95327,Other,female,40-59,Black,College grad,1960-05-26
NHANES-95328,United States,female,0-19,White,NA,2000-01-28
NHANES-95329,Other,male,40-59,Asian,College grad,1971-07-24
NHANES-95330,United States,female,60-79,Black,9-11th grade,1939-11-12
NHANES-95331,United States,female,0-19,Other,NA,2008-06-25
NHANES-95332,United States,female,60-79,Black,College grad,1943-06-21
NHANES-95333,Other,male,20-39,Black,Some college,1979-04-25
NHANES-95334,Other,female,60-79,Other Hispanic,Less than 9th grade,1956-04-28
NHANES-95335,United States,male,60-79,Mexican American,Less than 9th grade,1949-09-26
NHANES-95336,United States,female,0-19,White,NA,2009-05-25
NHANES-95337,United States,female,0-19,White,NA,2004-12-17
NHANES-95338,Other,male,60-79,Other Hispanic,Less than 9th grade,1944-12-21
NHANES-95339,United States,female,60-79,White,Some college,1946-12-19
NHANES-95340,Other,male,40-59,Asian,9-11th grade,1966-03-25
NHANES-95341,United States,female,0-19,White,NA,2017-11-14
NHANES-95342,United States,female,20-39,White,College grad,1987-01-03
NHANES-95343,Other,female,60-79,Asian,Some college,1956-10-17
NHANES-95344,United States,male,0-19,Black,NA,2005-11-29
NHANES-95345,United States,female,0-19,Black,NA,1999-11-29
NHANES-95346,United States,female,60-79,Black,College grad,1956-02-28
NHANES-95347,United States,male,0-19,White,NA,2009-01-02
NHANES-95348,Other,female,20-39,Other Hispanic,Some college,1979-06-22
NHANES-95349,United States,male,0-19,Black,NA,2002-05-03
NHANES-95350,United States,female,0-19,Black,NA,2003-06-02
NHANES-95351,Other,female,20-39,Asian,College grad,1991-09-22
NHANES-95352,United States,female,40-59,White,9-11th grade,1966-07-28
NHANES-95353,Other,female,20-39,Mexican American,Some college,1979-01-02
NHANES-95354,United States,male,0-19,Asian,NA,2009-06-16
NHANES-95355,United States,male,0-19,Mexican American,NA,2004-03-30
NHANES-95356,Other,male,60-79,Asian,College grad,1957-07-27
NHANES-95357,United States,female,40-59,Black,High school,1960-10-10
NHANES-95358,Other,female,60-79,Asian,Less than 9th grade,1946-03-18
NHANES-95359,United States,male,0-19,Black,NA,2015-11-13
NHANES-95360,United States,male,60-79,White,High school,1948-02-04
NHANES-95361,United States,male,60-79,White,Some college,1945-03-26
NHANES-95362,Other,female,40-59,Mexican American,9-11th grade,1974-08-05
NHANES-95363,United States,male,0-19,Black,NA,2016-03-20
NHANES-95364,Other,male,40-59,Asian,College grad,1976-06-23
NHANES-95365,United States,female,0-19,White,NA,2016-11-03
NHANES-95366,Other,female,40-59,Mexican American,Some college,1972-07-24
NHANES-95367,United States,female,40-59,Mexican American,College grad,1962-09-02
NHANES-95368,United States,female,0-19,Asian,NA,2015-03-24
NHANES-95369,United States,female,0-19,White,NA,2002-09-14
NHANES-95370,United States,male,0-19,White,NA,2012-09-10
NHANES-95371,United States,male,0-19,White,NA,2009-12-10
NHANES-95372,United States,male,80+,White,9-11th grade,1937-04-22
NHANES-95373,United States,male,0-19,White,NA,2004-01-16
NHANES-95374,United States,male,20-39,Mexican American,9-11th grade,1990-12-19
NHANES-95375,Other,male,40-59,Other,Some college,1962-01-14
NHANES-95376,United States,male,0-19,Black,NA,2010-08-29
NHANES-95377,United States,male,60-79,White,College grad,1954-10-22
NHANES-95378,United States,female,80+,Black,Some college,1937-06-30
NHANES-95379,United States,male,40-59,Black,9-11th grade,1958-10-20
NHANES-95380,United States,male,60-79,White,Some college,1954-07-16
NHANES-95381,Other,female,0-19,Other,NA,1999-09-17
NHANES-95382,United States,male,60-79,Black,High school,1956-11-05
NHANES-95383,United States,female,0-19,Mexican American,NA,2012-08-11
NHANES-95384,United States,female,0-19,White,NA,2018-01-20
NHANES-95385,United States,female,20-39,Asian,College grad,1989-11-15
NHANES-95386,United States,male,0-19,White,NA,2013-04-16
NHANES-95387,United States,male,0-19,Black,NA,2003-01-04
NHANES-95388,United States,male,0-19,Black,NA,2000-03-31
NHANES-95389,United States,male,20-39,White,High school,1997-06-29
NHANES-95390,United States,female,40-59,White,Some college,1972-03-30
NHANES-95391,Other,female,40-59,Mexican American,Less than 9th grade,1972-05-19
NHANES-95392,United States,male,20-39,White,High school,1995-10-26
NHANES-95393,Other,female,20-39,Asian,College grad,1990-01-01
NHANES-95394,Other,male,40-59,Mexican American,9-11th grade,1970-06-24
NHANES-95395,United States,female,0-19,White,NA,2005-05-06
NHANES-95396,United States,female,0-19,Black,NA,2004-10-17
NHANES-95397,United States,male,60-79,White,Less than 9th grade,1948-04-24
NHANES-95398,United States,male,0-19,Other,NA,2014-08-18
NHANES-95399,United States,female,0-19,White,NA,2004-07-06
NHANES-95400,United States,female,0-19,White,NA,2012-02-07
NHANES-95401,United States,female,80+,White,9-11th grade,1937-03-24
NHANES-95402,United States,male,20-39,Black,College grad,1990-02-22
NHANES-95403,United States,female,40-59,White,College grad,1968-08-15
NHANES-95404,United States,female,0-19,Asian,NA,2006-02-18
NHANES-95405,Other,male,40-59,Asian,College grad,1964-02-07
NHANES-95406,United States,male,80+,White,College grad,1936-06-27
NHANES-95407,United States,female,0-19,Black,NA,2016-05-21
NHANES-95408,United States,female,0-19,White,NA,2007-07-25
NHANES-95409,United States,female,0-19,White,NA,2010-03-05
NHANES-95410,United States,male,60-79,Black,Some college,1942-06-01
NHANES-95411,United States,male,60-79,Black,Some college,1947-06-12
NHANES-95412,United States,male,60-79,Black,High school,1958-04-17
NHANES-95413,United States,female,40-59,White,Some college,1965-10-22
NHANES-95414,Other,male,20-39,Mexican American,9-11th grade,1990-06-18
NHANES-95415,United States,female,20-39,White,College grad,1981-01-06
NHANES-95416,United States,female,20-39,Asian,College grad,1980-10-31
NHANES-95417,United States,male,60-79,Mexican American,High school,1954-07-28
NHANES-95418,United States,male,40-59,Black,Some college,1958-02-02
NHANES-95419,Other,male,60-79,Asian,College grad,1949-11-30
NHANES-95420,United States,female,0-19,Mexican American,NA,1998-09-27
NHANES-95421,United States,male,60-79,White,High school,1940-09-08
NHANES-95422,United States,female,20-39,White,College grad,1978-05-13
NHANES-95423,Other,female,20-39,Asian,College grad,1984-03-21
NHANES-95424,United States,male,40-59,White,College grad,1977-02-20
NHANES-95425,United States,male,20-39,Mexican American,9-11th grade,1995-05-18
NHANES-95426,United States,male,0-19,Mexican American,NA,2016-06-14
NHANES-95427,United States,male,60-79,Black,High school,1955-05-13
NHANES-95428,United States,male,0-19,White,NA,2018-05-09
NHANES-95429,Other,female,60-79,Mexican American,Less than 9th grade,1956-08-16
NHANES-95430,United States,male,0-19,Black,NA,2016-09-08
NHANES-95431,United States,female,60-79,White,Some college,1951-10-12
NHANES-95432,United States,female,0-19,White,NA,1998-12-16
NHANES-95433,United States,female,0-19,Black,NA,2006-12-19
NHANES-95434,Other,female,60-79,Other Hispanic,9-11th grade,1938-09-17
NHANES-95435,United States,female,0-19,Asian,NA,2003-02-25
NHANES-95436,Other,female,40-59,Mexican American,High school,1974-09-16
NHANES-95437,United States,male,20-39,Asian,Some college,1993-06-22
NHANES-95438,United States,male,0-19,White,NA,2017-04-16
NHANES-95439,United States,male,0-19,White,NA,2014-09-20
NHANES-95440,United States,female,60-79,White,High school,1948-12-29
NHANES-95441,United States,male,0-19,White,NA,2017-03-30
NHANES-95442,United States,female,20-39,White,College grad,1984-09-13
NHANES-95443,United States,female,0-19,White,NA,2017-11-05
NHANES-95444,United States,female,20-39,White,9-11th grade,1979-07-16
NHANES-95445,United States,female,20-39,Other Hispanic,9-11th grade,1992-09-01
NHANES-95446,United States,male,40-59,Mexican American,College grad,1974-12-30
NHANES-95447,United States,female,60-79,Mexican American,High school,1947-01-15
NHANES-95448,United States,male,80+,White,High school,1937-08-12
NHANES-95449,Other,male,40-59,Other Hispanic,9-11th grade,1962-02-26
NHANES-95450,United States,male,20-39,Black,High school,1979-03-09
NHANES-95451,United States,female,0-19,Mexican American,NA,2014-03-29
NHANES-95452,United States,male,20-39,White,Some college,1979-08-09
NHANES-95453,Other,male,20-39,Mexican American,Less than 9th grade,1978-05-01
NHANES-95454,United States,male,60-79,Mexican American,Some college,1957-05-24
NHANES-95455,Other,male,40-59,Other Hispanic,Less than 9th grade,1970-06-03
NHANES-95456,United States,male,0-19,Mexican American,NA,2011-06-28
NHANES-95457,United States,female,0-19,Black,NA,2002-03-05
NHANES-95458,United States,male,0-19,Mexican American,NA,2008-07-20
NHANES-95459,Other,male,60-79,Mexican American,9-11th grade,1955-10-31
NHANES-95460,United States,female,0-19,Mexican American,NA,2007-09-04
NHANES-95461,United States,female,0-19,Black,NA,2009-06-23
NHANES-95462,United States,female,0-19,Other,NA,2013-09-15
NHANES-95463,Other,male,0-19,Mexican American,NA,1998-05-18
NHANES-95464,United States,female,0-19,White,NA,2014-01-26
NHANES-95465,Other,female,40-59,Mexican American,Less than 9th grade,1962-01-01
NHANES-95466,United States,male,40-59,White,College grad,1965-03-22
NHANES-95467,United States,female,80+,White,Some college,1937-02-06
NHANES-95468,United States,male,60-79,White,Some college,1955-04-03
NHANES-95469,United States,male,20-39,White,College grad,1990-05-08
NHANES-95470,United States,male,0-19,Mexican American,NA,2015-10-13
NHANES-95471,United States,male,80+,White,College grad,1936-07-30
NHANES-95472,United States,male,20-39,White,College grad,1982-04-04
NHANES-95473,United States,male,20-39,White,9-11th grade,1980-12-22
NHANES-95474,United States,female,20-39,Black,Some college,1984-05-21
NHANES-95475,United States,female,0-19,Black,NA,2008-05-21
NHANES-95476,Other,male,0-19,Black,NA,2008-12-24
NHANES-95477,United States,female,0-19,Asian,NA,2005-06-17
NHANES-95478,United States,male,0-19,Other Hispanic,NA,2007-07-02
NHANES-95479,United States,female,40-59,White,Some college,1960-03-21
NHANES-95480,United States,male,60-79,White,College grad,1945-08-22
NHANES-95481,United States,male,0-19,White,NA,1998-08-09
NHANES-95482,United States,female,0-19,Asian,NA,2004-02-27
NHANES-95483,United States,female,0-19,White,NA,2016-09-22
NHANES-95484,United States,male,80+,Black,High school,1937-02-03
NHANES-95485,United States,male,0-19,White,NA,1998-05-21
NHANES-95486,United States,female,20-39,Black,College grad,1981-12-20
NHANES-95487,United States,male,0-19,Black,NA,2001-08-20
NHANES-95488,United States,female,20-39,White,9-11th grade,1997-07-06
NHANES-95489,United States,female,0-19,White,NA,2009-08-17
NHANES-95490,United States,male,0-19,Other,NA,2004-09-26
NHANES-95491,United States,male,0-19,Other Hispanic,NA,2015-03-09
NHANES-95492,United States,female,80+,White,College grad,1938-01-05
NHANES-95493,United States,male,20-39,White,High school,1992-12-28
NHANES-95494,United States,female,20-39,Other Hispanic,High school,1995-08-24
NHANES-95495,United States,male,60-79,White,Some college,1942-11-10
NHANES-95496,United States,female,0-19,Black,NA,2006-07-23
NHANES-95497,United States,male,0-19,White,NA,2011-11-14
NHANES-95498,United States,male,0-19,Other Hispanic,NA,2014-09-20
NHANES-95499,United States,male,40-59,Black,Some college,1965-05-14
NHANES-95500,United States,female,60-79,White,Less than 9th grade,1957-01-20
NHANES-95501,United States,female,20-39,White,High school,1992-10-17
NHANES-95502,United States,male,0-19,White,NA,2015-12-22
NHANES-95503,United States,male,40-59,Mexican American,Some college,1964-10-06
NHANES-95504,United States,female,60-79,White,High school,1955-10-05
NHANES-95505,United States,male,20-39,White,College grad,1987-06-15
NHANES-95506,Other,male,40-59,Asian,College grad,1968-11-17
NHANES-95507,United States,male,0-19,Black,NA,2015-05-30
NHANES-95508,United States,male,60-79,Black,9-11th grade,1955-03-27
NHANES-95509,United States,female,40-59,White,Some college,1967-07-07
NHANES-95510,Other,female,40-59,Asian,High school,1965-07-22
NHANES-95511,Other,female,40-59,Black,College grad,1961-08-06
NHANES-95512,United States,female,0-19,White,NA,2017-11-24
NHANES-95513,United States,female,0-19,Black,NA,2013-12-22
NHANES-95514,United States,male,20-39,Mexican American,High school,1981-09-28
NHANES-95515,United States,male,60-79,Black,Some college,1947-10-21
NHANES-95516,United States,male,0-19,Black,NA,2001-08-22
NHANES-95517,United States,female,0-19,Mexican American,NA,1998-09-14
NHANES-95518,United States,male,0-19,Other,NA,2001-01-13
NHANES-95519,United States,female,40-59,White,Some college,1963-10-11
NHANES-95520,United States,female,0-19,Black,NA,2014-03-31
NHANES-95521,United States,male,0-19,Other,NA,2005-05-28
NHANES-95522,United States,female,20-39,White,Some college,1994-12-19
NHANES-95523,United States,female,0-19,White,NA,2007-11-11
NHANES-95524,Other,female,60-79,Mexican American,Less than 9th grade,1955-08-18
NHANES-95525,United States,female,40-59,Black,High school,1965-02-28
NHANES-95526,United States,female,80+,Other,High school,1936-09-08
NHANES-95527,United States,male,40-59,White,High school,1960-02-21
NHANES-95528,United States,female,60-79,White,College grad,1941-02-15
NHANES-95529,United States,female,0-19,Black,NA,2015-09-16
NHANES-95530,United States,male,0-19,Other Hispanic,NA,2017-09-22
NHANES-95531,United States,male,40-59,White,College grad,1958-11-27
NHANES-95532,United States,male,20-39,Mexican American,Some college,1993-10-30
NHANES-95533,United States,male,60-79,White,High school,1950-03-20
NHANES-95534,Other,female,60-79,Other Hispanic,Less than 9th grade,1951-04-11
NHANES-95535,Other,male,40-59,Other,Some college,1972-05-03
NHANES-95536,United States,male,0-19,Black,NA,2007-10-21
NHANES-95537,Other,male,40-59,Asian,College grad,1968-12-27
NHANES-95538,United States,male,0-19,White,NA,2015-10-19
NHANES-95539,United States,male,60-79,Black,College grad,1948-07-13
NHANES-95540,Other,male,60-79,Mexican American,Less than 9th grade,1949-05-08
NHANES-95541,Other,female,60-79,Mexican American,Less than 9th grade,1951-10-24
NHANES-95542,United States,female,40-59,Black,Some college,1960-05-09
NHANES-95543,Other,female,20-39,Asian,College grad,1989-02-09
NHANES-95544,United States,male,20-39,White,Some college,1988-06-13
NHANES-95545,Other,male,0-19,Asian,NA,2003-11-20
NHANES-95546,United States,male,0-19,Mexican American,NA,2002-08-12
NHANES-95547,United States,male,40-59,Other,High school,1960-07-25
NHANES-95548,United States,male,20-39,White,High school,1989-09-15
NHANES-95549,United States,female,40-59,Mexican American,College grad,1965-02-05
NHANES-95550,United States,male,60-79,White,High school,1956-04-04
NHANES-95551,Other,female,40-59,Mexican American,Less than 9th grade,1960-04-11
NHANES-95552,United States,male,0-19,Black,NA,2013-06-13
NHANES-95553,Other,male,60-79,Black,College grad,1938-07-29
NHANES-95554,United States,male,0-19,White,NA,2010-01-18
NHANES-95555,United States,male,0-19,Mexican American,NA,1999-09-15
NHANES-95556,United States,male,40-59,Other Hispanic,Some college,1976-02-20
NHANES-95557,United States,female,60-79,Black,College grad,1937-07-11
NHANES-95558,Other,male,40-59,Mexican American,Less than 9th grade,1962-05-23
NHANES-95559,United States,female,40-59,White,College grad,1975-05-11
NHANES-95560,United States,male,0-19,Other Hispanic,NA,2016-06-11
NHANES-95561,United States,male,60-79,Black,High school,1954-06-08
NHANES-95562,United States,female,0-19,Black,NA,2016-08-31
NHANES-95563,United States,female,40-59,White,Some college,1971-05-07
NHANES-95564,United States,male,0-19,Asian,NA,2005-10-20
NHANES-95565,United States,male,20-39,Asian,High school,1989-03-04
NHANES-95566,United States,female,60-79,White,9-11th grade,1939-03-19
NHANES-95567,United States,male,0-19,Other,NA,2015-11-03
NHANES-95568,Other,female,20-39,Asian,College grad,1982-11-02
NHANES-95569,United States,female,20-39,Black,College grad,1995-03-19
NHANES-95570,United States,female,0-19,White,NA,2016-04-09
NHANES-95571,United States,female,40-59,White,Some college,1964-01-27
NHANES-95572,United States,male,60-79,White,Some college,1941-10-23
NHANES-95573,United States,male,20-39,White,High school,1994-09-14
NHANES-95574,Other,female,20-39,White,College grad,1980-10-24
NHANES-95575,United States,male,60-79,Black,High school,1953-05-22
NHANES-95576,United States,female,60-79,White,Some college,1945-01-24
NHANES-95577,United States,female,60-79,White,High school,1955-05-31
NHANES-95578,Other,female,60-79,Asian,College grad,1955-06-29
NHANES-95579,United States,male,40-59,Black,College grad,1964-07-08
NHANES-95580,United States,male,0-19,Other Hispanic,NA,2016-07-22
NHANES-95581,Other,female,40-59,Asian,High school,1973-05-28
NHANES-95582,Other,female,20-39,Asian,College grad,1985-03-26
NHANES-95583,United States,female,60-79,Mexican American,High school,1947-09-29
NHANES-95584,United States,male,0-19,White,NA,2008-09-09
NHANES-95585,United States,male,0-19,Mexican American,NA,1998-10-05
NHANES-95586,United States,female,20-39,Black,Some college,1992-01-09
NHANES-95587,United States,female,20-39,White,Some college,1987-10-02
NHANES-95588,United States,male,60-79,Black,9-11th grade,1945-08-09
NHANES-95589,Other,female,60-79,Black,High school,1955-05-04
NHANES-95590,United States,male,60-79,Other Hispanic,High school,1956-10-10
NHANES-95591,Other,female,20-39,Asian,College grad,1980-04-23
NHANES-95592,United States,female,0-19,White,NA,2002-10-14
NHANES-95593,United States,male,60-79,White,Some college,1946-11-10
NHANES-95594,Other,male,40-59,Asian,College grad,1966-09-26
NHANES-95595,United States,female,40-59,White,9-11th grade,1974-08-24
NHANES-95596,United States,male,0-19,Mexican American,NA,2005-08-23
NHANES-95597,United States,male,60-79,White,College grad,1945-12-07
NHANES-95598,Other,male,20-39,Other Hispanic,High school,1995-06-27
NHANES-95599,United States,male,40-59,White,Some college,1969-06-07
NHANES-95600,United States,male,60-79,Other,College grad,1943-11-01
NHANES-95601,United States,male,60-79,White,9-11th grade,1948-02-07
NHANES-95602,United States,male,20-39,Mexican American,High school,1997-10-30
NHANES-95603,United States,male,0-19,Other,NA,2014-04-19
NHANES-95604,United States,male,0-19,Mexican American,NA,2002-03-30
NHANES-95605,United States,male,0-19,Other,NA,2014-12-28
NHANES-95606,United States,male,20-39,Mexican American,9-11th grade,1992-03-11
NHANES-95607,United States,male,40-59,White,9-11th grade,1975-03-12
NHANES-95608,Other,male,60-79,Black,Some college,1949-12-01
NHANES-95609,United States,female,20-39,White,College grad,1995-05-07
NHANES-95610,Other,female,40-59,Other Hispanic,Some college,1975-07-27
NHANES-95611,United States,male,40-59,Other,High school,1964-03-15
NHANES-95612,United States,male,20-39,Other,High school,1993-10-13
NHANES-95613,United States,male,0-19,Other,NA,2007-07-21
NHANES-95614,United States,female,0-19,Other Hispanic,NA,2014-06-15
NHANES-95615,United States,male,60-79,Black,High school,1940-03-01
NHANES-95616,United States,female,0-19,Mexican American,NA,2001-05-06
NHANES-95617,United States,male,60-79,Black,Some college,1957-09-12
NHANES-95618,United States,female,0-19,Black,NA,2001-09-02
NHANES-95619,United States,female,0-19,Black,NA,2001-06-26
NHANES-95620,United States,female,0-19,White,NA,2010-10-05
NHANES-95621,Other,male,60-79,Asian,Less than 9th grade,1943-12-27
NHANES-95622,United States,female,40-59,White,9-11th grade,1975-10-19
NHANES-95623,Other,female,60-79,Asian,College grad,1956-06-16
NHANES-95624,United States,male,0-19,Black,NA,2016-10-08
NHANES-95625,Other,male,40-59,Asian,Some college,1974-11-29
NHANES-95626,United States,male,60-79,Mexican American,Less than 9th grade,1941-10-16
NHANES-95627,Other,male,60-79,Asian,Less than 9th grade,1944-04-03
NHANES-95628,United States,female,0-19,Other,NA,1999-05-31
NHANES-95629,United States,female,80+,White,9-11th grade,1936-04-13
NHANES-95630,United States,female,80+,Black,9-11th grade,1937-04-13
NHANES-95631,United States,male,0-19,Mexican American,NA,2005-09-03
NHANES-95632,United States,male,0-19,Other Hispanic,NA,2017-03-15
NHANES-95633,Other,female,60-79,Mexican American,Some college,1954-02-26
NHANES-95634,United States,male,0-19,Black,NA,2003-09-16
NHANES-95635,United States,male,0-19,Mexican American,NA,2010-10-12
NHANES-95636,Other,female,40-59,Other Hispanic,High school,1966-01-11
NHANES-95637,United States,male,60-79,White,Some college,1944-01-10
NHANES-95638,Other,male,0-19,Other Hispanic,NA,2000-07-04
NHANES-95639,United States,male,20-39,Mexican American,Some college,1986-02-18
NHANES-95640,United States,male,0-19,Black,NA,1999-03-13
NHANES-95641,United States,female,40-59,Other,High school,1967-09-27
NHANES-95642,Other,female,0-19,Mexican American,NA,2003-07-12
NHANES-95643,United States,male,20-39,White,High school,1997-04-12
NHANES-95644,Other,female,60-79,Mexican American,Less than 9th grade,1955-05-28
NHANES-95645,Other,female,60-79,Mexican American,Less than 9th grade,1950-02-20
NHANES-95646,United States,male,0-19,White,NA,2017-12-02
NHANES-95647,United States,female,0-19,Asian,NA,2009-08-25
NHANES-95648,United States,male,60-79,White,Some college,1946-02-23
NHANES-95649,United States,male,40-59,Black,Some college,1969-10-25
NHANES-95650,United States,female,0-19,White,NA,2014-11-19
NHANES-95651,United States,male,80+,White,College grad,1937-06-08
NHANES-95652,United States,female,40-59,Mexican American,Some college,1974-06-30
NHANES-95653,United States,male,0-19,Black,NA,2011-11-24
NHANES-95654,United States,male,60-79,White,College grad,1945-05-31
NHANES-95655,United States,male,20-39,White,College grad,1995-02-13
NHANES-95656,United States,male,60-79,Other,9-11th grade,1939-07-10
NHANES-95657,United States,male,20-39,White,Some college,1987-01-18
NHANES-95658,United States,male,20-39,White,Some college,1988-02-20
NHANES-95659,United States,male,40-59,Black,High school,1970-12-21
NHANES-95660,United States,male,0-19,White,NA,2010-08-04
NHANES-95661,United States,male,40-59,White,High school,1958-12-08
NHANES-95662,United States,female,40-59,White,College grad,1972-12-04
NHANES-95663,Other,male,40-59,Mexican American,Less than 9th grade,1973-07-17
NHANES-95664,United States,male,40-59,White,Some college,1970-03-28
NHANES-95665,United States,male,20-39,White,College grad,1993-02-13
NHANES-95666,United States,male,20-39,White,High school,1984-09-22
NHANES-95667,United States,male,0-19,Other Hispanic,NA,2014-01-26
NHANES-95668,Other,female,60-79,Mexican American,College grad,1948-10-13
NHANES-95669,Other,female,40-59,White,Some college,1960-07-28
NHANES-95670,United States,female,0-19,Mexican American,NA,2013-01-14
NHANES-95671,United States,female,60-79,Mexican American,Some college,1951-10-29
NHANES-95672,United States,male,60-79,Black,Some college,1942-05-31
NHANES-95673,United States,male,80+,Black,High school,1937-07-15
NHANES-95674,United States,male,40-59,Black,College grad,1968-06-06
NHANES-95675,Other,male,60-79,Other Hispanic,Less than 9th grade,1950-11-04
NHANES-95676,Other,male,40-59,Other Hispanic,High school,1964-11-06
NHANES-95677,United States,male,0-19,Black,NA,2010-04-20
NHANES-95678,United States,male,20-39,Black,Some college,1983-06-29
NHANES-95679,United States,male,0-19,Mexican American,NA,2002-04-08
NHANES-95680,United States,female,40-59,White,High school,1971-08-06
NHANES-95681,United States,female,80+,White,Some college,1936-11-10
NHANES-95682,United States,male,0-19,Asian,NA,2014-04-28
NHANES-95683,United States,female,0-19,White,NA,2017-02-16
NHANES-95684,Other,male,20-39,White,College grad,1987-11-25
NHANES-95685,United States,male,20-39,White,High school,1987-07-18
NHANES-95686,United States,male,0-19,White,NA,1998-10-18
NHANES-95687,United States,male,80+,Black,Some college,1937-06-11
NHANES-95688,United States,female,0-19,Mexican American,NA,2010-05-02
NHANES-95689,United States,female,60-79,Black,College grad,1958-03-18
NHANES-95690,Other,male,40-59,Asian,High school,1963-07-03
NHANES-95691,United States,male,0-19,Other Hispanic,NA,2018-09-04
NHANES-95692,United States,female,60-79,White,College grad,1948-12-10
NHANES-95693,United States,female,0-19,White,NA,2015-04-08
NHANES-95694,Other,female,40-59,Asian,Some college,1966-08-20
NHANES-95695,United States,male,0-19,Mexican American,NA,2017-09-01
NHANES-95696,United States,male,20-39,Black,High school,1992-03-02
NHANES-95697,United States,female,0-19,Other Hispanic,NA,2017-06-14
NHANES-95698,Other,female,40-59,Asian,College grad,1963-07-19
NHANES-95699,United States,female,20-39,Black,Some college,1996-03-09
NHANES-95700,Other,female,40-59,Other Hispanic,Less than 9th grade,1957-08-23
NHANES-95701,United States,male,0-19,Other,NA,2009-06-17
NHANES-95702,Other,female,0-19,Asian,NA,2001-10-19
NHANES-95703,United States,female,20-39,Black,Some college,1994-04-19
NHANES-95704,Other,male,40-59,Asian,College grad,1967-09-07
NHANES-95705,United States,male,0-19,White,NA,1998-06-30
NHANES-95706,United States,female,0-19,Other,NA,2011-12-21
NHANES-95707,United States,female,0-19,White,NA,2011-06-22
NHANES-95708,United States,male,40-59,White,9-11th grade,1966-02-01
NHANES-95709,United States,male,0-19,Other,NA,2005-09-12
NHANES-95710,Other,male,60-79,Asian,College grad,1957-03-19
NHANES-95711,Other,male,40-59,Mexican American,Less than 9th grade,1963-07-17
NHANES-95712,United States,female,0-19,Black,NA,2005-05-27
NHANES-95713,United States,male,60-79,Black,Some college,1953-11-11
NHANES-95714,United States,female,60-79,Black,College grad,1954-11-04
NHANES-95715,United States,female,0-19,White,NA,2004-12-11
NHANES-95716,Other,female,20-39,Other Hispanic,Less than 9th grade,1979-06-24
NHANES-95717,United States,male,60-79,White,College grad,1941-11-19
NHANES-95718,United States,male,60-79,White,9-11th grade,1954-09-30
NHANES-95719,United States,male,20-39,White,Some college,1996-06-06
NHANES-95720,United States,female,40-59,White,Some college,1958-12-01
NHANES-95721,Other,female,0-19,Asian,NA,2004-01-22
NHANES-95722,Other,male,20-39,Mexican American,9-11th grade,1979-01-15
NHANES-95723,United States,female,80+,White,Some college,1936-06-26
NHANES-95724,United States,female,0-19,White,NA,2013-01-28
NHANES-95725,United States,male,60-79,White,9-11th grade,1946-07-18
NHANES-95726,Other,female,20-39,Black,College grad,1985-01-24
NHANES-95727,United States,male,40-59,White,High school,1965-05-16
NHANES-95728,United States,male,0-19,Asian,NA,2016-11-09
NHANES-95729,United States,female,60-79,Mexican American,Some college,1946-05-28
NHANES-95730,United States,female,0-19,Black,NA,2018-04-02
NHANES-95731,Other,female,40-59,Asian,College grad,1970-11-01
NHANES-95732,United States,female,0-19,White,NA,2004-01-04
NHANES-95733,United States,male,20-39,Mexican American,Some college,1994-12-20
NHANES-95734,United States,female,60-79,White,High school,1945-07-18
NHANES-95735,United States,male,0-19,Mexican American,NA,2010-01-28
NHANES-95736,United States,male,40-59,White,High school,1959-11-09
NHANES-95737,United States,male,0-19,White,NA,2016-04-07
NHANES-95738,United States,female,40-59,Other,Some college,1969-10-23
NHANES-95739,United States,male,0-19,White,NA,2012-01-15
NHANES-95740,United States,male,0-19,Other,NA,2012-05-20
NHANES-95741,United States,female,0-19,White,NA,1998-04-21
NHANES-95742,United States,male,0-19,White,NA,2007-07-27
NHANES-95743,Other,female,40-59,Mexican American,Less than 9th grade,1959-10-27
NHANES-95744,Other,female,40-59,Asian,College grad,1960-10-26
NHANES-95745,United States,female,60-79,Black,Some college,1957-09-12
NHANES-95746,United States,male,0-19,White,NA,2010-10-28
NHANES-95747,United States,male,0-19,Mexican American,NA,2008-01-01
NHANES-95748,United States,male,40-59,Black,College grad,1973-06-18
NHANES-95749,United States,male,0-19,Mexican American,NA,2008-02-21
NHANES-95750,United States,female,0-19,White,NA,2013-01-07
NHANES-95751,United States,male,0-19,Asian,NA,2013-04-10
NHANES-95752,Other,male,80+,Other Hispanic,9-11th grade,1936-06-11
NHANES-95753,United States,female,0-19,White,NA,2016-11-22
NHANES-95754,United States,male,20-39,White,High school,1984-05-11
NHANES-95755,Other,female,0-19,Asian,NA,2003-04-29
NHANES-95756,United States,male,20-39,White,Some college,1990-10-25
NHANES-95757,United States,male,0-19,Mexican American,NA,2004-03-12
NHANES-95758,United States,male,0-19,Other Hispanic,NA,2001-04-03
NHANES-95759,United States,female,60-79,Black,College grad,1954-02-09
NHANES-95760,United States,male,0-19,Mexican American,NA,2002-09-02
NHANES-95761,Other,male,40-59,Other Hispanic,Some college,1967-04-25
NHANES-95762,Other,male,20-39,Black,College grad,1984-10-13
NHANES-95763,United States,male,60-79,White,9-11th grade,1943-04-05
NHANES-95764,United States,male,0-19,White,NA,2011-08-15
NHANES-95765,Other,male,40-59,Mexican American,9-11th grade,1967-02-02
NHANES-95766,United States,female,0-19,White,NA,1999-04-03
NHANES-95767,United States,male,60-79,White,High school,1956-09-26
NHANES-95768,United States,male,20-39,Other Hispanic,Some college,1994-10-02
NHANES-95769,United States,male,60-79,Black,Some college,1956-05-20
NHANES-95770,United States,male,40-59,Black,Some college,1967-11-17
NHANES-95771,United States,female,60-79,Black,College grad,1954-02-20
NHANES-95772,Other,female,60-79,Asian,Some college,1952-11-22
NHANES-95773,United States,female,60-79,Black,High school,1951-09-17
NHANES-95774,Other,male,0-19,Mexican American,NA,2007-12-29
NHANES-95775,Other,female,20-39,Asian,College grad,1979-12-16
NHANES-95776,United States,male,0-19,Black,NA,2005-05-12
NHANES-95777,United States,female,60-79,White,9-11th grade,1938-11-14
NHANES-95778,Other,female,20-39,Black,Less than 9th grade,1981-10-15
NHANES-95779,United States,female,0-19,Other Hispanic,NA,2005-09-21
NHANES-95780,United States,female,60-79,Mexican American,High school,1940-06-04
NHANES-95781,United States,female,0-19,Other,NA,2015-03-10
NHANES-95782,United States,male,0-19,White,NA,1999-06-29
NHANES-95783,United States,male,0-19,Other,NA,2001-07-08
NHANES-95784,United States,female,0-19,White,NA,2012-07-29
NHANES-95785,United States,male,40-59,White,Some college,1967-01-05
NHANES-95786,United States,female,0-19,White,NA,2013-03-15
NHANES-95787,Other,male,20-39,Mexican American,9-11th grade,1990-03-17
NHANES-95788,United States,female,20-39,White,College grad,1989-04-19
NHANES-95789,United States,female,40-59,White,Some college,1969-11-24
NHANES-95790,United States,female,0-19,Other Hispanic,NA,2009-07-23
NHANES-95791,Other,male,20-39,Other Hispanic,9-11th grade,1984-04-06
NHANES-95792,United States,male,20-39,White,Some college,1994-01-11
NHANES-95793,United States,female,20-39,Mexican American,9-11th grade,1990-03-14
NHANES-95794,Other,male,60-79,Asian,College grad,1953-07-28
NHANES-95795,Other,male,60-79,Mexican American,Less than 9th grade,1944-04-02
NHANES-95796,United States,male,0-19,Black,NA,2013-03-10
NHANES-95797,United States,male,0-19,Asian,NA,2012-07-13
NHANES-95798,United States,female,60-79,White,Some college,1941-06-10
NHANES-95799,United States,female,20-39,White,Some college,1991-09-14
NHANES-95800,United States,male,0-19,Black,NA,2015-05-29
NHANES-95801,United States,male,0-19,Black,NA,2007-03-29
NHANES-95802,United States,male,60-79,White,College grad,1950-01-15
NHANES-95803,United States,male,20-39,White,Some college,1978-11-07
NHANES-95804,United States,male,0-19,Mexican American,NA,2017-03-18
NHANES-95805,United States,male,0-19,Mexican American,NA,2011-05-15
NHANES-95806,United States,female,0-19,Other,NA,2005-12-01
NHANES-95807,United States,female,20-39,White,College grad,1983-09-30
NHANES-95808,United States,female,0-19,White,NA,1998-03-02
NHANES-95809,Other,female,40-59,Other Hispanic,9-11th grade,1959-02-12
NHANES-95810,United States,male,0-19,Mexican American,NA,2015-09-16
NHANES-95811,United States,female,20-39,Mexican American,Some college,1993-03-29
NHANES-95812,United States,female,60-79,Black,Some college,1953-08-13
NHANES-95813,United States,male,80+,White,Less than 9th grade,1937-07-14
NHANES-95814,United States,male,40-59,Black,College grad,1972-12-02
NHANES-95815,United States,male,0-19,Other,NA,2015-05-22
NHANES-95816,United States,female,0-19,Black,NA,2003-10-23
NHANES-95817,United States,male,0-19,Mexican American,NA,2004-10-05
NHANES-95818,United States,male,0-19,Asian,NA,2005-09-06
NHANES-95819,United States,male,80+,White,College grad,1936-03-15
NHANES-95820,United States,male,20-39,Black,College grad,1979-09-28
NHANES-95821,United States,female,0-19,Black,NA,2002-06-18
NHANES-95822,Other,male,60-79,Asian,College grad,1952-04-24
NHANES-95823,United States,female,0-19,Mexican American,NA,2009-01-16
NHANES-95824,Other,male,60-79,Other Hispanic,Less than 9th grade,1951-01-05
NHANES-95825,United States,female,40-59,White,Some college,1972-10-19
NHANES-95826,United States,male,0-19,Black,NA,2006-07-28
NHANES-95827,United States,male,0-19,Other Hispanic,NA,2003-04-26
NHANES-95828,United States,male,80+,Black,Some college,1937-12-04
NHANES-95829,United States,male,60-79,White,Some college,1946-07-08
NHANES-95830,United States,female,0-19,White,NA,2011-05-31
NHANES-95831,Other,female,60-79,Asian,College grad,1954-02-03
NHANES-95832,United States,male,0-19,Black,NA,2007-04-20
NHANES-95833,Other,male,60-79,Other Hispanic,Some college,1957-09-13
NHANES-95834,United States,female,0-19,Mexican American,NA,2000-05-29
NHANES-95835,Other,female,40-59,Other Hispanic,9-11th grade,1969-03-10
NHANES-95836,United States,female,40-59,White,High school,1962-05-24
NHANES-95837,United States,male,0-19,Black,NA,2015-03-21
NHANES-95838,United States,male,80+,Mexican American,Some college,1937-07-14
NHANES-95839,Other,male,40-59,Black,High school,1974-03-26
NHANES-95840,United States,male,0-19,Black,NA,2007-01-01
NHANES-95841,United States,male,20-39,Mexican American,Less than 9th grade,1990-07-21
NHANES-95842,Other,male,0-19,Other Hispanic,NA,2012-09-22
NHANES-95843,Other,male,60-79,Mexican American,Less than 9th grade,1944-09-19
NHANES-95844,United States,female,60-79,White,Some college,1947-08-04
NHANES-95845,United States,male,0-19,Other Hispanic,NA,2016-02-01
NHANES-95846,United States,male,80+,Black,9-11th grade,1936-10-21
NHANES-95847,United States,female,0-19,White,NA,2017-12-28
NHANES-95848,Other,female,40-59,Asian,High school,1965-10-30
NHANES-95849,Other,female,40-59,Other Hispanic,Some college,1978-04-16
NHANES-95850,United States,female,20-39,Black,Some college,1990-01-03
NHANES-95851,Other,male,20-39,Mexican American,College grad,1988-11-01
NHANES-95852,United States,female,0-19,Black,NA,2017-09-18
NHANES-95853,United States,female,20-39,Other Hispanic,Some college,1993-03-13
NHANES-95854,United States,male,20-39,White,College grad,1988-08-02
NHANES-95855,United States,female,40-59,Other Hispanic,Some college,1976-05-20
NHANES-95856,United States,male,0-19,Black,NA,2012-06-24
NHANES-95857,United States,male,0-19,Black,NA,2003-04-05
NHANES-95858,Other,male,20-39,Asian,College grad,1985-03-30
NHANES-95859,United States,female,0-19,White,NA,2003-12-01
NHANES-95860,United States,female,40-59,White,High school,1967-01-17
NHANES-95861,United States,female,0-19,Other Hispanic,NA,2007-01-14
NHANES-95862,United States,male,80+,White,9-11th grade,1937-08-21
NHANES-95863,United States,female,80+,Black,College grad,1936-04-25
NHANES-95864,United States,male,60-79,Black,Some college,1945-07-23
NHANES-95865,United States,female,40-59,Black,Some college,1970-03-13
NHANES-95866,United States,female,80+,Mexican American,High school,1938-02-19
NHANES-95867,United States,female,20-39,White,Some college,1984-01-31
NHANES-95868,United States,male,80+,White,High school,1937-04-15
NHANES-95869,United States,male,60-79,Black,Less than 9th grade,1951-01-19
NHANES-95870,United States,female,20-39,Black,High school,1998-09-02
NHANES-95871,United States,female,0-19,Other,NA,2013-09-26
NHANES-95872,United States,female,0-19,White,NA,2017-06-24
NHANES-95873,United States,male,60-79,White,High school,1942-04-24
NHANES-95874,United States,female,0-19,Other Hispanic,NA,1999-04-13
NHANES-95875,United States,female,60-79,Mexican American,Some college,1951-01-10
NHANES-95876,United States,female,0-19,Other,NA,2010-08-11
NHANES-95877,United States,male,60-79,White,Some college,1955-01-28
NHANES-95878,United States,female,0-19,White,NA,2015-09-06
NHANES-95879,Other,male,0-19,Asian,NA,2004-09-17
NHANES-95880,United States,female,60-79,White,Some college,1949-04-27
NHANES-95881,Other,female,60-79,Mexican American,Some college,1953-12-06
NHANES-95882,United States,male,20-39,Black,Some college,1992-02-16
NHANES-95883,United States,female,20-39,Mexican American,College grad,1985-11-01
NHANES-95884,United States,female,0-19,White,NA,2013-01-14
NHANES-95885,United States,female,0-19,White,NA,2017-05-11
NHANES-95886,Other,female,40-59,Asian,High school,1960-03-19
NHANES-95887,United States,female,0-19,Other Hispanic,NA,2008-01-21
NHANES-95888,United States,female,0-19,Black,NA,2008-11-30
NHANES-95889,United States,female,0-19,Mexican American,NA,1999-04-02
NHANES-95890,Other,male,20-39,Black,College grad,1980-07-18
NHANES-95891,United States,male,40-59,White,Some college,1960-03-14
NHANES-95892,Other,male,0-19,Other Hispanic,NA,2001-06-10
NHANES-95893,United States,male,0-19,Other,NA,2018-02-18
NHANES-95894,United States,female,0-19,Black,NA,2016-09-10
NHANES-95895,United States,female,0-19,Black,NA,2005-08-29
NHANES-95896,United States,female,20-39,Black,College grad,1985-01-27
NHANES-95897,United States,male,0-19,Black,NA,2013-01-23
NHANES-95898,United States,female,0-19,White,NA,2003-03-18
NHANES-95899,Other,male,60-79,Asian,College grad,1954-09-27
NHANES-95900,United States,male,20-39,White,Some college,1986-05-02
NHANES-95901,United States,female,0-19,Mexican American,NA,2014-11-17
NHANES-95902,Other,female,60-79,Black,9-11th grade,1956-11-22
NHANES-95903,Other,male,20-39,Mexican American,High school,1996-12-07
NHANES-95904,Other,female,40-59,Asian,College grad,1964-04-02
NHANES-95905,United States,male,0-19,Other Hispanic,NA,2012-05-18
NHANES-95906,United States,female,0-19,White,NA,2000-10-02
NHANES-95907,United States,female,0-19,Other,NA,1999-05-06
NHANES-95908,Other,male,60-79,Other Hispanic,High school,1948-06-24
NHANES-95909,United States,male,0-19,White,NA,2011-05-17
NHANES-95910,Other,male,40-59,Asian,Some college,1968-06-12
NHANES-95911,Other,female,20-39,Mexican American,Less than 9th grade,1978-03-27
NHANES-95912,United States,male,40-59,White,Some college,1967-04-13
NHANES-95913,United States,female,80+,White,College grad,1937-04-26
NHANES-95914,United States,female,40-59,White,High school,1970-09-06
NHANES-95915,United States,male,40-59,White,Some college,1960-12-28
NHANES-95916,United States,male,40-59,White,Some college,1966-09-24
NHANES-95917,United States,female,60-79,Other,Some college,1943-05-21
NHANES-95918,Other,female,40-59,Asian,High school,1973-06-18
NHANES-95919,United States,male,40-59,White,Some college,1970-11-14
NHANES-95920,United States,female,0-19,White,NA,2010-01-08
NHANES-95921,United States,male,0-19,Mexican American,NA,2014-02-16
NHANES-95922,United States,male,20-39,White,High school,1992-05-07
NHANES-95923,United States,male,0-19,Other Hispanic,NA,2008-09-06
NHANES-95924,United States,female,60-79,Black,Some college,1952-03-22
NHANES-95925,United States,male,0-19,Black,NA,2014-11-28
NHANES-95926,United States,female,0-19,White,NA,2004-07-05
NHANES-95927,United States,female,0-19,Black,NA,1999-07-10
NHANES-95928,Other,female,40-59,Asian,Some college,1961-07-03
NHANES-95929,United States,female,0-19,Black,NA,2007-07-03
NHANES-95930,United States,male,0-19,White,NA,2013-01-11
NHANES-95931,United States,female,60-79,White,High school,1948-02-27
NHANES-95932,United States,male,0-19,White,NA,2015-11-18
NHANES-95933,United States,male,0-19,Black,NA,2000-11-15
NHANES-95934,United States,female,0-19,Mexican American,NA,2005-11-08
NHANES-95935,United States,male,0-19,White,NA,1997-12-17
NHANES-95936,United States,female,60-79,Black,High school,1955-04-19
NHANES-95937,United States,male,0-19,Other Hispanic,NA,2009-01-09
NHANES-95938,United States,male,0-19,Black,NA,2017-06-23
NHANES-95939,United States,male,60-79,White,Some college,1941-11-07
NHANES-95940,United States,female,0-19,Other,NA,2014-02-02
NHANES-95941,United States,female,0-19,White,NA,2015-10-28
NHANES-95942,United States,female,0-19,Mexican American,NA,2010-09-13
NHANES-95943,United States,female,0-19,Black,NA,2007-07-15
NHANES-95944,United States,male,40-59,Asian,Some college,1963-02-06
NHANES-95945,United States,female,60-79,White,Some college,1948-01-21
NHANES-95946,United States,male,60-79,White,College grad,1955-12-17
NHANES-95947,United States,female,0-19,Asian,NA,2013-12-18
NHANES-95948,United States,female,0-19,White,NA,1999-01-29
NHANES-95949,United States,male,0-19,Other Hispanic,NA,2010-12-04
NHANES-95950,United States,male,40-59,White,Some college,1971-11-18
NHANES-95951,United States,male,20-39,White,High school,1994-08-19
NHANES-95952,United States,male,60-79,White,College grad,1949-10-14
NHANES-95953,United States,female,0-19,White,NA,1999-05-09
NHANES-95954,United States,male,20-39,Mexican American,High school,1983-03-02
NHANES-95955,United States,female,20-39,White,High school,1995-12-28
NHANES-95956,United States,male,0-19,Mexican American,NA,2000-05-25
NHANES-95957,United States,female,0-19,Other Hispanic,NA,2015-05-21
NHANES-95958,United States,female,0-19,Asian,NA,2005-07-08
NHANES-95959,United States,male,0-19,Other,NA,2001-04-28
NHANES-95960,United States,female,0-19,White,NA,2005-09-17
NHANES-95961,United States,male,0-19,White,NA,2013-07-31
NHANES-95962,United States,male,20-39,White,Some college,1985-09-18
NHANES-95963,United States,female,0-19,Mexican American,NA,2010-01-21
NHANES-95964,Other,female,80+,White,High school,1938-07-25
NHANES-95965,Other,male,40-59,Asian,College grad,1970-08-02
NHANES-95966,United States,male,60-79,White,College grad,1951-01-16
NHANES-95967,United States,female,0-19,White,NA,2009-06-26
NHANES-95968,United States,female,40-59,Asian,College grad,1968-06-05
NHANES-95969,United States,male,40-59,White,Some college,1969-04-18
NHANES-95970,United States,female,0-19,White,NA,2010-03-17
NHANES-95971,United States,female,60-79,Mexican American,Some college,1946-05-15
NHANES-95972,United States,female,0-19,White,NA,2013-11-04
NHANES-95973,Other,female,20-39,Other Hispanic,9-11th grade,1995-09-02
NHANES-95974,United States,female,0-19,White,NA,2014-06-11
NHANES-95975,United States,male,0-19,Black,NA,2009-08-18
NHANES-95976,United States,female,60-79,Other,Some college,1951-10-01
NHANES-95977,Other,female,20-39,Black,Some college,1991-09-23
NHANES-95978,United States,male,40-59,Other,High school,1960-08-09
NHANES-95979,United States,male,60-79,Black,High school,1951-08-25
NHANES-95980,United States,male,0-19,Black,NA,2008-12-25
NHANES-95981,Other,male,60-79,Asian,9-11th grade,1948-04-12
NHANES-95982,United States,female,0-19,Black,NA,2015-07-02
NHANES-95983,United States,female,60-79,White,High school,1940-03-22
NHANES-95984,United States,female,0-19,Asian,NA,2007-11-21
NHANES-95985,United States,male,60-79,White,Some college,1955-01-24
NHANES-95986,United States,male,40-59,Black,Some college,1969-10-12
NHANES-95987,United States,male,80+,White,College grad,1937-07-30
NHANES-95988,United States,male,80+,White,Less than 9th grade,1938-01-06
NHANES-95989,United States,female,0-19,Mexican American,NA,2003-10-19
NHANES-95990,United States,female,20-39,White,Some college,1990-05-11
NHANES-95991,Other,male,40-59,Asian,Some college,1974-12-31
NHANES-95992,United States,female,60-79,White,Some college,1939-04-11
NHANES-95993,United States,female,80+,White,Some college,1937-09-23
NHANES-95994,United States,female,0-19,Other Hispanic,NA,2005-10-04
NHANES-95995,Other,female,40-59,Asian,Less than 9th grade,1969-05-27
NHANES-95996,United States,female,40-59,Black,High school,1975-06-08
NHANES-95997,United States,female,60-79,Black,High school,1955-10-13
NHANES-95998,Other,male,20-39,Mexican American,Less than 9th grade,1988-03-21
NHANES-95999,United States,male,0-19,Black,NA,2002-01-30
NHANES-96000,United States,male,20-39,Black,High school,1987-04-14
NHANES-96001,United States,male,60-79,White,High school,1952-08-27
NHANES-96002,Other,female,20-39,Mexican American,High school,1983-04-10
NHANES-96003,Other,female,40-59,Mexican American,9-11th grade,1967-12-07
NHANES-96004,United States,male,40-59,White,High school,1962-02-22
NHANES-96005,United States,male,0-19,White,NA,2002-08-22
NHANES-96006,Other,female,20-39,Asian,9-11th grade,1979-04-27
NHANES-96007,United States,male,60-79,White,Some college,1944-03-05
NHANES-96008,United States,male,40-59,Black,Some college,1965-08-17
NHANES-96009,United States,male,0-19,White,NA,2013-12-12
NHANES-96010,United States,male,60-79,Black,Some college,1952-07-16
NHANES-96011,Other,female,20-39,Mexican American,High school,1985-08-28
NHANES-96012,United States,male,0-19,Black,NA,2000-01-21
NHANES-96013,United States,female,0-19,Mexican American,NA,2001-09-12
NHANES-96014,Other,female,20-39,Asian,College grad,1982-08-30
NHANES-96015,United States,female,0-19,White,NA,2016-11-20
NHANES-96016,United States,male,80+,White,Some college,1937-03-11
NHANES-96017,United States,male,60-79,Other Hispanic,College grad,1953-12-11
NHANES-96018,United States,female,0-19,Black,NA,2005-03-02
NHANES-96019,United States,female,80+,White,College grad,1937-04-30
NHANES-96020,United States,female,80+,White,College grad,1936-06-18
NHANES-96021,United States,male,0-19,White,NA,2017-08-10
NHANES-96022,Other,male,40-59,Mexican American,High school,1961-05-20
NHANES-96023,United States,female,60-79,Mexican American,9-11th grade,1945-03-27
NHANES-96024,Other,female,40-59,Mexican American,College grad,1977-02-14
NHANES-96025,Other,male,40-59,Other,College grad,1977-08-04
NHANES-96026,Other,female,0-19,Asian,NA,2009-01-16
NHANES-96027,United States,female,80+,White,College grad,1938-11-27
NHANES-96028,United States,male,0-19,Other Hispanic,NA,2008-02-18
NHANES-96029,Other,male,20-39,Asian,College grad,1986-12-18
NHANES-96030,United States,male,40-59,Black,9-11th grade,1957-10-14
NHANES-96031,Other,female,20-39,Other Hispanic,Some college,1993-04-19
NHANES-96032,United States,female,0-19,Black,NA,2006-03-10
NHANES-96033,United States,female,60-79,Black,Some college,1956-11-11
NHANES-96034,United States,male,40-59,White,College grad,1960-07-01
NHANES-96035,United States,female,20-39,Asian,High school,1997-04-22
NHANES-96036,United States,female,0-19,White,NA,2005-02-03
NHANES-96037,United States,male,60-79,White,Some college,1957-04-29
NHANES-96038,Other,female,40-59,Asian,College grad,1962-11-11
NHANES-96039,United States,male,0-19,White,NA,2017-03-06
NHANES-96040,United States,male,0-19,Mexican American,NA,2008-09-25
NHANES-96041,United States,male,80+,Black,High school,1938-08-23
NHANES-96042,United States,female,0-19,White,NA,2011-05-01
NHANES-96043,United States,female,0-19,Other,NA,2009-12-24
NHANES-96044,United States,female,60-79,Black,College grad,1955-11-02
NHANES-96045,United States,female,0-19,White,NA,2012-04-18
NHANES-96046,United States,male,0-19,White,NA,2013-07-17
NHANES-96047,United States,male,0-19,Asian,NA,2006-03-18
NHANES-96048,Other,male,40-59,Other Hispanic,Less than 9th grade,1970-03-30
NHANES-96049,Other,male,60-79,Other Hispanic,Some college,1947-10-18
NHANES-96050,United States,female,40-59,White,College grad,1972-02-27
NHANES-96051,United States,female,0-19,Black,NA,2006-10-21
NHANES-96052,United States,female,0-19,Black,NA,2003-09-04
NHANES-96053,Other,female,0-19,Asian,NA,1998-07-06
NHANES-96054,United States,female,0-19,Mexican American,NA,2016-03-29
NHANES-96055,United States,male,0-19,Black,NA,2008-09-29
NHANES-96056,United States,male,20-39,Mexican American,Some college,1998-01-06
NHANES-96057,United States,male,0-19,Mexican American,NA,2006-10-28
NHANES-96058,United States,female,0-19,Mexican American,NA,2006-10-17
NHANES-96059,United States,female,0-19,Mexican American,NA,2018-07-19
NHANES-96060,United States,female,0-19,Mexican American,NA,2006-05-13
NHANES-96061,United States,male,60-79,White,Some college,1951-11-07
NHANES-96062,United States,female,0-19,White,NA,2016-12-26
NHANES-96063,United States,female,20-39,Asian,Some college,1991-06-10
NHANES-96064,Other,male,40-59,Asian,College grad,1969-03-03
NHANES-96065,United States,male,60-79,Black,Some college,1952-09-12
NHANES-96066,United States,male,40-59,Other,High school,1965-05-29
NHANES-96067,United States,female,40-59,White,Some college,1975-01-24
NHANES-96068,United States,female,0-19,Mexican American,NA,2000-07-06
NHANES-96069,United States,male,0-19,Asian,NA,2010-08-08
NHANES-96070,Other,male,40-59,Asian,College grad,1973-05-05
NHANES-96071,Other,male,0-19,Asian,NA,2004-08-07
NHANES-96072,Other,male,20-39,Other Hispanic,High school,1991-04-03
NHANES-96073,United States,female,0-19,White,NA,2016-06-27
NHANES-96074,United States,female,20-39,White,College grad,1983-08-31
NHANES-96075,United States,female,0-19,Black,NA,2015-07-06
NHANES-96076,United States,male,20-39,White,9-11th grade,1990-06-04
NHANES-96077,United States,male,80+,White,9-11th grade,1936-09-30
NHANES-96078,United States,male,0-19,Mexican American,NA,1999-05-08
NHANES-96079,Other,male,40-59,Mexican American,9-11th grade,1965-05-25
NHANES-96080,United States,female,0-19,White,NA,2014-12-13
NHANES-96081,United States,female,0-19,Mexican American,NA,2006-07-08
NHANES-96082,United States,male,20-39,White,College grad,1980-07-13
NHANES-96083,United States,female,0-19,Black,NA,2000-12-17
NHANES-96084,United States,female,20-39,Black,High school,1983-06-23
NHANES-96085,United States,male,20-39,White,9-11th grade,1992-01-23
NHANES-96086,United States,male,60-79,White,High school,1951-06-05
NHANES-96087,United States,male,60-79,Other Hispanic,College grad,1949-12-23
NHANES-96088,United States,male,20-39,Black,9-11th grade,1996-09-21
NHANES-96089,United States,male,60-79,White,Some college,1940-11-13
NHANES-96090,United States,male,60-79,White,College grad,1954-02-06
NHANES-96091,Other,female,40-59,Other Hispanic,High school,1963-03-22
NHANES-96092,Other,male,20-39,Other Hispanic,High school,1995-02-26
NHANES-96093,United States,female,20-39,White,High school,1997-06-27
NHANES-96094,United States,female,40-59,Black,Some college,1965-08-29
NHANES-96095,United States,female,0-19,Black,NA,2015-11-15
NHANES-96096,United States,male,40-59,White,Some college,1965-01-29
NHANES-96097,United States,male,40-59,White,9-11th grade,1958-05-04
NHANES-96098,Other,male,40-59,Mexican American,Less than 9th grade,1975-12-11
NHANES-96099,Other,male,60-79,Asian,9-11th grade,1954-04-20
NHANES-96100,United States,male,60-79,Other,Less than 9th grade,1952-07-20
NHANES-96101,Other,male,40-59,Asian,Less than 9th grade,1964-11-09
NHANES-96102,United States,male,0-19,Black,NA,2011-01-25
NHANES-96103,Other,female,20-39,Asian,College grad,1995-02-07
NHANES-96104,United States,male,0-19,Asian,NA,2000-05-11
NHANES-96105,United States,female,20-39,Other Hispanic,High school,1992-12-30
NHANES-96106,United States,female,0-19,White,NA,2007-08-20
NHANES-96107,United States,female,20-39,Black,High school,1995-04-21
NHANES-96108,Other,female,40-59,Mexican American,High school,1971-05-02
NHANES-96109,United States,male,0-19,Other Hispanic,NA,2008-05-10
NHANES-96110,Other,male,60-79,Mexican American,Less than 9th grade,1952-08-07
NHANES-96111,United States,female,20-39,Black,Some college,1986-07-28
NHANES-96112,United States,male,60-79,White,Some college,1944-11-02
NHANES-96113,United States,male,0-19,Other,NA,2016-02-17
NHANES-96114,United States,male,60-79,Black,9-11th grade,1950-11-10
NHANES-96115,Other,female,60-79,Other Hispanic,Some college,1946-01-09
NHANES-96116,United States,female,40-59,White,College grad,1962-09-12
NHANES-96117,Other,male,60-79,Other Hispanic,Some college,1948-02-07
NHANES-96118,United States,female,0-19,Black,NA,2014-06-30
NHANES-96119,United States,female,0-19,White,NA,2002-03-12
NHANES-96120,United States,male,60-79,Black,Some college,1957-04-15
NHANES-96121,United States,female,60-79,White,College grad,1951-06-17
NHANES-96122,Other,female,40-59,Asian,Some college,1963-03-25
NHANES-96123,United States,female,20-39,Mexican American,College grad,1981-12-09
NHANES-96124,Other,female,40-59,Asian,High school,1965-04-16
NHANES-96125,United States,female,20-39,White,College grad,1988-10-13
NHANES-96126,United States,male,0-19,Black,NA,2011-10-03
NHANES-96127,United States,male,0-19,Mexican American,NA,2000-06-21
NHANES-96128,United States,male,0-19,White,NA,2002-02-18
NHANES-96129,United States,male,0-19,Other,NA,2011-08-07
NHANES-96130,Other,male,60-79,Asian,9-11th grade,1956-06-09
NHANES-96131,United States,male,0-19,Black,NA,2014-11-15
NHANES-96132,United States,male,0-19,White,NA,2001-03-20
NHANES-96133,United States,male,20-39,Black,Some college,1984-11-16
NHANES-96134,Other,female,60-79,Asian,College grad,1952-04-21
NHANES-96135,United States,female,60-79,Black,High school,1944-10-13
NHANES-96136,Other,male,60-79,Mexican American,Less than 9th grade,1955-01-11
NHANES-96137,United States,female,40-59,White,Some college,1970-10-20
NHANES-96138,United States,male,20-39,White,High school,1983-06-23
NHANES-96139,Other,male,20-39,Other Hispanic,Less than 9th grade,1991-03-12
NHANES-96140,Other,male,40-59,Other Hispanic,Less than 9th grade,1963-10-27
NHANES-96141,Other,male,60-79,Other Hispanic,Some college,1957-02-12
NHANES-96142,United States,male,0-19,Other Hispanic,NA,2014-02-25
NHANES-96143,Other,male,40-59,Asian,College grad,1961-12-26
NHANES-96144,United States,female,60-79,Black,High school,1953-02-05
NHANES-96145,United States,female,60-79,White,College grad,1939-08-31
NHANES-96146,United States,female,0-19,White,NA,2017-03-13
NHANES-96147,United States,male,20-39,White,Some college,1986-02-25
NHANES-96148,United States,female,0-19,White,NA,2014-06-19
NHANES-96149,Other,female,60-79,Asian,College grad,1954-05-10
NHANES-96150,United States,male,20-39,White,Some college,1995-01-19
NHANES-96151,United States,male,40-59,White,College grad,1961-03-24
NHANES-96152,Other,male,60-79,Mexican American,Less than 9th grade,1957-02-06
NHANES-96153,United States,female,0-19,White,NA,2006-06-20
NHANES-96154,United States,female,0-19,White,NA,2017-08-19
NHANES-96155,United States,male,0-19,Other Hispanic,NA,2013-02-16
NHANES-96156,United States,male,40-59,Asian,College grad,1971-10-25
NHANES-96157,United States,male,0-19,Other Hispanic,NA,2006-06-18
NHANES-96158,United States,male,20-39,Black,High school,1992-02-21
NHANES-96159,United States,female,60-79,Black,High school,1957-04-26
NHANES-96160,Other,female,40-59,Mexican American,College grad,1959-03-07
NHANES-96161,United States,female,0-19,Mexican American,NA,2008-07-07
NHANES-96162,United States,female,60-79,Other Hispanic,Less than 9th grade,1957-04-21
NHANES-96163,Other,female,20-39,Asian,9-11th grade,1983-01-25
NHANES-96164,Other,female,60-79,Asian,College grad,1954-03-10
NHANES-96165,Other,female,60-79,Asian,Less than 9th grade,1952-12-29
NHANES-96166,United States,female,0-19,White,NA,2009-04-11
NHANES-96167,United States,female,80+,White,9-11th grade,1937-07-27
NHANES-96168,United States,female,0-19,Mexican American,NA,2004-03-01
NHANES-96169,United States,female,60-79,Black,9-11th grade,1953-08-08
NHANES-96170,United States,female,60-79,Mexican American,Less than 9th grade,1944-11-17
NHANES-96171,United States,female,80+,White,Some college,1937-06-03
NHANES-96172,United States,female,80+,White,College grad,1937-11-24
NHANES-96173,Other,female,60-79,Asian,College grad,1957-05-08
NHANES-96174,United States,male,0-19,Other,NA,2009-07-18
NHANES-96175,United States,male,20-39,Black,9-11th grade,1978-01-29
NHANES-96176,United States,male,0-19,White,NA,2010-09-29
NHANES-96177,United States,female,0-19,White,NA,2002-01-02
NHANES-96178,United States,male,60-79,Black,College grad,1953-10-26
NHANES-96179,United States,male,60-79,White,High school,1952-08-14
NHANES-96180,United States,female,0-19,Black,NA,2012-06-03
NHANES-96181,United States,male,60-79,White,High school,1944-02-17
NHANES-96182,United States,female,0-19,Black,NA,2017-02-18
NHANES-96183,United States,male,0-19,White,NA,2018-01-15
NHANES-96184,United States,male,80+,White,Some college,1938-06-19
NHANES-96185,United States,female,60-79,White,Some college,1943-08-01
NHANES-96186,United States,male,40-59,Black,College grad,1972-06-16
NHANES-96187,United States,male,0-19,Mexican American,NA,2006-03-08
NHANES-96188,United States,female,40-59,Black,College grad,1962-10-20
NHANES-96189,United States,male,40-59,Other,High school,1967-03-28
NHANES-96190,Other,male,40-59,Asian,College grad,1963-04-09
NHANES-96191,Other,female,20-39,Mexican American,High school,1978-01-06
NHANES-96192,United States,female,0-19,Black,NA,2002-10-18
NHANES-96193,United States,male,0-19,Black,NA,2010-05-14
NHANES-96194,United States,female,0-19,Black,NA,2014-04-17
NHANES-96195,United States,male,80+,White,College grad,1936-05-07
NHANES-96196,United States,female,20-39,White,Less than 9th grade,1983-11-24
NHANES-96197,United States,male,0-19,Other,NA,2006-06-12
NHANES-96198,United States,female,20-39,Black,College grad,1988-06-08
NHANES-96199,United States,male,0-19,Black,NA,2011-03-13
NHANES-96200,United States,male,0-19,White,NA,2017-10-14
NHANES-96201,United States,male,0-19,White,NA,2007-08-05
NHANES-96202,United States,male,0-19,Other,NA,2007-04-21
NHANES-96203,United States,male,0-19,Other Hispanic,NA,2013-09-07
NHANES-96204,United States,female,0-19,White,NA,2013-08-30
NHANES-96205,United States,male,40-59,Black,High school,1966-09-04
NHANES-96206,United States,male,0-19,White,NA,2008-06-16
NHANES-96207,United States,female,0-19,White,NA,2014-03-31
NHANES-96208,United States,female,0-19,White,NA,2015-11-30
NHANES-96209,United States,male,0-19,Mexican American,NA,2016-07-03
NHANES-96210,United States,male,80+,White,Some college,1938-05-13
NHANES-96211,United States,male,20-39,White,College grad,1985-12-02
NHANES-96212,United States,female,0-19,Mexican American,NA,2017-09-16
NHANES-96213,Other,female,0-19,Mexican American,NA,1999-10-15
NHANES-96214,United States,female,0-19,Black,NA,2004-02-22
NHANES-96215,United States,female,0-19,Black,NA,2018-03-16
NHANES-96216,United States,female,40-59,Black,College grad,1960-11-23
NHANES-96217,United States,male,60-79,White,Some college,1946-05-16
NHANES-96218,United States,female,40-59,Black,High school,1976-02-20
NHANES-96219,United States,female,40-59,Black,Some college,1976-11-25
NHANES-96220,Other,male,20-39,Asian,College grad,1983-10-09
NHANES-96221,United States,male,60-79,White,College grad,1951-06-27
NHANES-96222,United States,female,40-59,White,Some college,1977-02-20
NHANES-96223,United States,male,60-79,Black,College grad,1948-02-20
NHANES-96224,United States,female,40-59,White,College grad,1958-09-07
NHANES-96225,United States,male,0-19,Other Hispanic,NA,2011-07-23
NHANES-96226,United States,male,20-39,Black,Some college,1985-09-22
NHANES-96227,United States,female,0-19,Other,NA,2012-06-27
NHANES-96228,Other,male,0-19,Asian,NA,2013-07-29
NHANES-96229,United States,female,20-39,White,Less than 9th grade,1994-05-14
NHANES-96230,United States,male,60-79,White,High school,1956-08-01
NHANES-96231,United States,female,0-19,Black,NA,2016-02-08
NHANES-96232,United States,male,0-19,White,NA,2011-01-08
NHANES-96233,United States,male,0-19,Black,NA,2000-02-15
NHANES-96234,United States,male,40-59,Other,High school,1977-07-06
NHANES-96235,Other,male,0-19,Mexican American,NA,2000-07-06
NHANES-96236,United States,female,60-79,Black,High school,1939-02-09
NHANES-96237,United States,female,40-59,White,High school,1960-03-16
NHANES-96238,United States,male,0-19,White,NA,1998-12-28
NHANES-96239,United States,female,60-79,White,Some college,1948-03-24
NHANES-96240,Other,female,40-59,Asian,Some college,1976-03-01
NHANES-96241,United States,female,0-19,Asian,NA,1998-08-05
NHANES-96242,United States,male,60-79,Black,Less than 9th grade,1953-09-06
NHANES-96243,United States,female,20-39,White,Some college,1989-09-16
NHANES-96244,Other,female,20-39,Mexican American,Less than 9th grade,1980-06-13
NHANES-96245,Other,female,60-79,Mexican American,Less than 9th grade,1957-11-05
NHANES-96246,Other,female,0-19,Asian,NA,2006-01-06
NHANES-96247,United States,male,0-19,White,NA,2005-09-21
NHANES-96248,United States,female,0-19,Asian,NA,2011-01-31
NHANES-96249,Other,female,40-59,Mexican American,Less than 9th grade,1959-12-29
NHANES-96250,United States,male,40-59,White,College grad,1975-09-13
NHANES-96251,United States,female,0-19,Other,NA,2014-02-08
NHANES-96252,Other,female,60-79,Mexican American,Some college,1937-05-25
NHANES-96253,United States,female,40-59,White,College grad,1970-01-31
NHANES-96254,United States,male,0-19,Mexican American,NA,2015-08-12
NHANES-96255,United States,male,0-19,White,NA,2016-12-13
NHANES-96256,United States,male,0-19,Mexican American,NA,2016-02-09
NHANES-96257,Other,female,20-39,Mexican American,9-11th grade,1985-06-10
NHANES-96258,United States,female,0-19,White,NA,2011-11-27
NHANES-96259,United States,male,0-19,White,NA,2008-05-16
NHANES-96260,Other,male,0-19,Asian,NA,2005-10-15
NHANES-96261,United States,female,0-19,Mexican American,NA,2001-04-01
NHANES-96262,Other,male,40-59,Mexican American,Less than 9th grade,1965-12-05
NHANES-96263,United States,male,0-19,White,NA,2005-08-08
NHANES-96264,Other,female,40-59,Black,College grad,1973-02-11
NHANES-96265,United States,male,60-79,Black,9-11th grade,1951-11-25
NHANES-96266,Other,female,40-59,Asian,High school,1965-10-16
NHANES-96267,United States,male,0-19,Other Hispanic,NA,2016-07-14
NHANES-96268,United States,male,80+,Other,High school,1936-04-29
NHANES-96269,Other,female,20-39,Mexican American,Less than 9th grade,1984-04-13
NHANES-96270,Other,male,20-39,Other Hispanic,Some college,1991-11-19
NHANES-96271,Other,male,60-79,Asian,College grad,1947-10-23
NHANES-96272,Other,male,20-39,Asian,College grad,1988-06-21
NHANES-96273,United States,male,0-19,Black,NA,2004-03-18
NHANES-96274,United States,male,0-19,Asian,NA,2012-06-26
NHANES-96275,United States,female,20-39,White,College grad,1986-02-21
NHANES-96276,United States,male,40-59,Black,Some college,1969-03-15
NHANES-96277,United States,female,0-19,Black,NA,2012-10-24
NHANES-96278,Other,female,20-39,Other Hispanic,9-11th grade,1988-02-16
NHANES-96279,United States,female,40-59,White,Some college,1963-07-02
NHANES-96280,United States,female,0-19,Mexican American,NA,1999-03-01
NHANES-96281,United States,female,0-19,Mexican American,NA,2002-12-29
NHANES-96282,United States,male,40-59,White,Some college,1967-08-03
NHANES-96283,United States,male,40-59,White,Some college,1970-08-16
NHANES-96284,Other,male,60-79,White,College grad,1947-05-01
NHANES-96285,United States,female,0-19,White,NA,2002-02-12
NHANES-96286,United States,male,0-19,Other Hispanic,NA,2006-04-04
NHANES-96287,United States,female,60-79,Other Hispanic,High school,1943-09-01
NHANES-96288,United States,male,0-19,White,NA,1998-03-03
NHANES-96289,United States,male,0-19,Other,NA,2001-03-22
NHANES-96290,United States,female,60-79,Black,High school,1944-12-08
NHANES-96291,United States,female,40-59,Black,Some college,1965-07-09
NHANES-96292,United States,female,0-19,Black,NA,2014-06-18
NHANES-96293,Other,male,60-79,Asian,College grad,1952-04-06
NHANES-96294,United States,female,0-19,White,NA,2003-04-12
NHANES-96295,United States,male,20-39,White,Some college,1987-05-17
NHANES-96296,United States,female,60-79,White,9-11th grade,1945-09-13
NHANES-96297,United States,female,20-39,White,College grad,1985-08-06
NHANES-96298,United States,male,0-19,White,NA,2001-03-26
NHANES-96299,United States,male,20-39,White,9-11th grade,1988-09-02
NHANES-96300,United States,female,0-19,Asian,NA,2010-08-12
NHANES-96301,United States,male,40-59,Black,College grad,1963-04-16
NHANES-96302,United States,male,60-79,White,Some college,1945-01-13
NHANES-96303,United States,male,0-19,White,NA,2014-05-08
NHANES-96304,United States,female,60-79,Black,College grad,1957-04-28
NHANES-96305,United States,male,0-19,Mexican American,NA,2005-10-23
NHANES-96306,United States,female,80+,Black,High school,1937-04-13
NHANES-96307,United States,female,0-19,White,NA,2017-06-04
NHANES-96308,Other,male,40-59,Mexican American,Less than 9th grade,1964-06-14
NHANES-96309,United States,female,60-79,Asian,Some college,1941-08-09
NHANES-96310,Other,male,40-59,Asian,College grad,1963-02-02
NHANES-96311,United States,female,0-19,Black,NA,1999-02-16
NHANES-96312,United States,female,20-39,White,Some college,1985-09-12
NHANES-96313,Other,female,20-39,Asian,High school,1988-03-21
NHANES-96314,United States,female,0-19,White,NA,2013-12-22
NHANES-96315,United States,male,0-19,Asian,NA,2005-02-07
NHANES-96316,United States,male,0-19,Mexican American,NA,2017-09-09
NHANES-96317,United States,male,60-79,Black,College grad,1948-12-12
NHANES-96318,United States,female,40-59,White,High school,1975-11-12
NHANES-96319,United States,female,60-79,White,College grad,1948-03-05
NHANES-96320,United States,male,40-59,White,9-11th grade,1970-08-26
NHANES-96321,United States,male,60-79,White,High school,1947-12-27
NHANES-96322,Other,female,20-39,Asian,Less than 9th grade,1982-05-27
NHANES-96323,Other,male,60-79,Black,College grad,1954-05-25
NHANES-96324,United States,male,0-19,White,NA,2017-07-09
NHANES-96325,United States,female,20-39,Other,Some college,1991-06-16
NHANES-96326,United States,male,0-19,Other,NA,2004-02-05
NHANES-96327,United States,female,0-19,Mexican American,NA,2007-02-20
NHANES-96328,United States,male,0-19,Black,NA,2005-06-12
NHANES-96329,Other,female,40-59,Mexican American,9-11th grade,1974-10-21
NHANES-96330,United States,male,60-79,Other,Some college,1952-11-13
NHANES-96331,United States,male,0-19,Black,NA,2012-01-28
NHANES-96332,United States,male,40-59,White,High school,1968-09-04
NHANES-96333,Other,female,60-79,Other Hispanic,Some college,1957-01-28
NHANES-96334,United States,female,0-19,Mexican American,NA,2006-07-07
NHANES-96335,United States,male,80+,White,Some college,1936-08-26
NHANES-96336,United States,male,60-79,Black,9-11th grade,1942-06-08
NHANES-96337,United States,male,20-39,Mexican American,Some college,1997-09-04
NHANES-96338,United States,female,0-19,White,NA,1998-06-13
NHANES-96339,United States,female,60-79,Black,Some college,1946-01-02
NHANES-96340,United States,male,40-59,White,Some college,1969-06-27
NHANES-96341,United States,male,0-19,Asian,NA,2011-04-21
NHANES-96342,United States,female,80+,White,Some college,1937-05-14
NHANES-96343,United States,male,0-19,Other Hispanic,NA,2010-10-28
NHANES-96344,United States,female,40-59,Mexican American,High school,1975-01-25
NHANES-96345,United States,male,0-19,White,NA,2005-08-28
NHANES-96346,United States,male,20-39,Black,High school,1987-11-08
NHANES-96347,United States,female,0-19,Asian,NA,2002-06-13
NHANES-96348,United States,male,40-59,Other,9-11th grade,1964-09-09
NHANES-96349,United States,male,60-79,White,9-11th grade,1940-12-29
NHANES-96350,Other,male,0-19,Mexican American,NA,1998-02-13
NHANES-96351,United States,male,60-79,White,College grad,1957-08-04
NHANES-96352,United States,male,60-79,Black,College grad,1949-04-15
NHANES-96353,United States,male,0-19,White,NA,2015-08-01
NHANES-96354,United States,female,0-19,Other,NA,2014-11-02
NHANES-96355,United States,female,20-39,Mexican American,9-11th grade,1997-10-10
NHANES-96356,United States,male,0-19,White,NA,2016-06-08
NHANES-96357,United States,male,60-79,Black,College grad,1948-12-01
NHANES-96358,United States,female,40-59,White,Some college,1968-10-15
NHANES-96359,United States,male,0-19,Black,NA,2017-12-21
NHANES-96360,United States,female,60-79,White,High school,1946-03-05
NHANES-96361,United States,female,0-19,Asian,NA,2001-02-26
NHANES-96362,United States,female,60-79,White,College grad,1956-03-24
NHANES-96363,United States,female,0-19,Black,NA,2006-06-09
NHANES-96364,United States,female,0-19,Black,NA,2011-09-20
NHANES-96365,United States,female,20-39,White,Some college,1977-08-03
NHANES-96366,United States,female,60-79,Other Hispanic,Some college,1956-09-03
NHANES-96367,United States,male,40-59,Black,High school,1958-10-23
NHANES-96368,United States,female,20-39,Other,Some college,1986-04-13
NHANES-96369,United States,male,0-19,Mexican American,NA,2003-08-12
NHANES-96370,United States,female,60-79,White,College grad,1939-11-26
NHANES-96371,United States,female,0-19,Mexican American,NA,2003-09-19
NHANES-96372,Other,male,40-59,Asian,High school,1966-04-06
NHANES-96373,United States,male,40-59,Black,Some college,1964-03-17
NHANES-96374,United States,female,0-19,Mexican American,NA,2001-04-23
NHANES-96375,United States,male,80+,White,Some college,1937-09-14
NHANES-96376,United States,male,0-19,Other Hispanic,NA,2005-02-04
NHANES-96377,Other,female,40-59,Asian,High school,1964-07-14
NHANES-96378,United States,male,0-19,Black,NA,2010-01-31
NHANES-96379,United States,female,20-39,Mexican American,Some college,1995-10-31
NHANES-96380,United States,male,40-59,Black,Some college,1974-05-19
NHANES-96381,United States,female,0-19,Asian,NA,2013-09-10
NHANES-96382,United States,male,20-39,Black,Some college,1989-01-20
NHANES-96383,United States,female,0-19,Black,NA,1999-09-11
NHANES-96384,United States,male,0-19,White,NA,2016-09-08
NHANES-96385,Other,female,40-59,Black,High school,1957-03-04
NHANES-96386,United States,male,60-79,Other Hispanic,Some college,1954-11-12
NHANES-96387,United States,female,0-19,White,NA,2014-03-15
NHANES-96388,United States,male,0-19,Other Hispanic,NA,1999-09-23
NHANES-96389,United States,female,60-79,White,Some college,1940-01-09
NHANES-96390,United States,male,40-59,Mexican American,Some college,1971-07-30
NHANES-96391,United States,male,0-19,Mexican American,NA,2000-02-09
NHANES-96392,Other,female,20-39,Mexican American,High school,1989-07-22
NHANES-96393,United States,male,60-79,White,Some college,1947-02-08
NHANES-96394,United States,female,0-19,Black,NA,2010-06-06
NHANES-96395,United States,female,0-19,White,NA,2007-04-07
NHANES-96396,Other,male,20-39,Mexican American,Some college,1979-05-27
NHANES-96397,United States,male,0-19,Asian,NA,2008-04-17
NHANES-96398,United States,male,20-39,Black,College grad,1986-07-07
NHANES-96399,United States,male,40-59,Other,Some college,1974-09-16
NHANES-96400,United States,male,20-39,White,High school,1985-01-14
NHANES-96401,United States,female,0-19,Black,NA,2003-12-05
NHANES-96402,United States,male,0-19,Black,NA,1998-07-01
NHANES-96403,Other,male,20-39,Mexican American,9-11th grade,1993-05-23
NHANES-96404,United States,female,60-79,White,Some college,1943-11-28
NHANES-96405,Other,female,20-39,Other Hispanic,9-11th grade,1994-09-26
NHANES-96406,United States,female,60-79,White,High school,1944-03-30
NHANES-96407,United States,male,0-19,Black,NA,2015-04-12
NHANES-96408,United States,female,40-59,Black,College grad,1972-09-01
NHANES-96409,Other,female,80+,Mexican American,Less than 9th grade,1937-04-17
NHANES-96410,United States,male,0-19,Black,NA,2004-05-06
NHANES-96411,United States,female,60-79,Black,Some college,1957-03-23
NHANES-96412,United States,female,0-19,White,NA,2007-06-02
NHANES-96413,United States,male,60-79,Black,Some college,1947-08-15
NHANES-96414,United States,male,0-19,White,NA,2015-12-25
NHANES-96415,Other,male,20-39,Other Hispanic,College grad,1981-07-03
NHANES-96416,United States,female,40-59,White,9-11th grade,1975-12-28
NHANES-96417,Other,female,20-39,Asian,College grad,1985-09-01
NHANES-96418,United States,female,0-19,Other Hispanic,NA,2001-03-15
NHANES-96419,United States,female,0-19,Mexican American,NA,2002-05-04
NHANES-96420,Other,male,60-79,Asian,College grad,1958-03-22
NHANES-96421,United States,female,0-19,Other Hispanic,NA,2005-04-25
NHANES-96422,Other,female,60-79,Mexican American,Less than 9th grade,1951-09-07
NHANES-96423,United States,male,0-19,Asian,NA,2015-10-13
NHANES-96424,United States,male,0-19,Black,NA,2016-10-08
NHANES-96425,United States,male,0-19,Other,NA,2003-01-24
NHANES-96426,United States,male,80+,Black,High school,1937-06-11
NHANES-96427,United States,female,0-19,Mexican American,NA,2007-04-08
NHANES-96428,Other,female,20-39,Other,College grad,1980-01-28
NHANES-96429,United States,male,80+,White,High school,1937-11-27
NHANES-96430,United States,male,0-19,White,NA,2008-09-20
NHANES-96431,United States,male,40-59,Mexican American,9-11th grade,1969-10-29
NHANES-96432,United States,female,40-59,Other,College grad,1970-02-02
NHANES-96433,United States,female,20-39,White,Some college,1982-01-16
NHANES-96434,United States,female,0-19,White,NA,2013-07-31
NHANES-96435,United States,female,0-19,Black,NA,2006-12-04
NHANES-96436,United States,male,60-79,White,Less than 9th grade,1944-04-25
NHANES-96437,United States,female,0-19,Asian,NA,2014-08-22
NHANES-96438,United States,male,0-19,White,NA,2017-10-21
NHANES-96439,Other,male,60-79,Asian,College grad,1955-05-19
NHANES-96440,United States,male,60-79,Black,Some college,1951-09-17
NHANES-96441,United States,female,60-79,Black,College grad,1957-02-02
NHANES-96442,United States,male,0-19,White,NA,2004-03-11
NHANES-96443,United States,female,20-39,White,College grad,1993-01-08
NHANES-96444,Other,female,20-39,Asian,9-11th grade,1995-06-15
NHANES-96445,United States,male,60-79,Mexican American,Some college,1950-11-30
NHANES-96446,United States,female,60-79,White,College grad,1955-06-01
NHANES-96447,United States,male,0-19,Black,NA,2016-10-01
NHANES-96448,United States,female,40-59,Mexican American,Some college,1966-10-29
NHANES-96449,Other,female,60-79,Other Hispanic,Less than 9th grade,1956-04-05
NHANES-96450,Other,female,40-59,White,High school,1965-04-30
NHANES-96451,United States,female,80+,White,High school,1938-04-06
NHANES-96452,Other,male,20-39,Mexican American,Less than 9th grade,1978-07-20
NHANES-96453,United States,female,20-39,Other Hispanic,Less than 9th grade,1994-10-11
NHANES-96454,United States,male,0-19,Other,NA,2016-12-27
NHANES-96455,United States,male,20-39,White,College grad,1983-03-12
NHANES-96456,United States,female,60-79,White,High school,1948-02-17
NHANES-96457,Other,male,40-59,Mexican American,Less than 9th grade,1960-01-09
NHANES-96458,Other,male,0-19,Other Hispanic,NA,2015-12-18
NHANES-96459,Other,female,0-19,Asian,NA,2013-03-10
NHANES-96460,United States,female,0-19,Mexican American,NA,2015-11-10
NHANES-96461,United States,male,0-19,Black,NA,2015-02-15
NHANES-96462,United States,male,60-79,Black,High school,1952-07-30
NHANES-96463,United States,male,20-39,Mexican American,9-11th grade,1990-11-02
NHANES-96464,Other,male,20-39,Asian,Some college,1993-06-03
NHANES-96465,Other,female,40-59,Asian,Some college,1975-10-01
NHANES-96466,United States,female,20-39,Black,Some college,1986-07-01
NHANES-96467,United States,female,0-19,White,NA,2002-05-20
NHANES-96468,United States,female,60-79,Black,Some college,1952-01-25
NHANES-96469,Other,female,40-59,Mexican American,College grad,1975-09-09
NHANES-96470,United States,male,40-59,White,Some college,1970-02-28
NHANES-96471,United States,male,60-79,Black,College grad,1953-03-17
NHANES-96472,United States,male,0-19,White,NA,2012-04-15
NHANES-96473,United States,male,60-79,White,High school,1938-06-07
NHANES-96474,Other,female,20-39,Asian,College grad,1980-06-16
NHANES-96475,United States,male,40-59,Black,High school,1966-02-14
NHANES-96476,United States,female,20-39,Black,Some college,1980-11-02
NHANES-96477,United States,male,60-79,Black,Some college,1953-05-19
NHANES-96478,Other,male,0-19,Asian,NA,1998-12-06
NHANES-96479,United States,female,40-59,White,Some college,1962-08-15
NHANES-96480,United States,male,60-79,Other,Some college,1951-08-16
NHANES-96481,Other,male,20-39,Mexican American,High school,1988-05-07
NHANES-96482,United States,male,0-19,Other Hispanic,NA,2006-06-13
NHANES-96483,Other,female,40-59,Black,Some college,1968-07-26
NHANES-96484,United States,male,20-39,Mexican American,College grad,1990-10-16
NHANES-96485,United States,female,20-39,White,Some college,1995-04-24
NHANES-96486,United States,male,60-79,White,Some college,1940-12-17
NHANES-96487,United States,male,0-19,White,NA,1999-07-29
NHANES-96488,Other,male,60-79,Other Hispanic,Some college,1955-06-14
NHANES-96489,Other,female,40-59,Mexican American,Less than 9th grade,1959-12-22
NHANES-96490,Other,female,20-39,Asian,College grad,1979-04-26
NHANES-96491,Other,female,40-59,Asian,High school,1964-03-21
NHANES-96492,United States,male,0-19,Mexican American,NA,2013-10-05
NHANES-96493,United States,male,0-19,Black,NA,2010-04-08
NHANES-96494,United States,male,0-19,Black,NA,2012-01-19
NHANES-96495,United States,male,20-39,Black,9-11th grade,1995-10-23
NHANES-96496,United States,male,0-19,Black,NA,2016-03-31
NHANES-96497,United States,female,20-39,White,High school,1995-01-22
NHANES-96498,United States,male,0-19,Mexican American,NA,2008-07-23
NHANES-96499,United States,female,0-19,Black,NA,2006-09-06
NHANES-96500,United States,male,20-39,Asian,College grad,1994-06-18
NHANES-96501,United States,male,40-59,Other Hispanic,9-11th grade,1967-05-27
NHANES-96502,United States,female,60-79,White,Some college,1957-06-05
NHANES-96503,Other,female,60-79,Other Hispanic,Less than 9th grade,1945-01-19
NHANES-96504,United States,female,0-19,White,NA,2004-10-16
NHANES-96505,United States,female,40-59,Other,High school,1978-08-20
NHANES-96506,United States,male,60-79,White,High school,1941-01-03
NHANES-96507,Other,female,20-39,Asian,College grad,1980-09-10
NHANES-96508,Other,female,40-59,Mexican American,9-11th grade,1971-10-17
NHANES-96509,United States,male,20-39,Mexican American,High school,1996-12-16
NHANES-96510,United States,female,20-39,White,Some college,1985-07-26
NHANES-96511,United States,male,40-59,Black,College grad,1976-03-27
NHANES-96512,United States,male,60-79,White,Some college,1953-02-18
NHANES-96513,United States,male,20-39,White,Some college,1994-10-11
NHANES-96514,United States,female,80+,Black,College grad,1937-07-11
NHANES-96515,United States,male,60-79,Black,Some college,1949-05-18
NHANES-96516,United States,female,0-19,White,NA,1999-12-21
NHANES-96517,United States,female,40-59,White,High school,1962-11-08
NHANES-96518,United States,female,0-19,Mexican American,NA,2004-07-20
NHANES-96519,United States,female,20-39,Black,High school,1983-07-03
NHANES-96520,United States,male,0-19,Black,NA,2012-05-12
NHANES-96521,United States,male,60-79,White,High school,1956-04-22
NHANES-96522,United States,female,40-59,White,College grad,1965-09-22
NHANES-96523,United States,female,20-39,Other Hispanic,College grad,1995-11-11
NHANES-96524,United States,male,0-19,White,NA,2008-08-20
NHANES-96525,United States,male,80+,White,9-11th grade,1938-03-15
NHANES-96526,United States,male,60-79,Black,College grad,1953-11-26
NHANES-96527,United States,male,0-19,Black,NA,2011-01-22
NHANES-96528,United States,female,20-39,Mexican American,9-11th grade,1980-09-01
NHANES-96529,Other,male,60-79,Asian,9-11th grade,1951-06-01
NHANES-96530,United States,male,0-19,Black,NA,2010-08-20
NHANES-96531,United States,female,0-19,White,NA,2013-10-19
NHANES-96532,United States,female,40-59,White,Some college,1973-04-02
NHANES-96533,United States,male,0-19,White,NA,2002-03-09
NHANES-96534,United States,female,40-59,Black,9-11th grade,1969-05-29
NHANES-96535,United States,male,0-19,Black,NA,2013-02-21
NHANES-96536,United States,male,0-19,Asian,NA,2008-12-05
NHANES-96537,United States,female,60-79,White,High school,1950-10-31
NHANES-96538,Other,female,40-59,Mexican American,Less than 9th grade,1965-08-30
NHANES-96539,Other,female,0-19,Asian,NA,2008-07-12
NHANES-96540,Other,male,60-79,Other Hispanic,Some college,1951-09-15
NHANES-96541,United States,male,0-19,Black,NA,2012-02-05
NHANES-96542,United States,female,0-19,White,NA,2000-06-20
NHANES-96543,United States,female,40-59,Black,College grad,1971-07-17
NHANES-96544,Other,male,0-19,White,NA,2004-02-05
NHANES-96545,Other,female,0-19,Other Hispanic,NA,1999-12-14
NHANES-96546,United States,male,40-59,White,Some college,1972-12-04
NHANES-96547,United States,female,40-59,White,College grad,1974-01-14
NHANES-96548,United States,female,20-39,Mexican American,Some college,1989-04-11
NHANES-96549,United States,male,0-19,Black,NA,2018-01-23
NHANES-96550,United States,male,0-19,Other,NA,2001-12-10
NHANES-96551,United States,female,20-39,Other,Some college,1981-11-21
NHANES-96552,Other,male,40-59,Black,College grad,1973-11-04
NHANES-96553,United States,male,40-59,Asian,Some college,1958-12-27
NHANES-96554,United States,male,20-39,Black,Some college,1986-01-12
NHANES-96555,United States,male,40-59,Black,High school,1971-09-12
NHANES-96556,United States,female,0-19,Other Hispanic,NA,2016-03-11
NHANES-96557,United States,male,20-39,Black,High school,1978-11-27
NHANES-96558,United States,male,20-39,Black,9-11th grade,1988-11-07
NHANES-96559,United States,male,0-19,Black,NA,2004-05-08
NHANES-96560,United States,male,60-79,Black,9-11th grade,1946-06-19
NHANES-96561,United States,male,40-59,Other,High school,1964-09-27
NHANES-96562,United States,female,0-19,Mexican American,NA,2008-07-23
NHANES-96563,United States,female,0-19,White,NA,2002-11-14
NHANES-96564,United States,female,40-59,Black,9-11th grade,1961-05-29
NHANES-96565,United States,female,0-19,Mexican American,NA,1999-02-25
NHANES-96566,United States,male,20-39,White,Some college,1994-12-02
NHANES-96567,United States,female,0-19,White,NA,2014-03-22
NHANES-96568,United States,male,80+,White,College grad,1937-02-23
NHANES-96569,United States,male,60-79,White,Some college,1939-12-07
NHANES-96570,United States,male,0-19,Mexican American,NA,2006-09-26
NHANES-96571,Other,female,40-59,Mexican American,Less than 9th grade,1959-09-02
NHANES-96572,United States,male,0-19,White,NA,2010-03-23
NHANES-96573,United States,female,40-59,White,College grad,1972-09-07
NHANES-96574,United States,female,20-39,White,Some college,1978-01-23
NHANES-96575,United States,male,0-19,Other,NA,2017-10-08
NHANES-96576,United States,male,40-59,White,High school,1962-08-07
NHANES-96577,United States,male,0-19,White,NA,2009-06-04
NHANES-96578,United States,male,40-59,Black,Some college,1962-08-30
NHANES-96579,United States,female,0-19,Black,NA,2006-08-26
NHANES-96580,United States,male,20-39,White,Some college,1989-03-30
NHANES-96581,United States,male,0-19,Black,NA,2009-01-26
NHANES-96582,United States,male,40-59,Black,9-11th grade,1971-04-17
NHANES-96583,United States,male,60-79,Black,High school,1938-03-15
NHANES-96584,United States,female,0-19,Black,NA,2008-03-04
NHANES-96585,Other,male,60-79,Mexican American,Less than 9th grade,1955-12-22
NHANES-96586,United States,female,60-79,Black,High school,1953-08-18
NHANES-96587,United States,male,20-39,Black,Some college,1987-10-16
NHANES-96588,Other,male,40-59,Asian,High school,1976-06-23
NHANES-96589,Other,female,0-19,Asian,NA,2002-05-31
NHANES-96590,United States,female,20-39,Mexican American,9-11th grade,1990-01-22
NHANES-96591,United States,male,0-19,White,NA,2016-08-02
NHANES-96592,United States,male,80+,White,High school,1937-05-09
NHANES-96593,United States,male,20-39,White,Some college,1988-04-08
NHANES-96594,United States,male,20-39,White,High school,1979-02-05
NHANES-96595,Other,female,60-79,Other Hispanic,Less than 9th grade,1952-10-14
NHANES-96596,Other,male,20-39,Mexican American,High school,1982-10-09
NHANES-96597,United States,female,0-19,Asian,NA,2013-03-31
NHANES-96598,United States,female,60-79,Black,High school,1951-03-09
NHANES-96599,United States,male,60-79,White,Some college,1944-02-08
NHANES-96600,United States,female,20-39,Black,Some college,1991-11-14
NHANES-96601,United States,male,0-19,White,NA,2014-12-15
NHANES-96602,United States,male,80+,White,Less than 9th grade,1937-07-23
NHANES-96603,United States,male,60-79,White,Some college,1958-01-08
NHANES-96604,United States,female,20-39,White,High school,1982-12-30
NHANES-96605,Other,male,40-59,Mexican American,Less than 9th grade,1978-01-26
NHANES-96606,United States,male,0-19,Asian,NA,2003-06-08
NHANES-96607,United States,male,60-79,White,High school,1945-05-25
NHANES-96608,United States,male,20-39,White,9-11th grade,1987-02-17
NHANES-96609,United States,female,20-39,Black,High school,1981-09-21
NHANES-96610,Other,female,20-39,Asian,Some college,1984-10-23
NHANES-96611,United States,male,0-19,Black,NA,2007-12-17
NHANES-96612,United States,female,0-19,Black,NA,2012-05-17
NHANES-96613,United States,female,0-19,Black,NA,2011-02-09
NHANES-96614,United States,male,60-79,Black,High school,1939-10-11
NHANES-96615,Other,male,60-79,Mexican American,Less than 9th grade,1955-01-14
NHANES-96616,Other,male,40-59,Asian,High school,1967-01-28
NHANES-96617,United States,female,0-19,Asian,NA,2009-09-09
NHANES-96618,United States,female,20-39,White,9-11th grade,1981-05-01
NHANES-96619,United States,female,20-39,White,High school,1994-09-15
NHANES-96620,United States,male,0-19,Black,NA,2016-09-12
NHANES-96621,Other,female,40-59,Mexican American,Some college,1975-06-05
NHANES-96622,United States,female,40-59,Black,Some college,1976-12-08
NHANES-96623,United States,male,40-59,Mexican American,High school,1965-09-17
NHANES-96624,Other,male,20-39,Asian,High school,1980-06-09
NHANES-96625,Other,male,20-39,Asian,College grad,1991-08-16
NHANES-96626,Other,male,20-39,Asian,Some college,1995-03-15
NHANES-96627,United States,female,0-19,Black,NA,2015-04-27
NHANES-96628,United States,male,20-39,White,College grad,1984-12-11
NHANES-96629,United States,female,40-59,Black,Some college,1971-03-12
NHANES-96630,Other,male,40-59,Other Hispanic,Less than 9th grade,1975-12-18
NHANES-96631,United States,male,20-39,Other Hispanic,College grad,1980-06-30
NHANES-96632,United States,female,80+,Mexican American,High school,1938-06-25
NHANES-96633,United States,male,60-79,Black,9-11th grade,1952-11-03
NHANES-96634,Other,male,40-59,Mexican American,Less than 9th grade,1957-11-29
NHANES-96635,United States,male,0-19,Other Hispanic,NA,2015-01-25
NHANES-96636,United States,female,40-59,Mexican American,Some college,1977-08-25
NHANES-96637,United States,male,0-19,White,NA,1999-10-31
NHANES-96638,United States,male,40-59,White,College grad,1958-06-04
NHANES-96639,Other,male,60-79,Other Hispanic,9-11th grade,1938-08-08
NHANES-96640,United States,male,0-19,Mexican American,NA,2012-04-23
NHANES-96641,United States,male,20-39,Other,Some college,1981-12-29
NHANES-96642,Other,male,60-79,Mexican American,Less than 9th grade,1949-10-08
NHANES-96643,United States,male,0-19,White,NA,2014-04-08
NHANES-96644,Other,male,60-79,Mexican American,High school,1952-08-12
NHANES-96645,United States,male,20-39,White,Some college,1991-04-15
NHANES-96646,Other,male,40-59,Other Hispanic,Less than 9th grade,1974-01-21
NHANES-96647,United States,female,0-19,Black,NA,2004-05-26
NHANES-96648,United States,male,60-79,White,High school,1951-02-21
NHANES-96649,United States,male,40-59,Black,High school,1966-12-30
NHANES-96650,United States,female,0-19,Black,NA,2016-05-19
NHANES-96651,United States,female,40-59,Black,Some college,1967-07-02
NHANES-96652,Other,male,60-79,Other Hispanic,9-11th grade,1954-03-09
NHANES-96653,United States,male,20-39,Asian,College grad,1988-12-16
NHANES-96654,United States,male,80+,White,High school,1937-07-13
NHANES-96655,United States,male,0-19,Mexican American,NA,2004-10-29
NHANES-96656,Other,male,20-39,Other Hispanic,Less than 9th grade,1993-02-03
NHANES-96657,Other,male,20-39,Asian,College grad,1992-03-25
NHANES-96658,United States,male,60-79,Black,Some college,1957-11-23
NHANES-96659,United States,female,40-59,White,Some college,1959-11-22
NHANES-96660,United States,female,60-79,White,9-11th grade,1955-07-09
NHANES-96661,United States,female,20-39,Asian,College grad,1992-08-15
NHANES-96662,United States,male,0-19,White,NA,2018-01-18
NHANES-96663,United States,female,20-39,White,High school,1997-02-26
NHANES-96664,United States,female,0-19,Black,NA,2015-11-09
NHANES-96665,United States,female,0-19,White,NA,2017-07-07
NHANES-96666,Other,male,40-59,Mexican American,High school,1964-05-12
NHANES-96667,Other,male,60-79,Mexican American,9-11th grade,1947-12-17
NHANES-96668,United States,female,0-19,White,NA,2016-08-22
NHANES-96669,Other,female,40-59,Asian,9-11th grade,1963-01-05
NHANES-96670,United States,female,0-19,White,NA,2004-11-30
NHANES-96671,Other,female,20-39,Asian,College grad,1979-08-07
NHANES-96672,Other,male,20-39,Asian,College grad,1984-12-22
NHANES-96673,United States,male,0-19,White,NA,2012-02-09
NHANES-96674,United States,male,20-39,Other Hispanic,Some college,1988-06-08
NHANES-96675,United States,female,0-19,White,NA,2000-01-13
NHANES-96676,United States,male,20-39,White,High school,1978-07-12
NHANES-96677,United States,female,20-39,White,High school,1992-11-13
NHANES-96678,United States,female,0-19,White,NA,2017-03-13
NHANES-96679,United States,female,20-39,White,Some college,1987-04-27
NHANES-96680,United States,female,0-19,Asian,NA,2011-06-20
NHANES-96681,United States,female,20-39,Other,High school,1984-06-22
NHANES-96682,United States,male,0-19,Asian,NA,2006-09-17
NHANES-96683,United States,female,40-59,Other Hispanic,Some college,1975-11-21
NHANES-96684,Other,male,20-39,Asian,College grad,1983-02-09
NHANES-96685,United States,female,0-19,Black,NA,2000-07-03
NHANES-96686,United States,male,0-19,White,NA,2009-04-28
NHANES-96687,United States,female,80+,White,College grad,1937-10-21
NHANES-96688,United States,male,40-59,Black,Some college,1959-04-14
NHANES-96689,United States,female,0-19,Other,NA,2006-12-15
NHANES-96690,United States,female,0-19,Mexican American,NA,2012-04-11
NHANES-96691,United States,male,0-19,Asian,NA,2012-08-31
NHANES-96692,United States,male,20-39,Other Hispanic,College grad,1987-12-26
NHANES-96693,United States,female,0-19,Other,NA,1998-10-04
NHANES-96694,United States,male,20-39,White,High school,1978-06-21
NHANES-96695,United States,female,20-39,White,High school,1992-05-05
NHANES-96696,United States,male,0-19,Mexican American,NA,1998-10-28
NHANES-96697,United States,male,20-39,White,High school,1992-10-20
NHANES-96698,United States,male,40-59,White,9-11th grade,1976-11-02
NHANES-96699,United States,female,40-59,White,High school,1959-06-20
NHANES-96700,United States,male,60-79,White,High school,1949-01-23
NHANES-96701,Other,male,60-79,Other Hispanic,9-11th grade,1942-11-02
NHANES-96702,United States,female,0-19,Other,NA,2000-11-09
NHANES-96703,United States,female,0-19,White,NA,2018-04-18
NHANES-96704,United States,female,80+,Black,9-11th grade,1936-06-29
NHANES-96705,United States,male,40-59,White,College grad,1978-05-10
NHANES-96706,United States,male,40-59,White,High school,1978-03-21
NHANES-96707,United States,female,60-79,Other,Some college,1952-01-31
NHANES-96708,United States,female,40-59,White,Some college,1964-12-01
NHANES-96709,United States,male,0-19,White,NA,2015-12-14
NHANES-96710,United States,female,0-19,Black,NA,1999-06-22
NHANES-96711,United States,female,20-39,Mexican American,Some college,1982-02-14
NHANES-96712,United States,female,80+,White,Some college,1937-11-21
NHANES-96713,United States,male,60-79,White,College grad,1943-10-02
NHANES-96714,United States,male,0-19,Black,NA,2018-04-03
NHANES-96715,United States,male,0-19,Black,NA,2004-09-05
NHANES-96716,United States,female,0-19,Black,NA,2014-09-28
NHANES-96717,United States,male,0-19,Black,NA,2018-06-07
NHANES-96718,United States,male,80+,White,9-11th grade,1938-11-05
NHANES-96719,United States,female,40-59,Black,High school,1966-12-18
NHANES-96720,United States,male,80+,White,Some college,1938-04-03
NHANES-96721,United States,female,20-39,Mexican American,High school,1985-04-05
NHANES-96722,United States,male,60-79,White,High school,1949-05-07
NHANES-96723,United States,female,20-39,White,High school,1979-04-23
NHANES-96724,United States,female,0-19,White,NA,2009-07-05
NHANES-96725,Other,female,20-39,Other Hispanic,Less than 9th grade,1983-09-22
NHANES-96726,United States,female,60-79,Black,Some college,1955-10-30
NHANES-96727,Other,female,60-79,Other Hispanic,Less than 9th grade,1941-03-27
NHANES-96728,United States,male,0-19,White,NA,2011-10-15
NHANES-96729,United States,female,0-19,Asian,NA,2010-03-07
NHANES-96730,Other,female,40-59,Other Hispanic,Some college,1965-05-23
NHANES-96731,United States,male,40-59,Black,High school,1977-12-06
NHANES-96732,United States,male,40-59,White,Some college,1960-02-02
NHANES-96733,Other,female,0-19,Black,NA,2005-08-17
NHANES-96734,United States,female,0-19,Black,NA,1999-09-23
NHANES-96735,United States,male,0-19,Black,NA,2013-10-24
NHANES-96736,United States,male,60-79,Black,Some college,1946-05-10
NHANES-96737,Other,female,20-39,Asian,College grad,1983-11-24
NHANES-96738,United States,male,0-19,White,NA,2015-05-21
NHANES-96739,Other,male,20-39,Asian,Some college,1997-10-04
NHANES-96740,Other,male,20-39,Asian,Some college,1991-06-20
NHANES-96741,United States,female,0-19,Other,NA,2007-06-09
NHANES-96742,United States,male,0-19,Asian,NA,2012-05-29
NHANES-96743,United States,male,20-39,White,9-11th grade,1983-09-07
NHANES-96744,Other,male,20-39,Mexican American,9-11th grade,1984-12-22
NHANES-96745,United States,female,40-59,Black,High school,1965-05-21
NHANES-96746,United States,male,0-19,Black,NA,1999-03-28
NHANES-96747,United States,female,0-19,White,NA,2017-10-21
NHANES-96748,Other,female,20-39,Mexican American,9-11th grade,1980-08-09
NHANES-96749,United States,male,0-19,White,NA,2008-08-03
NHANES-96750,United States,female,40-59,White,Less than 9th grade,1964-04-20
NHANES-96751,United States,female,0-19,Black,NA,2004-08-15
NHANES-96752,United States,female,40-59,Mexican American,High school,1963-04-25
NHANES-96753,United States,male,60-79,Black,Less than 9th grade,1938-12-27
NHANES-96754,Other,female,60-79,Asian,Less than 9th grade,1939-03-13
NHANES-96755,United States,female,80+,White,College grad,1938-03-29
NHANES-96756,United States,female,20-39,White,Some college,1994-04-13
NHANES-96757,Other,female,0-19,Asian,NA,2005-11-06
NHANES-96758,United States,male,40-59,Black,High school,1969-07-09
NHANES-96759,United States,female,0-19,White,NA,1999-01-13
NHANES-96760,United States,male,40-59,White,Some college,1969-12-26
NHANES-96761,United States,female,0-19,Mexican American,NA,2009-08-13
NHANES-96762,United States,male,0-19,Other,NA,2009-06-06
NHANES-96763,United States,male,0-19,Mexican American,NA,2002-01-30
NHANES-96764,United States,male,20-39,Asian,9-11th grade,1991-02-17
NHANES-96765,Other,female,0-19,Black,NA,2005-12-30
NHANES-96766,United States,female,40-59,Black,Some college,1965-12-28
NHANES-96767,United States,male,0-19,Asian,NA,2016-11-14
NHANES-96768,United States,female,40-59,Other Hispanic,College grad,1962-07-01
NHANES-96769,United States,female,0-19,Other,NA,2016-08-08
NHANES-96770,United States,female,60-79,White,High school,1939-08-01
NHANES-96771,Other,female,60-79,Other Hispanic,High school,1949-10-02
NHANES-96772,United States,female,0-19,White,NA,2015-12-22
NHANES-96773,United States,female,0-19,White,NA,2012-05-17
NHANES-96774,United States,female,20-39,Asian,College grad,1990-08-25
NHANES-96775,United States,female,80+,White,Some college,1937-06-21
NHANES-96776,Other,male,0-19,Other Hispanic,NA,1998-11-22
NHANES-96777,Other,male,60-79,White,Some college,1957-05-20
NHANES-96778,United States,female,0-19,Black,NA,2001-01-22
NHANES-96779,United States,male,0-19,Black,NA,2017-08-20
NHANES-96780,United States,male,80+,White,College grad,1938-03-18
NHANES-96781,United States,male,0-19,White,NA,2010-01-31
NHANES-96782,United States,male,0-19,Asian,NA,2006-10-15
NHANES-96783,Other,female,40-59,Other Hispanic,Some college,1959-09-06
NHANES-96784,Other,male,60-79,Mexican American,Less than 9th grade,1943-03-26
NHANES-96785,Other,female,80+,Other Hispanic,Less than 9th grade,1937-11-19
NHANES-96786,United States,male,20-39,Black,Some college,1990-05-01
NHANES-96787,United States,female,60-79,White,College grad,1938-01-13
NHANES-96788,United States,female,20-39,Black,Some college,1988-07-22
NHANES-96789,Other,female,80+,Other Hispanic,Less than 9th grade,1936-05-13
NHANES-96790,United States,male,20-39,Mexican American,High school,1983-10-07
NHANES-96791,United States,female,0-19,White,NA,2016-08-16
NHANES-96792,United States,female,60-79,Black,Some college,1956-10-28
NHANES-96793,United States,male,40-59,Black,9-11th grade,1963-01-18
NHANES-96794,United States,male,0-19,White,NA,2010-04-30
NHANES-96795,United States,male,20-39,White,High school,1995-12-13
NHANES-96796,United States,male,60-79,White,College grad,1939-10-09
NHANES-96797,United States,female,0-19,White,NA,2009-04-19
NHANES-96798,United States,male,60-79,Black,High school,1946-12-16
NHANES-96799,Other,male,60-79,Other,High school,1941-04-10
NHANES-96800,Other,male,40-59,Black,College grad,1964-06-04
NHANES-96801,Other,male,0-19,Asian,NA,2013-01-10
NHANES-96802,United States,female,0-19,Asian,NA,2011-11-18
NHANES-96803,Other,male,0-19,Asian,NA,2014-01-03
NHANES-96804,United States,male,60-79,Black,Some college,1950-06-18
NHANES-96805,Other,female,60-79,Other Hispanic,Less than 9th grade,1952-06-17
NHANES-96806,United States,male,0-19,Black,NA,2003-10-09
NHANES-96807,United States,male,0-19,Mexican American,NA,2017-05-25
NHANES-96808,United States,male,0-19,White,NA,2013-08-28
NHANES-96809,United States,male,80+,Black,High school,1937-02-18
NHANES-96810,United States,female,20-39,Asian,College grad,1978-03-23
NHANES-96811,Other,female,20-39,Black,Some college,1983-01-21
NHANES-96812,Other,male,60-79,Asian,College grad,1945-01-08
NHANES-96813,Other,male,20-39,Asian,College grad,1986-02-08
NHANES-96814,United States,female,0-19,Mexican American,NA,2018-08-18
NHANES-96815,United States,male,60-79,White,Some college,1940-01-11
NHANES-96816,United States,female,60-79,Black,Some college,1958-03-02
NHANES-96817,United States,female,0-19,Mexican American,NA,2005-07-28
NHANES-96818,United States,male,40-59,Black,High school,1968-05-12
NHANES-96819,United States,female,0-19,Mexican American,NA,2010-05-28
NHANES-96820,United States,male,40-59,White,Some college,1969-12-01
NHANES-96821,United States,male,20-39,Asian,Some college,1996-07-09
NHANES-96822,United States,male,0-19,Mexican American,NA,1998-03-16
NHANES-96823,Other,male,0-19,White,NA,1998-06-09
NHANES-96824,United States,male,0-19,Asian,NA,2015-05-25
NHANES-96825,Other,male,20-39,White,Some college,1989-01-27
NHANES-96826,Other,male,20-39,Asian,High school,1987-12-11
NHANES-96827,United States,male,60-79,White,Some college,1944-10-22
NHANES-96828,United States,male,0-19,Other Hispanic,NA,2006-08-12
NHANES-96829,United States,female,20-39,White,Some college,1979-10-02
NHANES-96830,United States,male,60-79,White,High school,1955-10-19
NHANES-96831,United States,female,0-19,White,NA,2013-05-30
NHANES-96832,United States,male,0-19,Mexican American,NA,2018-03-31
NHANES-96833,United States,female,20-39,Black,Less than 9th grade,1984-08-11
NHANES-96834,United States,male,60-79,Other Hispanic,High school,1939-10-10
NHANES-96835,United States,female,60-79,White,College grad,1950-03-10
NHANES-96836,United States,female,40-59,Black,High school,1958-02-23
NHANES-96837,United States,male,0-19,Mexican American,NA,2009-09-10
NHANES-96838,Other,female,20-39,Asian,College grad,1986-01-25
NHANES-96839,United States,female,20-39,Other,Some college,1996-06-10
NHANES-96840,Other,male,60-79,Asian,College grad,1949-11-07
NHANES-96841,United States,male,60-79,White,High school,1944-02-07
NHANES-96842,United States,female,60-79,White,College grad,1941-06-17
NHANES-96843,United States,male,0-19,Mexican American,NA,2001-11-02
NHANES-96844,Other,male,40-59,Asian,Some college,1962-03-20
NHANES-96845,United States,female,0-19,Other,NA,2017-08-13
NHANES-96846,United States,female,0-19,Asian,NA,2011-02-03
NHANES-96847,Other,female,40-59,Black,High school,1974-01-14
NHANES-96848,United States,female,40-59,Black,College grad,1962-08-03
NHANES-96849,Other,female,0-19,Mexican American,NA,2006-01-08
NHANES-96850,United States,male,0-19,White,NA,2000-04-04
NHANES-96851,Other,female,60-79,Other Hispanic,Less than 9th grade,1956-03-07
NHANES-96852,Other,male,20-39,Mexican American,9-11th grade,1981-07-07
NHANES-96853,United States,female,0-19,White,NA,2017-02-23
NHANES-96854,United States,female,20-39,White,Some college,1979-03-07
NHANES-96855,United States,female,80+,Black,Some college,1938-01-03
NHANES-96856,United States,male,0-19,Black,NA,2013-01-10
NHANES-96857,United States,female,0-19,Other,NA,2015-09-22
NHANES-96858,Other,male,0-19,Asian,NA,2007-03-23
NHANES-96859,United States,male,0-19,White,NA,1999-08-14
NHANES-96860,United States,female,20-39,White,College grad,1995-07-19
NHANES-96861,United States,male,0-19,White,NA,2006-10-11
NHANES-96862,United States,female,40-59,White,College grad,1967-02-02
NHANES-96863,United States,male,40-59,White,College grad,1962-09-09
NHANES-96864,United States,female,0-19,White,NA,2011-05-09
NHANES-96865,United States,female,20-39,Black,Some college,1988-12-10
NHANES-96866,United States,male,80+,Asian,College grad,1937-03-22
NHANES-96867,United States,female,0-19,Other Hispanic,NA,2012-07-03
NHANES-96868,United States,female,40-59,White,College grad,1975-07-10
NHANES-96869,United States,male,40-59,Black,College grad,1969-02-27
NHANES-96870,United States,female,60-79,White,High school,1956-09-03
NHANES-96871,United States,male,60-79,White,College grad,1945-11-04
NHANES-96872,United States,male,0-19,Asian,NA,2016-04-16
NHANES-96873,United States,female,80+,Black,Some college,1937-02-10
NHANES-96874,United States,female,40-59,Mexican American,Some college,1962-02-09
NHANES-96875,United States,female,40-59,Black,College grad,1961-07-25
NHANES-96876,United States,female,60-79,Black,High school,1957-04-06
NHANES-96877,United States,male,60-79,Black,High school,1958-01-16
NHANES-96878,United States,male,80+,White,Some college,1937-06-26
NHANES-96879,United States,female,20-39,White,College grad,1991-05-05
NHANES-96880,United States,female,0-19,Black,NA,2016-07-20
NHANES-96881,United States,female,0-19,Black,NA,2000-10-02
NHANES-96882,Other,female,40-59,Asian,College grad,1973-05-23
NHANES-96883,United States,female,60-79,Mexican American,Some college,1951-10-27
NHANES-96884,Other,female,40-59,Asian,College grad,1962-04-20
NHANES-96885,Other,male,20-39,Mexican American,Less than 9th grade,1993-11-27
NHANES-96886,United States,female,0-19,White,NA,2016-02-16
NHANES-96887,United States,female,40-59,White,High school,1960-04-06
NHANES-96888,United States,female,0-19,Black,NA,2012-08-19
NHANES-96889,Other,female,0-19,Asian,NA,2011-11-19
NHANES-96890,United States,male,20-39,Black,High school,1997-05-11
NHANES-96891,United States,male,40-59,Black,Some college,1977-04-16
NHANES-96892,United States,female,60-79,White,Some college,1952-03-30
NHANES-96893,Other,male,40-59,Other Hispanic,Less than 9th grade,1975-09-16
NHANES-96894,United States,male,40-59,Other Hispanic,High school,1969-06-10
NHANES-96895,Other,female,60-79,Other Hispanic,High school,1957-05-25
NHANES-96896,United States,female,80+,Black,High school,1937-01-03
NHANES-96897,United States,male,0-19,Mexican American,NA,2002-04-10
NHANES-96898,Other,male,40-59,Other Hispanic,High school,1962-01-02
NHANES-96899,United States,male,20-39,Black,9-11th grade,1995-06-14
NHANES-96900,Other,male,20-39,Other Hispanic,Less than 9th grade,1994-04-06
NHANES-96901,Other,female,20-39,Mexican American,9-11th grade,1984-01-06
NHANES-96902,United States,male,60-79,White,Some college,1942-04-28
NHANES-96903,Other,male,40-59,Asian,College grad,1966-09-25
NHANES-96904,United States,female,0-19,Mexican American,NA,2010-01-18
NHANES-96905,United States,female,0-19,White,NA,2013-10-08
NHANES-96906,United States,male,60-79,White,Some college,1944-02-20
NHANES-96907,United States,female,20-39,White,Some college,1982-03-17
NHANES-96908,United States,female,60-79,Other,High school,1945-01-30
NHANES-96909,United States,male,20-39,White,High school,1979-08-05
NHANES-96910,United States,female,0-19,Other,NA,2006-06-27
NHANES-96911,United States,female,0-19,Asian,NA,2013-12-31
NHANES-96912,United States,male,40-59,Black,College grad,1966-04-30
NHANES-96913,United States,female,20-39,Asian,College grad,1992-11-30
NHANES-96914,United States,female,0-19,White,NA,2013-07-02
NHANES-96915,United States,male,40-59,White,College grad,1969-01-03
NHANES-96916,United States,female,60-79,Mexican American,High school,1947-11-30
NHANES-96917,United States,male,0-19,Other Hispanic,NA,2014-11-20
NHANES-96918,United States,male,0-19,White,NA,2011-08-13
NHANES-96919,Other,female,0-19,Asian,NA,2005-10-22
NHANES-96920,United States,female,0-19,White,NA,2017-09-05
NHANES-96921,United States,male,40-59,White,College grad,1959-10-07
NHANES-96922,United States,male,40-59,White,Some college,1959-11-25
NHANES-96923,United States,female,0-19,White,NA,2008-01-23
NHANES-96924,United States,female,0-19,Black,NA,2002-01-09
NHANES-96925,United States,male,20-39,Other Hispanic,9-11th grade,1989-05-14
NHANES-96926,United States,male,40-59,White,College grad,1959-04-01
NHANES-96927,United States,male,60-79,White,College grad,1947-09-19
NHANES-96928,United States,male,60-79,Black,9-11th grade,1946-05-01
NHANES-96929,United States,female,0-19,Other,NA,2009-06-23
NHANES-96930,United States,male,60-79,White,College grad,1946-06-15
NHANES-96931,Other,female,0-19,Asian,NA,2006-09-16
NHANES-96932,United States,male,0-19,Other,NA,2016-10-21
NHANES-96933,United States,male,40-59,White,Some college,1958-10-20
NHANES-96934,United States,female,40-59,Black,Some college,1961-06-09
NHANES-96935,United States,male,40-59,White,Some college,1975-04-18
NHANES-96936,United States,female,0-19,Mexican American,NA,2010-04-30
NHANES-96937,United States,male,0-19,Asian,NA,2004-08-25
NHANES-96938,United States,female,60-79,Mexican American,Some college,1951-06-02
NHANES-96939,United States,female,20-39,White,High school,1986-03-13
NHANES-96940,United States,female,40-59,White,College grad,1958-07-16
NHANES-96941,United States,female,20-39,Black,College grad,1979-08-07
NHANES-96942,United States,male,0-19,Black,NA,2002-01-29
NHANES-96943,United States,male,0-19,Other,NA,2007-04-29
NHANES-96944,United States,female,60-79,Mexican American,High school,1947-09-03
NHANES-96945,United States,male,0-19,White,NA,1999-11-04
NHANES-96946,United States,male,60-79,Mexican American,9-11th grade,1941-05-11
NHANES-96947,United States,female,0-19,White,NA,2006-09-30
NHANES-96948,United States,male,20-39,Black,Some college,1984-05-16
NHANES-96949,United States,female,0-19,White,NA,2017-09-16
NHANES-96950,United States,female,0-19,Mexican American,NA,2011-12-14
NHANES-96951,United States,female,20-39,White,Some college,1981-08-18
NHANES-96952,United States,female,60-79,White,Some college,1953-11-05
NHANES-96953,United States,female,60-79,White,High school,1956-10-11
NHANES-96954,Other,male,40-59,Mexican American,Less than 9th grade,1963-08-20
NHANES-96955,Other,male,60-79,Asian,9-11th grade,1953-11-04
NHANES-96956,United States,male,60-79,White,9-11th grade,1947-01-06
NHANES-96957,United States,male,0-19,Mexican American,NA,2008-11-08
NHANES-96958,United States,female,20-39,Black,Some college,1992-05-22
NHANES-96959,Other,male,20-39,Asian,College grad,1984-11-22
NHANES-96960,United States,female,40-59,Black,Some college,1970-09-30
NHANES-96961,United States,male,0-19,Black,NA,2002-05-27
NHANES-96962,Other,female,60-79,Asian,College grad,1946-07-28
NHANES-96963,United States,female,0-19,Other,NA,2011-07-21
NHANES-96964,United States,female,60-79,Black,Some college,1951-09-14
NHANES-96965,Other,male,40-59,Other Hispanic,College grad,1965-06-02
NHANES-96966,United States,female,20-39,White,Some college,1992-11-19
NHANES-96967,Other,female,20-39,Asian,High school,1996-09-05
NHANES-96968,United States,male,0-19,Mexican American,NA,2005-05-02
NHANES-96969,Other,male,20-39,Mexican American,Less than 9th grade,1980-01-01
NHANES-96970,Other,female,40-59,Asian,High school,1968-09-12
NHANES-96971,United States,male,0-19,White,NA,2001-09-02
NHANES-96972,United States,female,60-79,Black,Some college,1954-09-11
NHANES-96973,United States,male,60-79,White,High school,1940-12-27
NHANES-96974,United States,male,0-19,White,NA,2015-02-12
NHANES-96975,United States,female,20-39,Black,Some college,1986-08-31
NHANES-96976,United States,male,60-79,White,High school,1954-11-29
NHANES-96977,United States,female,0-19,Other,NA,2009-06-05
NHANES-96978,United States,male,60-79,Black,Some college,1957-03-19
NHANES-96979,United States,female,20-39,Other Hispanic,Some college,1983-08-26
NHANES-96980,United States,male,0-19,White,NA,2002-11-07
NHANES-96981,United States,male,0-19,Other,NA,2004-08-12
NHANES-96982,United States,male,60-79,Black,Some college,1939-12-18
NHANES-96983,United States,male,80+,White,High school,1938-05-09
NHANES-96984,United States,female,20-39,Black,Some college,1979-08-30
NHANES-96985,United States,female,80+,White,9-11th grade,1937-12-08
NHANES-96986,United States,male,0-19,White,NA,2017-02-01
NHANES-96987,United States,female,40-59,Black,College grad,1967-05-16
NHANES-96988,United States,male,0-19,Asian,NA,2014-04-02
NHANES-96989,United States,female,60-79,Black,High school,1954-05-04
NHANES-96990,Other,male,20-39,Other Hispanic,Less than 9th grade,1986-09-17
NHANES-96991,United States,female,0-19,Asian,NA,2012-10-01
NHANES-96992,United States,male,20-39,Black,High school,1990-03-20
NHANES-96993,United States,male,40-59,White,Some college,1965-12-25
NHANES-96994,United States,male,60-79,Other Hispanic,9-11th grade,1956-07-13
NHANES-96995,United States,female,0-19,Black,NA,2010-08-27
NHANES-96996,Other,female,20-39,Other Hispanic,9-11th grade,1979-09-05
NHANES-96997,United States,male,0-19,White,NA,2008-03-08
NHANES-96998,United States,female,60-79,Other,Some college,1949-06-09
NHANES-96999,United States,female,0-19,Other Hispanic,NA,2016-07-19
NHANES-97000,Other,male,20-39,Asian,College grad,1984-04-27
NHANES-97001,United States,male,0-19,Other Hispanic,NA,2005-11-16
NHANES-97002,United States,female,0-19,Other,NA,2013-08-22
NHANES-97003,United States,male,20-39,White,Some college,1997-08-03
NHANES-97004,United States,female,0-19,Mexican American,NA,2000-11-22
NHANES-97005,United States,male,0-19,White,NA,2017-10-06
NHANES-97006,United States,male,0-19,Mexican American,NA,2012-07-24
NHANES-97007,United States,male,0-19,Mexican American,NA,2011-12-05
NHANES-97008,United States,male,0-19,Mexican American,NA,2005-02-04
NHANES-97009,United States,male,20-39,Black,Some college,1988-03-23
NHANES-97010,United States,female,20-39,Asian,College grad,1981-09-24
NHANES-97011,United States,female,20-39,White,Some college,1992-01-23
NHANES-97012,United States,female,0-19,Black,NA,2003-12-01
NHANES-97013,Other,male,40-59,Mexican American,9-11th grade,1967-06-06
NHANES-97014,United States,female,0-19,Black,NA,2013-07-09
NHANES-97015,United States,female,60-79,Black,Some college,1944-08-07
NHANES-97016,United States,female,0-19,Mexican American,NA,2013-03-03
NHANES-97017,United States,female,60-79,White,9-11th grade,1951-09-18
NHANES-97018,United States,male,20-39,Black,High school,1989-07-06
NHANES-97019,Other,male,40-59,Other Hispanic,Less than 9th grade,1973-12-09
NHANES-97020,United States,male,0-19,Black,NA,2005-03-29
NHANES-97021,United States,male,20-39,White,High school,1990-09-06
NHANES-97022,Other,male,40-59,Other Hispanic,High school,1972-08-30
NHANES-97023,United States,female,80+,Mexican American,Less than 9th grade,1937-06-12
NHANES-97024,United States,female,40-59,White,9-11th grade,1961-07-11
NHANES-97025,Other,female,20-39,Mexican American,Less than 9th grade,1981-12-22
NHANES-97026,United States,female,80+,White,High school,1938-05-01
NHANES-97027,United States,female,20-39,Asian,College grad,1992-05-16
NHANES-97028,United States,male,0-19,White,NA,1999-09-28
NHANES-97029,Other,male,40-59,Asian,College grad,1962-11-30
NHANES-97030,Other,female,40-59,Other Hispanic,College grad,1961-03-07
NHANES-97031,United States,male,60-79,Black,9-11th grade,1947-12-29
NHANES-97032,United States,male,40-59,White,High school,1966-12-29
NHANES-97033,United States,male,0-19,Mexican American,NA,2005-11-16
NHANES-97034,Other,female,20-39,White,Some college,1985-10-14
NHANES-97035,United States,female,20-39,Black,Some college,1981-07-25
NHANES-97036,United States,female,20-39,Black,College grad,1988-12-07
NHANES-97037,Other,male,20-39,Asian,College grad,1985-03-07
NHANES-97038,United States,female,40-59,White,High school,1964-04-04
NHANES-97039,Other,male,60-79,Asian,Some college,1941-01-15
NHANES-97040,United States,female,40-59,Black,High school,1959-10-23
NHANES-97041,United States,female,20-39,Black,Some college,1990-10-30
NHANES-97042,United States,female,20-39,White,College grad,1984-07-16
NHANES-97043,United States,female,0-19,Other,NA,2000-01-07
NHANES-97044,Other,female,20-39,Asian,College grad,1987-04-10
NHANES-97045,United States,male,0-19,White,NA,2010-04-01
NHANES-97046,United States,male,60-79,Black,Some college,1957-04-27
NHANES-97047,United States,male,0-19,White,NA,2008-01-09
NHANES-97048,United States,female,20-39,Black,Some college,1984-10-23
NHANES-97049,Other,male,40-59,Asian,College grad,1965-03-22
NHANES-97050,United States,male,0-19,White,NA,2005-03-26
NHANES-97051,Other,male,60-79,Asian,Less than 9th grade,1949-01-20
NHANES-97052,United States,male,0-19,White,NA,2011-03-23
NHANES-97053,United States,female,0-19,Mexican American,NA,2013-01-19
NHANES-97054,United States,male,40-59,White,9-11th grade,1977-07-28
NHANES-97055,United States,male,40-59,Mexican American,Some college,1963-07-17
NHANES-97056,United States,female,60-79,Other,College grad,1946-03-27
NHANES-97057,United States,female,20-39,Asian,College grad,1992-02-09
NHANES-97058,United States,female,80+,White,College grad,1937-02-20
NHANES-97059,United States,male,40-59,Black,Some college,1973-03-20
NHANES-97060,Other,male,20-39,Black,Some college,1997-01-19
NHANES-97061,United States,male,0-19,Black,NA,2016-08-25
NHANES-97062,United States,male,0-19,Black,NA,2013-08-23
NHANES-97063,United States,male,40-59,Black,High school,1967-01-04
NHANES-97064,United States,male,20-39,Mexican American,College grad,1993-07-08
NHANES-97065,United States,male,40-59,Black,High school,1976-05-27
NHANES-97066,United States,male,0-19,Mexican American,NA,2016-10-05
NHANES-97067,Other,male,40-59,Asian,College grad,1958-08-07
NHANES-97068,United States,female,0-19,Black,NA,2016-01-19
NHANES-97069,United States,female,0-19,Black,NA,2002-10-16
NHANES-97070,United States,male,0-19,Black,NA,2002-06-29
NHANES-97071,United States,female,20-39,Black,Some college,1986-06-30
NHANES-97072,United States,male,0-19,Black,NA,2015-01-16
NHANES-97073,United States,male,40-59,White,High school,1974-03-30
NHANES-97074,United States,female,0-19,Black,NA,2018-03-15
NHANES-97075,United States,female,0-19,Black,NA,2000-02-02
NHANES-97076,United States,male,0-19,White,NA,1998-04-23
NHANES-97077,United States,female,40-59,Black,Some college,1964-12-24
NHANES-97078,United States,female,20-39,Black,Some college,1988-06-10
NHANES-97079,United States,female,0-19,White,NA,2012-12-05
NHANES-97080,United States,female,80+,White,Some college,1937-12-17
NHANES-97081,United States,female,40-59,White,Some college,1976-07-17
NHANES-97082,United States,female,0-19,White,NA,2018-10-11
NHANES-97083,United States,male,0-19,Other Hispanic,NA,2017-09-14
NHANES-97084,United States,male,0-19,White,NA,2015-09-07
NHANES-97085,United States,female,0-19,Black,NA,2018-07-09
NHANES-97086,United States,female,0-19,Mexican American,NA,2016-02-06
NHANES-97087,United States,female,0-19,Black,NA,2010-08-23
NHANES-97088,United States,male,60-79,White,Some college,1957-04-20
NHANES-97089,Other,female,80+,Other Hispanic,Less than 9th grade,1938-02-09
NHANES-97090,United States,male,0-19,White,NA,2008-01-18
NHANES-97091,United States,female,0-19,White,NA,2009-01-15
NHANES-97092,United States,female,20-39,Black,Some college,1985-09-15
NHANES-97093,United States,female,20-39,Black,Some college,1981-11-12
NHANES-97094,United States,female,20-39,Asian,Some college,1987-11-17
NHANES-97095,United States,female,40-59,Other,Some college,1972-08-08
NHANES-97096,United States,female,60-79,White,Some college,1948-04-14
NHANES-97097,Other,male,40-59,Mexican American,Less than 9th grade,1964-06-07
NHANES-97098,Other,male,0-19,Other Hispanic,NA,1997-11-05
NHANES-97099,United States,female,60-79,White,College grad,1940-11-04
NHANES-97100,United States,female,20-39,White,Some college,1995-09-18
NHANES-97101,United States,female,0-19,Asian,NA,2014-03-17
NHANES-97102,United States,female,60-79,Other Hispanic,High school,1948-02-20
NHANES-97103,United States,female,20-39,Other Hispanic,College grad,1985-10-15
NHANES-97104,Other,male,20-39,Mexican American,Some college,1979-09-30
NHANES-97105,United States,male,40-59,Other,College grad,1961-07-19
NHANES-97106,United States,female,20-39,White,Some college,1998-06-08
NHANES-97107,United States,male,40-59,Other,Some college,1968-12-30
NHANES-97108,Other,male,40-59,Asian,College grad,1965-06-26
NHANES-97109,United States,female,60-79,White,Some college,1943-12-05
NHANES-97110,United States,male,0-19,Asian,NA,2008-01-18
NHANES-97111,Other,male,40-59,Asian,College grad,1974-10-11
NHANES-97112,United States,male,0-19,White,NA,2001-02-08
NHANES-97113,United States,female,0-19,White,NA,2016-07-20
NHANES-97114,Other,female,0-19,Asian,NA,2000-10-22
NHANES-97115,United States,male,60-79,Mexican American,High school,1953-02-01
NHANES-97116,United States,female,20-39,Mexican American,Some college,1995-01-17
NHANES-97117,Other,female,60-79,Mexican American,Some college,1954-03-16
NHANES-97118,United States,male,60-79,White,9-11th grade,1945-09-13
NHANES-97119,United States,female,0-19,Black,NA,2014-07-31
NHANES-97120,Other,female,80+,White,Less than 9th grade,1937-02-28
NHANES-97121,United States,female,40-59,Other,Some college,1974-02-05
NHANES-97122,United States,female,20-39,Black,Some college,1988-06-17
NHANES-97123,Other,female,40-59,Asian,9-11th grade,1971-10-21
NHANES-97124,United States,female,60-79,White,High school,1954-07-12
NHANES-97125,United States,male,40-59,Black,High school,1960-12-24
NHANES-97126,United States,male,0-19,White,NA,2014-02-07
NHANES-97127,United States,male,0-19,Mexican American,NA,1998-04-26
NHANES-97128,Other,female,20-39,Mexican American,High school,1989-02-06
NHANES-97129,Other,female,40-59,Asian,College grad,1977-07-17
NHANES-97130,United States,male,0-19,Asian,NA,1998-03-23
NHANES-97131,United States,female,40-59,Black,College grad,1964-01-04
NHANES-97132,United States,female,0-19,Asian,NA,2018-03-13
NHANES-97133,Other,female,60-79,Asian,High school,1952-11-17
NHANES-97134,United States,female,0-19,Mexican American,NA,2016-11-05
NHANES-97135,United States,male,0-19,White,NA,2003-11-09
NHANES-97136,United States,male,0-19,Mexican American,NA,2017-09-03
NHANES-97137,United States,female,20-39,Black,9-11th grade,1977-12-17
NHANES-97138,Other,female,40-59,White,High school,1970-11-28
NHANES-97139,Other,male,20-39,Mexican American,9-11th grade,1988-05-03
NHANES-97140,Other,female,40-59,Mexican American,Less than 9th grade,1975-04-03
NHANES-97141,United States,male,0-19,Asian,NA,2006-11-10
NHANES-97142,Other,female,40-59,Mexican American,Less than 9th grade,1973-11-12
NHANES-97143,United States,male,60-79,Mexican American,9-11th grade,1956-10-01
NHANES-97144,United States,male,0-19,White,NA,2000-05-26
NHANES-97145,United States,female,40-59,White,College grad,1971-03-12
NHANES-97146,United States,female,0-19,Other,NA,1998-09-03
NHANES-97147,Other,female,20-39,Other Hispanic,Less than 9th grade,1979-11-05
NHANES-97148,United States,female,0-19,Other,NA,2014-01-11
NHANES-97149,Other,female,60-79,Other Hispanic,College grad,1950-08-09
NHANES-97150,United States,male,40-59,Black,High school,1959-12-18
NHANES-97151,United States,female,0-19,Asian,NA,2011-09-21
NHANES-97152,United States,female,40-59,White,9-11th grade,1972-02-06
NHANES-97153,United States,male,20-39,White,Some college,1987-06-03
NHANES-97154,United States,male,0-19,Black,NA,2014-01-05
NHANES-97155,United States,male,40-59,White,9-11th grade,1964-11-26
NHANES-97156,Other,female,40-59,Asian,College grad,1973-03-12
NHANES-97157,United States,male,20-39,Mexican American,High school,1993-04-23
NHANES-97158,United States,male,0-19,Mexican American,NA,2016-11-30
NHANES-97159,United States,female,0-19,Black,NA,2010-09-29
NHANES-97160,United States,female,0-19,White,NA,2002-03-02
NHANES-97161,United States,male,60-79,Other,High school,1957-02-17
NHANES-97162,United States,female,40-59,White,Some college,1962-01-03
NHANES-97163,Other,male,40-59,Asian,9-11th grade,1962-11-24
NHANES-97164,United States,male,60-79,White,High school,1954-12-01
NHANES-97165,United States,female,60-79,Black,Some college,1951-02-25
NHANES-97166,Other,female,40-59,Mexican American,9-11th grade,1976-03-18
NHANES-97167,United States,female,0-19,White,NA,2004-11-01
NHANES-97168,United States,male,40-59,White,9-11th grade,1964-02-08
NHANES-97169,United States,female,60-79,Black,College grad,1950-04-22
NHANES-97170,United States,male,0-19,Other Hispanic,NA,2007-01-02
NHANES-97171,Other,female,60-79,Mexican American,9-11th grade,1942-05-05
NHANES-97172,United States,female,0-19,Black,NA,2011-09-22
NHANES-97173,United States,female,0-19,White,NA,1999-05-12
NHANES-97174,United States,female,20-39,Other,College grad,1992-08-18
NHANES-97175,United States,male,0-19,White,NA,2009-02-23
NHANES-97176,Other,female,40-59,Other Hispanic,High school,1960-01-04
NHANES-97177,Other,male,40-59,Mexican American,High school,1976-02-22
NHANES-97178,United States,female,40-59,Black,High school,1961-09-10
NHANES-97179,United States,female,0-19,Other Hispanic,NA,2004-03-06
NHANES-97180,United States,female,80+,White,High school,1937-03-25
NHANES-97181,Other,male,60-79,Other Hispanic,Less than 9th grade,1952-03-29
NHANES-97182,United States,male,0-19,Other,NA,1997-08-22
NHANES-97183,United States,female,20-39,Other Hispanic,College grad,1990-05-14
NHANES-97184,United States,female,0-19,White,NA,1998-08-11
NHANES-97185,United States,female,0-19,Mexican American,NA,2009-06-06
NHANES-97186,Other,male,40-59,Asian,Some college,1972-01-28
NHANES-97187,United States,male,0-19,Other,NA,2003-10-04
NHANES-97188,United States,female,80+,White,9-11th grade,1937-04-04
NHANES-97189,United States,male,60-79,Black,High school,1947-03-23
NHANES-97190,United States,female,0-19,White,NA,2017-06-04
NHANES-97191,Other,female,40-59,Mexican American,Less than 9th grade,1972-11-12
NHANES-97192,United States,female,60-79,Other Hispanic,College grad,1950-07-04
NHANES-97193,Other,male,20-39,Mexican American,Some college,1988-09-27
NHANES-97194,Other,male,60-79,Asian,College grad,1948-04-01
NHANES-97195,United States,male,0-19,Other Hispanic,NA,2017-03-20
NHANES-97196,United States,female,0-19,Other,NA,2016-11-15
NHANES-97197,Other,female,60-79,Black,High school,1955-09-04
NHANES-97198,United States,female,60-79,White,Some college,1944-03-24
NHANES-97199,United States,male,0-19,Other,NA,2002-02-19
NHANES-97200,United States,male,40-59,Black,Some college,1961-10-08
NHANES-97201,United States,male,60-79,Black,High school,1956-05-02
NHANES-97202,United States,male,0-19,White,NA,2011-08-16
NHANES-97203,United States,male,0-19,Other Hispanic,NA,2018-01-26
NHANES-97204,United States,female,80+,White,Some college,1936-06-21
NHANES-97205,United States,female,0-19,Black,NA,2015-04-03
NHANES-97206,United States,male,60-79,White,College grad,1949-07-28
NHANES-97207,United States,female,0-19,Mexican American,NA,2015-03-29
NHANES-97208,United States,male,20-39,Other,9-11th grade,1987-06-09
NHANES-97209,United States,female,60-79,White,High school,1946-04-13
NHANES-97210,Other,male,40-59,Mexican American,Less than 9th grade,1970-11-03
NHANES-97211,United States,female,40-59,Mexican American,9-11th grade,1963-08-04
NHANES-97212,United States,male,0-19,White,NA,2004-04-12
NHANES-97213,United States,female,0-19,Other Hispanic,NA,2009-09-16
NHANES-97214,United States,male,0-19,White,NA,2016-02-13
NHANES-97215,Other,female,60-79,Other Hispanic,Less than 9th grade,1946-07-05
NHANES-97216,Other,female,60-79,Asian,Less than 9th grade,1949-02-17
NHANES-97217,United States,female,20-39,Black,9-11th grade,1988-03-30
NHANES-97218,United States,male,0-19,White,NA,2002-02-14
NHANES-97219,United States,male,0-19,Mexican American,NA,2007-01-18
NHANES-97220,United States,male,0-19,Black,NA,2007-04-21
NHANES-97221,Other,male,60-79,Mexican American,Less than 9th grade,1940-01-31
NHANES-97222,United States,female,40-59,Black,Some college,1963-11-18
NHANES-97223,United States,male,20-39,Black,High school,1990-08-26
NHANES-97224,United States,female,60-79,White,High school,1946-06-16
NHANES-97225,United States,female,80+,White,High school,1936-10-19
NHANES-97226,United States,female,0-19,Other,NA,2016-10-31
NHANES-97227,Other,female,0-19,Asian,NA,2013-10-02
NHANES-97228,United States,male,40-59,White,9-11th grade,1968-11-06
NHANES-97229,United States,female,80+,White,College grad,1937-05-08
NHANES-97230,United States,male,0-19,Mexican American,NA,2007-01-03
NHANES-97231,Other,female,20-39,Asian,Some college,1991-07-22
NHANES-97232,United States,male,0-19,White,NA,2001-11-09
NHANES-97233,Other,male,60-79,Asian,College grad,1947-02-22
NHANES-97234,United States,female,20-39,Other,Some college,1984-03-29
NHANES-97235,United States,female,20-39,White,High school,1982-06-05
NHANES-97236,Other,male,40-59,Asian,College grad,1971-02-20
NHANES-97237,United States,female,80+,White,College grad,1938-09-14
NHANES-97238,United States,female,0-19,White,NA,2009-06-16
NHANES-97239,United States,female,0-19,Black,NA,2004-06-23
NHANES-97240,United States,female,0-19,Black,NA,2001-01-18
NHANES-97241,United States,male,0-19,White,NA,2002-02-24
NHANES-97242,United States,male,60-79,White,High school,1943-04-09
NHANES-97243,United States,female,0-19,Black,NA,2007-08-25
NHANES-97244,United States,female,0-19,White,NA,2005-03-15
NHANES-97245,United States,male,20-39,White,High school,1977-09-20
NHANES-97246,United States,female,0-19,Black,NA,2010-11-25
NHANES-97247,United States,male,40-59,Mexican American,High school,1973-07-16
NHANES-97248,Other,female,60-79,Other Hispanic,Less than 9th grade,1949-04-20
NHANES-97249,United States,female,20-39,Black,Some college,1997-07-22
NHANES-97250,United States,male,20-39,White,Some college,1986-02-20
NHANES-97251,Other,male,40-59,Black,College grad,1975-11-21
NHANES-97252,United States,female,60-79,White,College grad,1948-07-25
NHANES-97253,United States,female,40-59,Black,9-11th grade,1960-08-21
NHANES-97254,United States,male,0-19,Mexican American,NA,2015-04-22
NHANES-97255,United States,male,20-39,Black,Some college,1988-07-23
NHANES-97256,United States,male,40-59,White,Some college,1960-03-17
NHANES-97257,Other,female,20-39,Mexican American,High school,1990-03-29
NHANES-97258,United States,female,0-19,Other,NA,2004-02-13
NHANES-97259,United States,male,40-59,Black,High school,1959-08-20
NHANES-97260,Other,female,40-59,Other Hispanic,Less than 9th grade,1973-05-04
NHANES-97261,United States,male,0-19,White,NA,1997-07-30
NHANES-97262,Other,female,0-19,Mexican American,NA,2000-06-14
NHANES-97263,United States,female,40-59,Asian,College grad,1976-11-11
NHANES-97264,Other,female,60-79,Mexican American,College grad,1950-11-28
NHANES-97265,United States,male,0-19,Black,NA,2010-09-28
NHANES-97266,United States,male,40-59,Other,Some college,1973-01-26
NHANES-97267,United States,male,0-19,Mexican American,NA,2011-08-14
NHANES-97268,United States,male,80+,White,Less than 9th grade,1938-04-01
NHANES-97269,United States,female,0-19,White,NA,2007-11-17
NHANES-97270,United States,female,20-39,Black,9-11th grade,1980-11-06
NHANES-97271,United States,female,0-19,Black,NA,2011-06-26
NHANES-97272,United States,female,80+,Black,9-11th grade,1937-06-12
NHANES-97273,United States,male,0-19,White,NA,2006-06-07
NHANES-97274,United States,male,80+,Other,High school,1936-07-06
NHANES-97275,United States,female,20-39,Black,High school,1977-10-18
NHANES-97276,United States,female,0-19,Mexican American,NA,2018-02-23
NHANES-97277,United States,male,40-59,Mexican American,9-11th grade,1969-05-09
NHANES-97278,United States,female,20-39,Black,Some college,1990-10-15
NHANES-97279,United States,female,0-19,White,NA,2001-06-12
NHANES-97280,Other,male,40-59,Mexican American,9-11th grade,1969-11-15
NHANES-97281,United States,female,0-19,Mexican American,NA,2006-03-28
NHANES-97282,United States,female,60-79,Black,9-11th grade,1952-06-19
NHANES-97283,Other,male,40-59,Asian,College grad,1966-05-15
NHANES-97284,United States,female,40-59,White,Some college,1964-09-09
NHANES-97285,Other,male,0-19,Other Hispanic,NA,1997-11-14
NHANES-97286,United States,male,0-19,White,NA,2015-06-09
NHANES-97287,United States,female,0-19,Other,NA,1999-09-02
NHANES-97288,United States,female,0-19,Other Hispanic,NA,2015-10-10
NHANES-97289,United States,female,40-59,White,Some college,1969-02-11
NHANES-97290,United States,male,0-19,Asian,NA,2006-11-27
NHANES-97291,United States,female,0-19,Mexican American,NA,2005-09-28
NHANES-97292,United States,male,0-19,Black,NA,2002-01-18
NHANES-97293,Other,female,20-39,Mexican American,College grad,1990-02-23
NHANES-97294,United States,male,0-19,White,NA,2016-10-03
NHANES-97295,United States,female,0-19,Mexican American,NA,2014-09-21
NHANES-97296,United States,male,0-19,White,NA,2016-01-23
NHANES-97297,Other,female,60-79,Mexican American,Less than 9th grade,1956-04-10
NHANES-97298,United States,female,0-19,Mexican American,NA,2003-09-15
NHANES-97299,United States,male,40-59,White,College grad,1957-09-17
NHANES-97300,United States,male,0-19,Mexican American,NA,2017-03-31
NHANES-97301,United States,male,60-79,Black,College grad,1953-11-17
NHANES-97302,United States,male,0-19,White,NA,2005-05-04
NHANES-97303,United States,female,0-19,Asian,NA,2009-04-18
NHANES-97304,Other,female,20-39,Mexican American,High school,1990-11-30
NHANES-97305,United States,male,60-79,White,High school,1953-03-01
NHANES-97306,NA,female,20-39,Mexican American,High school,1997-07-19
NHANES-97307,United States,male,60-79,White,High school,1955-03-14
NHANES-97308,United States,female,40-59,White,Some college,1966-12-02
NHANES-97309,United States,female,0-19,Mexican American,NA,2015-01-23
NHANES-97310,United States,female,0-19,Black,NA,2015-12-02
NHANES-97311,United States,male,0-19,Black,NA,2016-02-14
NHANES-97312,United States,female,0-19,Black,NA,2012-02-03
NHANES-97313,United States,female,0-19,White,NA,1999-11-25
NHANES-97314,United States,female,20-39,Other,College grad,1987-01-24
NHANES-97315,Other,male,0-19,Other Hispanic,NA,2004-02-17
NHANES-97316,Other,male,20-39,Mexican American,Some college,1990-12-01
NHANES-97317,United States,female,0-19,Mexican American,NA,2016-08-11
NHANES-97318,United States,female,0-19,Mexican American,NA,2016-11-10
NHANES-97319,United States,male,20-39,White,High school,1985-01-11
NHANES-97320,United States,male,60-79,Black,Some college,1951-07-22
NHANES-97321,Other,male,20-39,Asian,College grad,1980-06-09
NHANES-97322,United States,female,20-39,Black,Some college,1984-12-18
NHANES-97323,Other,female,60-79,Asian,College grad,1949-11-15
NHANES-97324,United States,female,0-19,White,NA,1998-08-20
NHANES-97325,Other,female,20-39,Mexican American,High school,1991-05-30
NHANES-97326,Other,male,60-79,Asian,Some college,1953-08-02
NHANES-97327,United States,male,60-79,Black,College grad,1941-05-28
NHANES-97328,United States,female,0-19,Black,NA,2008-09-11
NHANES-97329,United States,female,0-19,White,NA,2001-01-26
NHANES-97330,United States,male,60-79,White,Some college,1945-06-17
NHANES-97331,United States,female,0-19,Asian,NA,2014-05-09
NHANES-97332,United States,female,80+,White,High school,1936-04-06
NHANES-97333,Other,female,40-59,Asian,College grad,1970-06-23
NHANES-97334,United States,female,60-79,White,Some college,1944-11-16
NHANES-97335,United States,female,0-19,Other,NA,2004-05-25
NHANES-97336,Other,female,40-59,Asian,High school,1959-10-29
NHANES-97337,United States,male,60-79,Black,College grad,1946-11-25
NHANES-97338,United States,female,20-39,Other,High school,1981-01-14
NHANES-97339,United States,male,80+,White,9-11th grade,1936-12-14
NHANES-97340,United States,female,0-19,Black,NA,2007-10-30
NHANES-97341,United States,male,0-19,White,NA,2009-09-04
NHANES-97342,United States,female,40-59,Black,Some college,1967-11-08
NHANES-97343,Other,female,40-59,White,High school,1959-10-30
NHANES-97344,United States,male,0-19,Black,NA,2006-11-26
NHANES-97345,Other,male,0-19,Asian,NA,1999-07-05
NHANES-97346,United States,female,0-19,Asian,NA,2014-02-26
NHANES-97347,United States,male,0-19,White,NA,2018-07-15
NHANES-97348,Other,female,60-79,Asian,Less than 9th grade,1949-06-15
NHANES-97349,Other,female,20-39,Asian,College grad,1987-05-30
NHANES-97350,United States,female,0-19,Black,NA,2006-10-05
NHANES-97351,United States,female,0-19,White,NA,2004-07-23
NHANES-97352,United States,male,40-59,White,High school,1971-04-25
NHANES-97353,United States,male,80+,White,College grad,1938-04-27
NHANES-97354,United States,female,20-39,Other Hispanic,High school,1985-07-18
NHANES-97355,United States,female,0-19,White,NA,2017-01-05
NHANES-97356,United States,female,20-39,Mexican American,High school,1987-11-24
NHANES-97357,United States,male,60-79,Black,High school,1955-01-16
NHANES-97358,United States,female,0-19,White,NA,2001-07-17
NHANES-97359,United States,female,0-19,White,NA,2000-10-09
NHANES-97360,Other,male,60-79,Black,College grad,1953-12-01
NHANES-97361,United States,male,40-59,Other,Some college,1962-12-04
NHANES-97362,United States,male,20-39,White,Some college,1996-07-11
NHANES-97363,United States,male,0-19,White,NA,2012-10-20
NHANES-97364,Other,female,20-39,Asian,9-11th grade,1984-07-31
NHANES-97365,United States,female,40-59,White,High school,1968-11-04
NHANES-97366,United States,male,0-19,White,NA,2005-07-03
NHANES-97367,United States,female,60-79,White,High school,1956-07-15
NHANES-97368,United States,female,0-19,White,NA,2009-01-31
NHANES-97369,United States,female,40-59,White,High school,1964-06-29
NHANES-97370,Other,female,60-79,Other Hispanic,College grad,1954-07-02
NHANES-97371,United States,female,40-59,White,College grad,1960-10-02
NHANES-97372,United States,female,0-19,Mexican American,NA,2000-10-28
NHANES-97373,United States,female,40-59,White,Some college,1975-11-05
NHANES-97374,United States,male,60-79,White,High school,1951-05-25
NHANES-97375,United States,male,60-79,Other,High school,1945-10-28
NHANES-97376,Other,female,80+,Asian,High school,1937-09-25
NHANES-97377,United States,female,0-19,White,NA,2003-01-23
NHANES-97378,Other,female,0-19,Black,NA,1998-07-16
NHANES-97379,Other,male,20-39,Other Hispanic,High school,1978-09-10
NHANES-97380,Other,male,20-39,Asian,Some college,1996-06-14
NHANES-97381,United States,male,60-79,Black,High school,1948-09-17
NHANES-97382,Other,male,20-39,Asian,College grad,1982-04-15
NHANES-97383,United States,male,40-59,White,College grad,1963-05-14
NHANES-97384,United States,male,20-39,Mexican American,Some college,1987-05-23
NHANES-97385,United States,female,0-19,Mexican American,NA,2004-12-24
NHANES-97386,United States,male,60-79,Other,High school,1957-06-20
NHANES-97387,United States,male,0-19,White,NA,2004-02-05
NHANES-97388,United States,female,60-79,Black,High school,1950-08-05
NHANES-97389,United States,male,80+,Black,Less than 9th grade,1937-04-09
NHANES-97390,United States,male,60-79,White,College grad,1940-07-10
NHANES-97391,Other,male,60-79,Mexican American,Less than 9th grade,1950-03-04
NHANES-97392,United States,female,0-19,Black,NA,1997-09-23
NHANES-97393,United States,male,0-19,Black,NA,2015-01-25
NHANES-97394,United States,male,0-19,Asian,NA,2002-07-22
NHANES-97395,United States,male,0-19,White,NA,2000-08-15
NHANES-97396,Other,male,40-59,Black,High school,1971-07-12
NHANES-97397,United States,female,80+,White,High school,1936-07-07
NHANES-97398,Other,male,60-79,Asian,College grad,1949-02-15
NHANES-97399,Other,female,0-19,Other Hispanic,NA,2011-06-13
NHANES-97400,United States,male,0-19,White,NA,1998-01-20
NHANES-97401,United States,male,0-19,White,NA,2007-11-15
NHANES-97402,Other,female,20-39,Asian,College grad,1994-05-09
NHANES-97403,Other,male,80+,Asian,9-11th grade,1937-11-30
NHANES-97404,United States,female,0-19,White,NA,2009-03-27
NHANES-97405,United States,female,0-19,White,NA,2013-08-09
NHANES-97406,United States,female,0-19,White,NA,2010-01-11
NHANES-97407,United States,male,40-59,Black,Some college,1963-04-22
NHANES-97408,United States,male,60-79,White,High school,1949-12-23
NHANES-97409,Other,male,20-39,Asian,College grad,1984-04-04
NHANES-97410,Other,female,40-59,Mexican American,Less than 9th grade,1971-01-13
NHANES-97411,United States,female,0-19,Mexican American,NA,2002-04-23
NHANES-97412,United States,male,60-79,White,9-11th grade,1944-12-26
NHANES-97413,United States,male,0-19,Mexican American,NA,2008-09-05
NHANES-97414,United States,male,0-19,White,NA,2014-04-23
NHANES-97415,Other,male,40-59,Asian,College grad,1963-12-03
NHANES-97416,United States,male,0-19,Mexican American,NA,2007-12-27
NHANES-97417,Other,female,60-79,Asian,College grad,1939-12-14
NHANES-97418,United States,female,40-59,White,High school,1970-10-10
NHANES-97419,Other,female,40-59,Asian,College grad,1961-11-12
NHANES-97420,United States,male,40-59,Other Hispanic,College grad,1965-07-30
NHANES-97421,United States,female,0-19,Mexican American,NA,2011-12-18
NHANES-97422,United States,male,80+,White,Less than 9th grade,1936-12-12
NHANES-97423,Other,female,20-39,Other Hispanic,High school,1985-04-21
NHANES-97424,United States,female,20-39,White,Some college,1980-02-15
NHANES-97425,United States,male,0-19,White,NA,1998-07-03
NHANES-97426,United States,male,0-19,White,NA,2013-08-14
NHANES-97427,United States,male,0-19,Black,NA,2008-03-29
NHANES-97428,United States,male,60-79,White,Some college,1940-02-27
NHANES-97429,United States,male,40-59,White,High school,1965-10-26
NHANES-97430,United States,male,20-39,Mexican American,College grad,1985-10-28
NHANES-97431,Other,female,0-19,Asian,NA,2007-03-08
NHANES-97432,United States,male,0-19,Black,NA,1998-04-01
NHANES-97433,United States,female,0-19,White,NA,2012-10-04
NHANES-97434,United States,female,0-19,Black,NA,2016-03-20
NHANES-97435,United States,male,0-19,Black,NA,2012-09-09
NHANES-97436,Other,male,40-59,Asian,College grad,1971-10-04
NHANES-97437,Other,male,40-59,Asian,College grad,1969-04-01
NHANES-97438,United States,male,0-19,White,NA,2006-03-14
NHANES-97439,United States,male,0-19,Black,NA,2013-10-04
NHANES-97440,United States,female,0-19,White,NA,2011-06-18
NHANES-97441,United States,male,60-79,Black,High school,1957-03-22
NHANES-97442,United States,female,0-19,White,NA,2010-12-02
NHANES-97443,United States,female,40-59,White,Some college,1961-01-16
NHANES-97444,Other,male,40-59,Mexican American,9-11th grade,1958-12-04
NHANES-97445,United States,male,40-59,Black,High school,1966-03-21
NHANES-97446,Other,male,40-59,Mexican American,Less than 9th grade,1966-03-05
NHANES-97447,United States,female,40-59,White,9-11th grade,1961-01-14
NHANES-97448,United States,male,0-19,Mexican American,NA,2001-11-05
NHANES-97449,United States,female,20-39,Other,Some college,1980-11-09
NHANES-97450,United States,female,20-39,Black,College grad,1990-06-15
NHANES-97451,Other,female,20-39,Other Hispanic,College grad,1984-04-22
NHANES-97452,Other,female,40-59,Asian,Some college,1970-04-25
NHANES-97453,Other,male,60-79,Mexican American,Less than 9th grade,1951-02-03
NHANES-97454,United States,male,0-19,Black,NA,2009-06-08
NHANES-97455,United States,female,80+,White,High school,1937-05-19
NHANES-97456,United States,female,20-39,Black,College grad,1979-06-30
NHANES-97457,United States,female,0-19,Asian,NA,2012-11-09
NHANES-97458,United States,female,20-39,White,College grad,1983-01-12
NHANES-97459,United States,male,0-19,White,NA,2016-07-23
NHANES-97460,United States,female,60-79,Black,High school,1957-01-04
NHANES-97461,United States,female,0-19,Black,NA,2012-11-14
NHANES-97462,United States,male,40-59,Other Hispanic,Some college,1967-09-22
NHANES-97463,Other,female,20-39,Asian,College grad,1984-01-19
NHANES-97464,United States,male,40-59,White,Less than 9th grade,1963-02-09
NHANES-97465,Other,male,20-39,Mexican American,9-11th grade,1980-10-20
NHANES-97466,United States,female,0-19,Mexican American,NA,2013-04-14
NHANES-97467,Other,female,0-19,Mexican American,NA,2008-06-08
NHANES-97468,United States,male,40-59,White,Some college,1970-10-01
NHANES-97469,United States,female,20-39,Black,High school,1988-09-05
NHANES-97470,United States,female,0-19,Black,NA,2009-04-19
NHANES-97471,United States,female,80+,White,High school,1937-03-17
NHANES-97472,Other,male,40-59,Asian,Some college,1959-12-11
NHANES-97473,Other,male,40-59,Asian,College grad,1965-03-22
NHANES-97474,United States,male,20-39,White,Some college,1998-11-05
NHANES-97475,United States,male,0-19,Mexican American,NA,2006-10-24
NHANES-97476,United States,female,0-19,Mexican American,NA,2017-06-23
NHANES-97477,United States,female,0-19,Mexican American,NA,2007-09-18
NHANES-97478,Other,female,40-59,Mexican American,Less than 9th grade,1969-03-19
NHANES-97479,United States,female,0-19,Mexican American,NA,2015-11-28
NHANES-97480,United States,female,0-19,Other,NA,2017-01-22
NHANES-97481,United States,male,80+,Mexican American,Some college,1936-04-21
NHANES-97482,United States,female,60-79,White,9-11th grade,1948-06-01
NHANES-97483,United States,male,0-19,White,NA,1998-06-15
NHANES-97484,Other,male,40-59,Black,Some college,1961-08-05
NHANES-97485,Other,female,20-39,White,College grad,1983-05-23
NHANES-97486,United States,female,60-79,Black,NA,1948-09-02
NHANES-97487,Other,female,40-59,Asian,High school,1963-11-27
NHANES-97488,United States,female,80+,White,College grad,1936-09-30
NHANES-97489,United States,female,0-19,White,NA,2015-09-11
NHANES-97490,United States,male,0-19,White,NA,1999-10-06
NHANES-97491,United States,female,0-19,Other Hispanic,NA,2012-08-31
NHANES-97492,United States,male,40-59,White,9-11th grade,1971-12-27
NHANES-97493,United States,female,0-19,Other,NA,2015-01-24
NHANES-97494,United States,female,0-19,Other,NA,2008-03-27
NHANES-97495,United States,female,40-59,Black,Some college,1974-02-22
NHANES-97496,United States,female,0-19,White,NA,2007-10-17
NHANES-97497,United States,male,20-39,Black,Some college,1993-10-10
NHANES-97498,United States,female,0-19,Mexican American,NA,2006-05-04
NHANES-97499,United States,female,0-19,Black,NA,2013-12-27
NHANES-97500,United States,female,60-79,Black,Some college,1944-05-05
NHANES-97501,Other,female,40-59,Other Hispanic,Some college,1964-07-16
NHANES-97502,United States,male,80+,White,Some college,1938-05-11
NHANES-97503,United States,male,0-19,White,NA,2008-01-31
NHANES-97504,United States,male,0-19,White,NA,2007-02-07
NHANES-97505,United States,male,60-79,White,High school,1944-05-15
NHANES-97506,United States,male,60-79,Other,Some college,1949-02-16
NHANES-97507,United States,female,20-39,Other Hispanic,Some college,1997-09-29
NHANES-97508,Other,male,20-39,Asian,College grad,1989-03-06
NHANES-97509,United States,female,40-59,White,High school,1971-06-19
NHANES-97510,United States,female,60-79,Black,Some college,1956-02-09
NHANES-97511,United States,male,0-19,Black,NA,2012-09-24
NHANES-97512,United States,male,80+,White,High school,1937-12-05
NHANES-97513,United States,male,40-59,Black,High school,1962-12-04
NHANES-97514,United States,female,0-19,White,NA,2010-12-07
NHANES-97515,United States,female,60-79,White,College grad,1948-12-22
NHANES-97516,Other,female,60-79,Other Hispanic,High school,1954-11-23
NHANES-97517,United States,male,0-19,White,NA,2000-09-14
NHANES-97518,United States,male,80+,White,College grad,1938-01-28
NHANES-97519,United States,male,20-39,Black,Some college,1985-02-15
NHANES-97520,United States,female,40-59,Black,High school,1960-07-05
NHANES-97521,United States,male,40-59,Mexican American,High school,1964-07-22
NHANES-97522,Other,female,20-39,Mexican American,Some college,1996-12-11
NHANES-97523,United States,male,80+,White,Some college,1938-01-27
NHANES-97524,United States,female,40-59,White,College grad,1973-09-29
NHANES-97525,United States,female,0-19,Black,NA,2006-02-13
NHANES-97526,United States,female,20-39,White,Some college,1984-06-20
NHANES-97527,United States,male,60-79,Black,Some college,1955-03-05
NHANES-97528,United States,female,0-19,White,NA,2005-10-29
NHANES-97529,United States,female,0-19,Mexican American,NA,2011-11-20
NHANES-97530,United States,female,0-19,White,NA,2006-09-22
NHANES-97531,United States,female,20-39,Other Hispanic,Some college,1994-05-03
NHANES-97532,United States,male,20-39,Black,High school,1990-09-18
NHANES-97533,Other,male,20-39,Asian,College grad,1988-03-22
NHANES-97534,United States,male,0-19,Black,NA,2016-08-07
NHANES-97535,United States,female,60-79,Other Hispanic,Some college,1953-07-27
NHANES-97536,United States,male,80+,White,9-11th grade,1937-06-13
NHANES-97537,Other,female,20-39,Other Hispanic,Some college,1977-03-09
NHANES-97538,Other,female,40-59,Other Hispanic,College grad,1963-11-16
NHANES-97539,United States,male,40-59,White,Some college,1977-04-12
NHANES-97540,United States,female,0-19,Other Hispanic,NA,2015-04-17
NHANES-97541,United States,male,20-39,Black,High school,1979-02-14
NHANES-97542,United States,female,0-19,Mexican American,NA,2010-02-26
NHANES-97543,United States,male,0-19,White,NA,2017-07-05
NHANES-97544,United States,male,0-19,Black,NA,1998-09-13
NHANES-97545,United States,female,0-19,White,NA,2005-06-06
NHANES-97546,United States,male,0-19,White,NA,2011-11-06
NHANES-97547,United States,female,0-19,Black,NA,2005-01-22
NHANES-97548,Other,female,40-59,Other,College grad,1968-04-30
NHANES-97549,United States,female,0-19,Black,NA,2004-09-22
NHANES-97550,United States,female,40-59,White,College grad,1970-12-08
NHANES-97551,United States,female,0-19,Other,NA,2004-01-30
NHANES-97552,United States,female,0-19,Asian,NA,2005-09-29
NHANES-97553,United States,female,0-19,Black,NA,2018-02-05
NHANES-97554,United States,male,40-59,White,9-11th grade,1969-03-07
NHANES-97555,United States,female,40-59,Mexican American,High school,1968-03-09
NHANES-97556,United States,male,0-19,White,NA,2016-01-18
NHANES-97557,Other,female,60-79,White,Some college,1953-09-29
NHANES-97558,United States,female,40-59,White,High school,1961-01-27
NHANES-97559,United States,male,0-19,Black,NA,2018-07-10
NHANES-97560,Other,male,40-59,Mexican American,Some college,1961-04-14
NHANES-97561,Other,male,40-59,Black,College grad,1972-05-05
NHANES-97562,United States,male,0-19,White,NA,2009-09-08
NHANES-97563,Other,female,60-79,Mexican American,Less than 9th grade,1955-10-24
NHANES-97564,United States,male,0-19,White,NA,2001-11-30
NHANES-97565,United States,male,0-19,White,NA,2017-02-22
NHANES-97566,United States,male,0-19,Other Hispanic,NA,2018-10-22
NHANES-97567,United States,female,0-19,Other,NA,2016-01-12
NHANES-97568,United States,male,40-59,Other Hispanic,College grad,1976-06-25
NHANES-97569,United States,male,40-59,Black,College grad,1976-03-11
NHANES-97570,Other,female,40-59,Asian,College grad,1966-07-08
NHANES-97571,United States,male,40-59,White,9-11th grade,1964-05-07
NHANES-97572,United States,male,40-59,White,High school,1967-05-25
NHANES-97573,Other,female,60-79,Asian,9-11th grade,1956-06-28
NHANES-97574,Other,female,40-59,Asian,9-11th grade,1973-09-29
NHANES-97575,United States,female,20-39,White,College grad,1993-11-25
NHANES-97576,United States,male,20-39,Mexican American,High school,1985-02-23
NHANES-97577,United States,female,40-59,White,Some college,1961-09-22
NHANES-97578,Other,male,40-59,Mexican American,Less than 9th grade,1976-03-17
NHANES-97579,United States,female,0-19,White,NA,2014-12-03
NHANES-97580,United States,male,20-39,Mexican American,Some college,1991-10-06
NHANES-97581,United States,male,20-39,Asian,Some college,1994-07-26
NHANES-97582,Other,male,60-79,Mexican American,Less than 9th grade,1953-05-28
NHANES-97583,United States,female,0-19,Mexican American,NA,2008-04-29
NHANES-97584,United States,female,0-19,Black,NA,2003-01-02
NHANES-97585,United States,male,20-39,White,College grad,1996-11-11
NHANES-97586,United States,female,0-19,White,NA,2008-10-11
NHANES-97587,United States,female,0-19,Mexican American,NA,2010-12-04
NHANES-97588,Other,male,40-59,Asian,College grad,1961-08-29
NHANES-97589,United States,female,0-19,Other Hispanic,NA,1998-09-19
NHANES-97590,United States,male,60-79,Black,High school,1949-04-28
NHANES-97591,United States,male,20-39,White,Some college,1988-12-21
NHANES-97592,Other,male,60-79,Asian,9-11th grade,1954-10-03
NHANES-97593,United States,female,60-79,Black,College grad,1957-01-21
NHANES-97594,Other,female,40-59,Asian,College grad,1962-02-22
NHANES-97595,United States,male,20-39,Other,College grad,1980-12-16
NHANES-97596,United States,female,0-19,White,NA,2004-12-26
NHANES-97597,United States,female,60-79,Black,Some college,1941-04-20
NHANES-97598,Other,female,40-59,Mexican American,High school,1978-01-19
NHANES-97599,United States,male,0-19,Black,NA,2016-04-10
NHANES-97600,Other,female,20-39,Asian,Some college,1994-05-27
NHANES-97601,Other,female,20-39,Other Hispanic,Some college,1994-10-30
NHANES-97602,United States,female,40-59,Black,Some college,1978-07-04
NHANES-97603,Other,male,20-39,Black,9-11th grade,1978-09-21
NHANES-97604,Other,male,0-19,Asian,NA,2016-06-08
NHANES-97605,United States,female,60-79,White,Some college,1950-06-28
NHANES-97606,United States,female,80+,Black,Some college,1937-07-06
NHANES-97607,Other,male,0-19,Mexican American,NA,2001-08-23
NHANES-97608,Other,male,60-79,Asian,College grad,1939-05-27
NHANES-97609,United States,male,60-79,Other,Some college,1950-11-20
NHANES-97610,United States,male,20-39,Other Hispanic,College grad,1988-09-21
NHANES-97611,United States,male,60-79,Other,Some college,1949-01-12
NHANES-97612,United States,male,0-19,White,NA,2017-09-28
NHANES-97613,United States,female,0-19,Mexican American,NA,2009-10-30
NHANES-97614,United States,female,0-19,Black,NA,2014-07-09
NHANES-97615,United States,male,40-59,Black,Some college,1971-08-08
NHANES-97616,United States,female,0-19,White,NA,2014-12-06
NHANES-97617,United States,male,20-39,Black,Some college,1987-09-17
NHANES-97618,United States,male,60-79,Mexican American,College grad,1953-04-21
NHANES-97619,United States,male,60-79,White,Some college,1952-06-15
NHANES-97620,United States,female,40-59,Other,Some college,1975-12-17
NHANES-97621,United States,female,0-19,Black,NA,1999-05-31
NHANES-97622,United States,male,0-19,Mexican American,NA,2010-02-18
NHANES-97623,Other,female,60-79,Asian,College grad,1945-04-02
NHANES-97624,Other,female,20-39,Asian,College grad,1984-07-06
NHANES-97625,United States,male,0-19,White,NA,2005-06-08
NHANES-97626,United States,female,60-79,White,Some college,1944-01-26
NHANES-97627,United States,female,20-39,White,Some college,1983-03-03
NHANES-97628,United States,male,0-19,White,NA,2018-06-25
NHANES-97629,United States,female,20-39,White,High school,1984-03-22
NHANES-97630,United States,female,60-79,White,Some college,1939-02-07
NHANES-97631,United States,female,0-19,Black,NA,1999-04-22
NHANES-97632,United States,male,0-19,Black,NA,2007-10-03
NHANES-97633,United States,male,20-39,Mexican American,Some college,1995-02-27
NHANES-97634,United States,male,0-19,Mexican American,NA,2016-05-29
NHANES-97635,United States,female,40-59,Other Hispanic,College grad,1960-05-24
NHANES-97636,United States,female,0-19,White,NA,2018-10-16
NHANES-97637,United States,female,0-19,Black,NA,2015-04-09
NHANES-97638,United States,male,40-59,Black,High school,1966-03-30
NHANES-97639,United States,male,60-79,White,9-11th grade,1956-12-26
NHANES-97640,United States,male,40-59,Mexican American,High school,1977-09-13
NHANES-97641,United States,female,40-59,White,Some college,1967-12-07
NHANES-97642,United States,male,60-79,White,High school,1943-06-26
NHANES-97643,United States,female,40-59,White,College grad,1977-03-29
NHANES-97644,Other,male,20-39,Other Hispanic,High school,1993-12-21
NHANES-97645,United States,male,0-19,Other Hispanic,NA,2017-06-06
NHANES-97646,United States,female,0-19,Mexican American,NA,2008-11-06
NHANES-97647,United States,female,0-19,Asian,NA,2003-10-31
NHANES-97648,United States,female,20-39,White,College grad,1985-02-12
NHANES-97649,Other,female,60-79,White,Some college,1947-11-20
NHANES-97650,United States,female,60-79,Black,College grad,1948-01-29
NHANES-97651,United States,female,0-19,Other Hispanic,NA,2001-12-28
NHANES-97652,United States,male,0-19,White,NA,2001-07-23
NHANES-97653,United States,female,0-19,White,NA,2015-11-19
NHANES-97654,United States,female,0-19,Asian,NA,2014-05-26
NHANES-97655,United States,male,0-19,White,NA,2017-08-07
NHANES-97656,United States,male,60-79,Asian,College grad,1957-05-15
NHANES-97657,United States,female,60-79,White,Some college,1956-12-15
NHANES-97658,United States,female,0-19,White,NA,2013-02-10
NHANES-97659,Other,male,40-59,Other Hispanic,High school,1971-10-07
NHANES-97660,United States,female,0-19,White,NA,2012-08-29
NHANES-97661,Other,female,20-39,Black,Less than 9th grade,1979-09-10
NHANES-97662,United States,male,60-79,White,College grad,1945-02-03
NHANES-97663,United States,male,0-19,Mexican American,NA,2016-06-28
NHANES-97664,United States,male,0-19,White,NA,2007-08-24
NHANES-97665,United States,female,0-19,White,NA,2015-02-13
NHANES-97666,United States,male,60-79,Black,College grad,1947-10-06
NHANES-97667,United States,female,60-79,Black,9-11th grade,1956-06-04
NHANES-97668,United States,male,60-79,White,Some college,1940-12-12
NHANES-97669,United States,female,0-19,White,NA,2002-08-03
NHANES-97670,United States,female,20-39,Other,Some college,1990-09-10
NHANES-97671,Other,female,20-39,Other Hispanic,Less than 9th grade,1996-10-20
NHANES-97672,Other,female,40-59,Mexican American,9-11th grade,1972-05-27
NHANES-97673,United States,male,0-19,White,NA,2017-01-11
NHANES-97674,United States,female,0-19,Mexican American,NA,2008-04-26
NHANES-97675,United States,female,40-59,Black,High school,1977-03-26
NHANES-97676,Other,male,60-79,Asian,College grad,1954-09-25
NHANES-97677,United States,male,0-19,Black,NA,2009-09-14
NHANES-97678,United States,male,0-19,Other,NA,2006-05-23
NHANES-97679,Other,female,0-19,Asian,NA,2013-02-12
NHANES-97680,United States,male,0-19,Mexican American,NA,2018-07-13
NHANES-97681,United States,male,0-19,Mexican American,NA,2011-07-08
NHANES-97682,United States,male,40-59,White,9-11th grade,1964-11-11
NHANES-97683,Other,female,40-59,Mexican American,Less than 9th grade,1968-04-26
NHANES-97684,United States,female,40-59,White,College grad,1971-12-05
NHANES-97685,United States,male,20-39,Other Hispanic,Some college,1994-12-20
NHANES-97686,United States,female,0-19,Mexican American,NA,2008-12-28
NHANES-97687,Other,male,20-39,Black,Some college,1995-01-26
NHANES-97688,United States,female,40-59,Black,Some college,1960-09-13
NHANES-97689,United States,male,60-79,White,High school,1958-05-05
NHANES-97690,United States,female,0-19,Other Hispanic,NA,2016-03-06
NHANES-97691,United States,female,20-39,Black,Some college,1987-09-02
NHANES-97692,Other,male,20-39,Other Hispanic,High school,1986-04-30
NHANES-97693,United States,male,80+,Black,Less than 9th grade,1937-11-14
NHANES-97694,United States,female,0-19,White,NA,1999-03-18
NHANES-97695,Other,female,40-59,Asian,Some college,1964-06-07
NHANES-97696,United States,male,0-19,Other,NA,2002-03-30
NHANES-97697,United States,male,60-79,Black,Less than 9th grade,1949-10-14
NHANES-97698,Other,female,40-59,Other Hispanic,College grad,1970-02-28
NHANES-97699,Other,female,40-59,Mexican American,High school,1962-11-14
NHANES-97700,United States,female,0-19,Other Hispanic,NA,2013-06-07
NHANES-97701,United States,male,40-59,White,High school,1975-07-06
NHANES-97702,United States,female,20-39,Black,Some college,1997-04-21
NHANES-97703,Other,male,20-39,Other Hispanic,Less than 9th grade,1982-05-31
NHANES-97704,United States,female,40-59,Black,High school,1963-08-14
NHANES-97705,Other,female,20-39,Black,High school,1984-05-22
NHANES-97706,Other,male,40-59,Mexican American,Some college,1966-12-12
NHANES-97707,Other,female,0-19,Other Hispanic,NA,2011-06-25
NHANES-97708,United States,male,60-79,Black,Some college,1941-05-15
NHANES-97709,United States,female,20-39,White,High school,1995-01-17
NHANES-97710,United States,female,0-19,Black,NA,2011-07-15
NHANES-97711,United States,female,80+,White,High school,1937-07-02
NHANES-97712,United States,female,60-79,Black,High school,1949-05-24
NHANES-97713,United States,female,80+,Black,High school,1937-09-29
NHANES-97714,United States,male,40-59,Other,Some college,1969-05-08
NHANES-97715,United States,male,0-19,White,NA,2005-05-05
NHANES-97716,United States,female,20-39,White,9-11th grade,1988-06-18
NHANES-97717,United States,male,0-19,White,NA,2004-12-18
NHANES-97718,United States,female,0-19,Other Hispanic,NA,2017-06-14
NHANES-97719,United States,male,80+,Other,Some college,1937-09-24
NHANES-97720,United States,male,0-19,White,NA,2002-04-29
NHANES-97721,United States,female,0-19,White,NA,2016-08-12
NHANES-97722,United States,female,20-39,Black,College grad,1994-04-11
NHANES-97723,United States,female,0-19,Mexican American,NA,1997-04-08
NHANES-97724,United States,male,80+,White,9-11th grade,1937-10-11
NHANES-97725,United States,female,0-19,Mexican American,NA,2016-09-01
NHANES-97726,Other,female,20-39,Mexican American,Some college,1979-07-05
NHANES-97727,United States,male,40-59,Black,Some college,1963-12-05
NHANES-97728,United States,male,60-79,White,9-11th grade,1937-08-15
NHANES-97729,United States,female,0-19,White,NA,2002-01-14
NHANES-97730,United States,female,0-19,Other Hispanic,NA,1998-02-17
NHANES-97731,United States,female,0-19,Other,NA,2015-09-25
NHANES-97732,United States,female,0-19,Mexican American,NA,2007-04-25
NHANES-97733,United States,female,0-19,Mexican American,NA,2017-07-08
NHANES-97734,United States,male,0-19,White,NA,2015-10-22
NHANES-97735,United States,male,20-39,Mexican American,High school,1988-03-08
NHANES-97736,United States,male,0-19,Black,NA,2007-06-02
NHANES-97737,United States,male,40-59,White,Some college,1959-11-15
NHANES-97738,United States,female,0-19,Asian,NA,2015-03-24
NHANES-97739,United States,female,20-39,Black,9-11th grade,1982-01-19
NHANES-97740,United States,female,40-59,Other,Some college,1966-04-18
NHANES-97741,United States,female,20-39,White,Some college,1981-02-06
NHANES-97742,United States,female,0-19,Black,NA,2006-07-25
NHANES-97743,Other,female,40-59,Asian,Some college,1972-01-15
NHANES-97744,Other,male,40-59,Asian,College grad,1962-09-23
NHANES-97745,United States,male,60-79,White,College grad,1951-03-12
NHANES-97746,United States,male,60-79,White,College grad,1947-05-28
NHANES-97747,Other,male,40-59,Black,College grad,1970-04-06
NHANES-97748,Other,female,40-59,Asian,College grad,1966-12-11
NHANES-97749,United States,male,0-19,Other,NA,2016-09-30
NHANES-97750,United States,male,60-79,Black,High school,1950-10-01
NHANES-97751,Other,female,40-59,Other Hispanic,College grad,1963-07-20
NHANES-97752,United States,male,60-79,White,College grad,1940-02-15
NHANES-97753,United States,male,60-79,White,College grad,1956-04-13
NHANES-97754,United States,male,0-19,White,NA,2006-07-07
NHANES-97755,United States,female,0-19,White,NA,2003-08-20
NHANES-97756,United States,female,20-39,Mexican American,9-11th grade,1995-06-06
NHANES-97757,United States,male,0-19,Other Hispanic,NA,2017-03-29
NHANES-97758,United States,female,40-59,Black,College grad,1964-01-21
NHANES-97759,United States,female,0-19,Black,NA,2006-08-03
NHANES-97760,Other,female,40-59,Other Hispanic,High school,1963-02-02
NHANES-97761,United States,female,40-59,Black,Some college,1961-11-24
NHANES-97762,United States,female,40-59,White,Some college,1966-07-28
NHANES-97763,United States,female,20-39,White,Some college,1997-03-18
NHANES-97764,United States,male,40-59,Black,College grad,1971-11-24
NHANES-97765,Other,female,40-59,Asian,Less than 9th grade,1963-11-20
NHANES-97766,United States,male,60-79,Other,College grad,1953-05-13
NHANES-97767,United States,female,0-19,Black,NA,2009-05-17
NHANES-97768,United States,female,40-59,Other,Some college,1961-12-19
NHANES-97769,Other,male,80+,White,Some college,1937-05-05
NHANES-97770,United States,female,60-79,White,High school,1957-01-03
NHANES-97771,United States,female,20-39,White,College grad,1985-05-14
NHANES-97772,United States,male,0-19,Black,NA,2001-04-25
NHANES-97773,United States,female,20-39,Black,High school,1990-07-11
NHANES-97774,Other,male,20-39,Mexican American,Less than 9th grade,1984-06-14
NHANES-97775,Other,male,60-79,Other,NA,1951-03-11
NHANES-97776,Other,female,40-59,Other Hispanic,Less than 9th grade,1958-12-02
NHANES-97777,United States,male,60-79,Black,College grad,1956-05-29
NHANES-97778,United States,female,0-19,White,NA,2003-10-11
NHANES-97779,United States,female,40-59,Black,College grad,1970-04-28
NHANES-97780,United States,female,0-19,Black,NA,2016-10-21
NHANES-97781,United States,female,0-19,Asian,NA,2012-02-13
NHANES-97782,United States,female,20-39,Black,Some college,1978-10-15
NHANES-97783,United States,female,40-59,Black,Some college,1971-12-09
NHANES-97784,United States,male,20-39,White,Some college,1987-12-13
NHANES-97785,United States,female,0-19,White,NA,2001-10-12
NHANES-97786,Other,male,0-19,Asian,NA,2004-12-19
NHANES-97787,Other,male,40-59,Other,Some college,1965-02-13
NHANES-97788,United States,male,60-79,Other,Some college,1943-03-27
NHANES-97789,United States,female,0-19,White,NA,2016-07-24
NHANES-97790,Other,male,60-79,Mexican American,Some college,1956-06-30
NHANES-97791,United States,male,0-19,Black,NA,2006-09-08
NHANES-97792,United States,male,0-19,Black,NA,2003-05-14
NHANES-97793,United States,male,0-19,Asian,NA,1998-01-04
NHANES-97794,Other,female,40-59,Asian,College grad,1972-11-04
NHANES-97795,United States,female,20-39,White,Some college,1983-04-15
NHANES-97796,United States,female,0-19,Mexican American,NA,2004-12-19
NHANES-97797,United States,female,0-19,Mexican American,NA,2003-05-09
NHANES-97798,United States,male,0-19,Asian,NA,2001-01-27
NHANES-97799,United States,male,0-19,Other,NA,2000-02-14
NHANES-97800,United States,male,0-19,Asian,NA,2000-07-15
NHANES-97801,United States,male,80+,White,College grad,1937-04-14
NHANES-97802,United States,male,60-79,White,High school,1945-11-21
NHANES-97803,United States,male,0-19,Asian,NA,2011-08-31
NHANES-97804,United States,male,0-19,Asian,NA,2013-01-03
NHANES-97805,United States,male,0-19,White,NA,2001-07-22
NHANES-97806,United States,female,0-19,White,NA,2000-10-20
NHANES-97807,Other,male,0-19,Mexican American,NA,2007-02-02
NHANES-97808,United States,female,0-19,White,NA,2017-08-17
NHANES-97809,United States,male,60-79,Other,College grad,1945-08-03
NHANES-97810,United States,male,40-59,Other,High school,1960-07-09
NHANES-97811,United States,female,20-39,Black,Some college,1992-08-30
NHANES-97812,United States,male,0-19,White,NA,2008-04-30
NHANES-97813,United States,female,60-79,White,Some college,1956-10-28
NHANES-97814,United States,male,0-19,Mexican American,NA,2005-05-22
NHANES-97815,United States,male,0-19,White,NA,2017-09-08
NHANES-97816,United States,male,0-19,White,NA,2008-02-11
NHANES-97817,Other,female,60-79,Asian,High school,1954-10-24
NHANES-97818,United States,female,0-19,Mexican American,NA,2017-01-05
NHANES-97819,United States,female,0-19,White,NA,2004-02-14
NHANES-97820,United States,female,0-19,Mexican American,NA,2016-01-20
NHANES-97821,United States,female,0-19,Other Hispanic,NA,2011-08-20
NHANES-97822,United States,female,40-59,Black,College grad,1974-08-06
NHANES-97823,United States,male,20-39,Other Hispanic,9-11th grade,1988-02-29
NHANES-97824,United States,male,0-19,Other Hispanic,NA,2015-01-30
NHANES-97825,United States,male,0-19,White,NA,1998-12-17
NHANES-97826,United States,male,60-79,White,9-11th grade,1941-07-20
NHANES-97827,Other,male,40-59,Asian,College grad,1967-07-01
NHANES-97828,Other,male,60-79,Mexican American,Less than 9th grade,1942-07-04
NHANES-97829,United States,male,20-39,Black,High school,1993-04-19
NHANES-97830,United States,male,60-79,White,Some college,1957-10-27
NHANES-97831,United States,male,80+,Other Hispanic,High school,1938-06-22
NHANES-97832,United States,male,60-79,White,High school,1945-01-01
NHANES-97833,United States,male,0-19,White,NA,2014-01-12
NHANES-97834,United States,male,0-19,White,NA,2015-09-07
NHANES-97835,Other,female,40-59,Black,Some college,1968-12-12
NHANES-97836,United States,female,0-19,Black,NA,2006-03-28
NHANES-97837,United States,male,0-19,White,NA,2018-08-08
NHANES-97838,United States,female,0-19,Other,NA,2009-02-11
NHANES-97839,United States,female,0-19,Mexican American,NA,2004-08-14
NHANES-97840,Other,male,20-39,Asian,College grad,1985-11-20
NHANES-97841,United States,female,40-59,White,Some college,1972-04-05
NHANES-97842,United States,male,0-19,Mexican American,NA,2017-11-29
NHANES-97843,United States,male,0-19,Black,NA,2007-04-10
NHANES-97844,United States,male,0-19,White,NA,1998-09-06
NHANES-97845,United States,male,40-59,Other,Some college,1970-05-20
NHANES-97846,United States,female,0-19,White,NA,2008-03-02
NHANES-97847,United States,female,60-79,White,Some college,1952-03-25
NHANES-97848,Other,female,20-39,Black,College grad,1987-05-22
NHANES-97849,United States,male,0-19,White,NA,2013-01-23
NHANES-97850,Other,female,60-79,Other Hispanic,High school,1953-06-10
NHANES-97851,United States,male,20-39,Black,High school,1994-04-21
NHANES-97852,United States,female,0-19,Other,NA,2006-11-03
NHANES-97853,Other,female,20-39,Asian,Some college,1996-11-25
NHANES-97854,United States,male,0-19,Mexican American,NA,2018-03-06
NHANES-97855,United States,male,0-19,White,NA,2007-08-16
NHANES-97856,United States,male,0-19,White,NA,2011-06-20
NHANES-97857,United States,male,0-19,White,NA,2016-11-19
NHANES-97858,Other,male,20-39,Asian,College grad,1991-03-22
NHANES-97859,Other,male,60-79,Asian,College grad,1957-11-01
NHANES-97860,United States,male,0-19,White,NA,2013-08-16
NHANES-97861,United States,female,40-59,White,Some college,1971-02-02
NHANES-97862,United States,male,0-19,Black,NA,1999-01-12
NHANES-97863,United States,male,0-19,White,NA,2004-06-19
NHANES-97864,Other,male,20-39,Black,Some college,1981-05-04
NHANES-97865,United States,male,0-19,White,NA,2006-06-21
NHANES-97866,United States,male,20-39,White,College grad,1979-01-27
NHANES-97867,United States,female,0-19,White,NA,2012-03-01
NHANES-97868,United States,male,20-39,White,Some college,1991-11-16
NHANES-97869,United States,female,80+,White,High school,1937-11-30
NHANES-97870,United States,female,0-19,Black,NA,2008-11-05
NHANES-97871,Other,female,60-79,Other Hispanic,Some college,1953-01-29
NHANES-97872,United States,male,0-19,White,NA,2015-08-11
NHANES-97873,United States,male,0-19,White,NA,2000-03-08
NHANES-97874,Other,female,40-59,White,College grad,1961-10-21
NHANES-97875,United States,female,0-19,Other Hispanic,NA,2009-07-27
NHANES-97876,United States,male,40-59,White,High school,1959-03-01
NHANES-97877,Other,female,20-39,Black,Less than 9th grade,1988-03-13
NHANES-97878,United States,female,40-59,Black,Some college,1967-06-07
NHANES-97879,United States,female,0-19,Other,NA,2012-12-22
NHANES-97880,United States,male,0-19,Black,NA,2017-09-30
NHANES-97881,United States,male,0-19,White,NA,2004-12-20
NHANES-97882,United States,female,0-19,Mexican American,NA,1999-03-25
NHANES-97883,United States,female,60-79,White,Some college,1946-06-15
NHANES-97884,United States,male,0-19,Black,NA,2013-10-01
NHANES-97885,United States,male,0-19,Other,NA,2017-07-14
NHANES-97886,Other,female,40-59,Asian,Some college,1963-10-05
NHANES-97887,United States,female,80+,Black,High school,1937-08-31
NHANES-97888,United States,male,0-19,White,NA,2017-08-25
NHANES-97889,United States,male,0-19,White,NA,2007-02-24
NHANES-97890,United States,female,0-19,Mexican American,NA,2005-08-26
NHANES-97891,Other,male,60-79,Asian,College grad,1948-07-06
NHANES-97892,United States,female,0-19,Black,NA,2001-02-15
NHANES-97893,United States,male,60-79,Black,Some college,1955-05-07
NHANES-97894,United States,female,60-79,Other Hispanic,Some college,1950-09-25
NHANES-97895,United States,male,60-79,White,College grad,1953-08-05
NHANES-97896,United States,female,40-59,Other,9-11th grade,1960-05-22
NHANES-97897,Other,male,40-59,Asian,High school,1959-11-12
NHANES-97898,United States,male,0-19,White,NA,2006-05-31
NHANES-97899,United States,male,20-39,Black,Some college,1988-12-29
NHANES-97900,United States,male,0-19,White,NA,2016-08-12
NHANES-97901,United States,male,40-59,White,College grad,1972-02-09
NHANES-97902,Other,male,60-79,Other Hispanic,Less than 9th grade,1956-02-12
NHANES-97903,United States,female,60-79,White,Some college,1938-12-10
NHANES-97904,United States,male,20-39,Black,College grad,1983-06-02
NHANES-97905,United States,female,60-79,Black,9-11th grade,1953-08-02
NHANES-97906,United States,male,0-19,Black,NA,2011-03-23
NHANES-97907,United States,male,0-19,White,NA,2017-01-24
NHANES-97908,Other,male,60-79,White,Some college,1955-11-09
NHANES-97909,Other,female,40-59,Asian,Some college,1972-11-15
NHANES-97910,United States,male,0-19,White,NA,2005-10-02
NHANES-97911,United States,female,0-19,Black,NA,2007-06-04
NHANES-97912,United States,male,0-19,Other Hispanic,NA,2015-02-25
NHANES-97913,United States,male,20-39,Other Hispanic,High school,1981-04-14
NHANES-97914,United States,female,0-19,Black,NA,2011-12-12
NHANES-97915,Other,female,40-59,Mexican American,Less than 9th grade,1974-11-21
NHANES-97916,United States,female,60-79,White,Some college,1944-06-24
NHANES-97917,United States,female,0-19,White,NA,2018-05-05
NHANES-97918,United States,female,0-19,Asian,NA,1999-10-08
NHANES-97919,Other,female,60-79,Black,Less than 9th grade,1948-11-11
NHANES-97920,United States,female,0-19,White,NA,2018-06-06
NHANES-97921,United States,female,0-19,White,NA,2012-07-12
NHANES-97922,United States,male,0-19,Mexican American,NA,2008-01-05
NHANES-97923,United States,female,40-59,White,High school,1975-04-30
NHANES-97924,United States,male,40-59,White,College grad,1976-01-30
NHANES-97925,United States,female,0-19,White,NA,2003-11-18
NHANES-97926,United States,male,80+,White,Some college,1937-02-11
NHANES-97927,United States,female,0-19,Other Hispanic,NA,2006-10-09
NHANES-97928,United States,male,40-59,Mexican American,College grad,1961-06-03
NHANES-97929,United States,female,60-79,White,High school,1940-09-23
NHANES-97930,United States,male,20-39,Other,Some college,1984-06-13
NHANES-97931,United States,female,0-19,Mexican American,NA,2001-05-28
NHANES-97932,Other,female,80+,Mexican American,Less than 9th grade,1937-10-12
NHANES-97933,United States,male,0-19,Mexican American,NA,2002-08-08
NHANES-97934,United States,male,20-39,White,High school,1992-04-23
NHANES-97935,Other,male,20-39,Other Hispanic,9-11th grade,1994-10-13
NHANES-97936,Other,female,60-79,Asian,College grad,1953-10-15
NHANES-97937,Other,female,60-79,Asian,College grad,1955-12-28
NHANES-97938,United States,male,20-39,Black,Some college,1981-06-02
NHANES-97939,United States,female,0-19,White,NA,2017-08-20
NHANES-97940,Other,male,20-39,Asian,Some college,1989-05-18
NHANES-97941,United States,female,20-39,Mexican American,College grad,1990-03-13
NHANES-97942,United States,female,0-19,White,NA,2015-12-02
NHANES-97943,United States,female,0-19,White,NA,1998-04-10
NHANES-97944,United States,female,60-79,White,High school,1953-12-19
NHANES-97945,United States,female,20-39,Mexican American,Some college,1989-05-18
NHANES-97946,United States,female,20-39,White,Some college,1983-01-04
NHANES-97947,United States,female,80+,White,College grad,1936-07-15
NHANES-97948,United States,female,20-39,White,College grad,1985-08-14
NHANES-97949,United States,female,20-39,White,Some college,1987-10-23
NHANES-97950,United States,female,60-79,Black,College grad,1948-11-18
NHANES-97951,United States,female,20-39,Asian,College grad,1994-02-08
NHANES-97952,Other,male,40-59,Asian,College grad,1961-06-05
NHANES-97953,United States,female,0-19,Other,NA,2009-10-04
NHANES-97954,Other,female,60-79,Mexican American,Less than 9th grade,1949-05-21
NHANES-97955,United States,male,60-79,White,High school,1952-01-15
NHANES-97956,United States,male,80+,White,High school,1938-02-18
NHANES-97957,United States,male,0-19,White,NA,2017-01-17
NHANES-97958,United States,female,20-39,Black,High school,1993-07-31
NHANES-97959,United States,male,80+,White,9-11th grade,1937-10-12
NHANES-97960,Other,female,20-39,Asian,College grad,1990-01-25
NHANES-97961,United States,male,0-19,White,NA,2003-08-10
NHANES-97962,United States,male,0-19,Other,NA,2018-10-16
NHANES-97963,United States,male,20-39,White,Some college,1989-03-14
NHANES-97964,United States,male,60-79,Black,High school,1943-09-15
NHANES-97965,Other,male,20-39,Asian,Some college,1984-09-23
NHANES-97966,United States,female,40-59,White,Some college,1964-03-27
NHANES-97967,Other,female,40-59,Mexican American,Some college,1978-02-11
NHANES-97968,United States,female,0-19,White,NA,2017-06-16
NHANES-97969,Other,female,60-79,Mexican American,Less than 9th grade,1955-10-07
NHANES-97970,United States,female,60-79,Black,College grad,1956-05-22
NHANES-97971,United States,male,60-79,White,College grad,1945-10-14
NHANES-97972,United States,female,20-39,Black,High school,1988-11-13
NHANES-97973,Other,male,60-79,Mexican American,Less than 9th grade,1952-12-14
NHANES-97974,Other,female,40-59,Asian,9-11th grade,1973-07-27
NHANES-97975,United States,male,0-19,White,NA,2012-10-26
NHANES-97976,Other,male,60-79,Other Hispanic,Less than 9th grade,1954-07-09
NHANES-97977,United States,male,40-59,Black,Some college,1977-02-16
NHANES-97978,United States,female,40-59,Black,College grad,1976-05-04
NHANES-97979,United States,male,0-19,White,NA,2003-10-04
NHANES-97980,United States,male,60-79,Mexican American,9-11th grade,1938-11-15
NHANES-97981,United States,male,0-19,White,NA,2011-07-18
NHANES-97982,United States,female,40-59,White,Some college,1966-04-12
NHANES-97983,United States,male,60-79,Other Hispanic,Some college,1956-12-07
NHANES-97984,United States,male,0-19,Asian,NA,2008-09-27
NHANES-97985,United States,female,80+,Black,High school,1937-08-20
NHANES-97986,United States,female,20-39,Black,Some college,1989-05-28
NHANES-97987,United States,female,40-59,White,9-11th grade,1960-03-05
NHANES-97988,United States,male,0-19,Asian,NA,2003-09-05
NHANES-97989,United States,female,0-19,White,NA,2001-05-30
NHANES-97990,United States,female,0-19,White,NA,2007-11-02
NHANES-97991,Other,male,0-19,Asian,NA,1999-04-16
NHANES-97992,United States,male,0-19,Asian,NA,2011-06-18
NHANES-97993,United States,female,0-19,White,NA,2002-04-17
NHANES-97994,United States,male,0-19,Other,NA,2017-10-31
NHANES-97995,Other,male,40-59,Mexican American,Less than 9th grade,1971-11-27
NHANES-97996,Other,female,60-79,Asian,Less than 9th grade,1941-10-22
NHANES-97997,United States,female,60-79,White,Some college,1947-12-09
NHANES-97998,United States,female,0-19,Mexican American,NA,2013-04-12
NHANES-97999,United States,female,80+,Black,College grad,1937-08-21
NHANES-98000,United States,female,0-19,White,NA,2011-08-19
NHANES-98001,United States,male,0-19,Mexican American,NA,2000-07-08
NHANES-98002,United States,male,0-19,Black,NA,2001-01-31
NHANES-98003,United States,female,0-19,White,NA,2009-10-04
NHANES-98004,United States,female,0-19,Black,NA,2001-01-22
NHANES-98005,United States,male,60-79,White,High school,1950-12-30
NHANES-98006,United States,male,20-39,Black,High school,1981-06-06
NHANES-98007,United States,male,20-39,Black,Some college,1985-10-02
NHANES-98008,United States,female,80+,White,College grad,1937-02-16
NHANES-98009,United States,male,40-59,White,High school,1959-07-17
NHANES-98010,Other,female,20-39,Asian,College grad,1991-08-03
NHANES-98011,United States,male,0-19,Black,NA,2014-02-09
NHANES-98012,United States,male,0-19,Asian,NA,2004-06-27
NHANES-98013,United States,female,0-19,Mexican American,NA,2014-01-03
NHANES-98014,United States,female,40-59,White,College grad,1958-09-30
NHANES-98015,United States,male,40-59,Black,High school,1968-09-25
NHANES-98016,United States,female,60-79,Black,9-11th grade,1949-01-18
NHANES-98017,United States,female,0-19,White,NA,2017-12-13
NHANES-98018,United States,male,20-39,Black,9-11th grade,1995-05-16
NHANES-98019,United States,male,80+,Other,High school,1936-10-03
NHANES-98020,United States,male,0-19,Other,NA,2016-12-23
NHANES-98021,United States,female,0-19,Black,NA,2008-10-13
NHANES-98022,United States,female,0-19,Black,NA,1998-07-17
NHANES-98023,United States,female,20-39,Black,College grad,1979-09-21
NHANES-98024,Other,female,60-79,Other Hispanic,Less than 9th grade,1956-01-23
NHANES-98025,United States,male,0-19,Black,NA,2002-04-30
NHANES-98026,United States,female,0-19,White,NA,2014-06-29
NHANES-98027,United States,male,0-19,Asian,NA,2010-09-28
NHANES-98028,United States,female,20-39,White,Some college,1983-11-07
NHANES-98029,Other,female,60-79,Asian,College grad,1950-12-02
NHANES-98030,United States,female,20-39,Black,High school,1994-06-13
NHANES-98031,United States,male,20-39,Other,9-11th grade,1986-05-27
NHANES-98032,United States,male,60-79,White,College grad,1944-06-20
NHANES-98033,Other,female,40-59,Black,Some college,1975-01-05
NHANES-98034,United States,male,40-59,Black,Some college,1974-06-20
NHANES-98035,United States,female,20-39,Mexican American,High school,1982-05-24
NHANES-98036,Other,female,20-39,Asian,College grad,1979-03-07
NHANES-98037,United States,female,0-19,Mexican American,NA,2011-11-28
NHANES-98038,Other,female,0-19,Asian,NA,2002-04-18
NHANES-98039,United States,male,0-19,Black,NA,2017-01-02
NHANES-98040,United States,male,60-79,Asian,College grad,1952-03-29
NHANES-98041,United States,female,40-59,Mexican American,High school,1963-06-13
NHANES-98042,United States,male,0-19,White,NA,2008-10-22
NHANES-98043,United States,male,60-79,Black,College grad,1955-12-04
NHANES-98044,United States,male,0-19,Black,NA,2004-05-14
NHANES-98045,Other,female,40-59,Asian,College grad,1977-03-30
NHANES-98046,United States,female,40-59,White,9-11th grade,1968-06-10
NHANES-98047,Other,male,40-59,Mexican American,High school,1964-11-15
NHANES-98048,United States,female,20-39,Asian,College grad,1987-05-24
NHANES-98049,Other,male,60-79,Asian,Less than 9th grade,1950-12-24
NHANES-98050,United States,female,20-39,White,High school,1990-08-08
NHANES-98051,United States,male,0-19,White,NA,2009-01-02
NHANES-98052,United States,female,20-39,Black,Some college,1991-01-28
NHANES-98053,Other,male,40-59,Asian,College grad,1960-07-03
NHANES-98054,United States,male,40-59,White,9-11th grade,1974-12-30
NHANES-98055,United States,female,0-19,Mexican American,NA,2016-10-16
NHANES-98056,United States,female,20-39,White,High school,1982-11-07
NHANES-98057,United States,male,20-39,Mexican American,Some college,1996-07-08
NHANES-98058,Other,female,80+,Mexican American,High school,1937-06-25
NHANES-98059,United States,female,0-19,White,NA,2018-07-24
NHANES-98060,United States,male,80+,White,High school,1936-09-19
NHANES-98061,United States,male,0-19,Black,NA,1999-08-02
NHANES-98062,United States,female,80+,White,High school,1938-05-19
NHANES-98063,United States,female,0-19,Other Hispanic,NA,2014-07-05
NHANES-98064,United States,male,0-19,White,NA,2008-04-19
NHANES-98065,United States,female,20-39,Other,Some college,1988-02-08
NHANES-98066,United States,male,0-19,Mexican American,NA,1997-08-29
NHANES-98067,Other,male,20-39,Asian,College grad,1982-05-30
NHANES-98068,United States,female,0-19,Mexican American,NA,2002-09-01
NHANES-98069,United States,female,0-19,White,NA,2016-04-13
NHANES-98070,United States,male,0-19,Black,NA,2013-11-10
NHANES-98071,United States,female,60-79,White,College grad,1955-09-07
NHANES-98072,United States,male,0-19,Black,NA,2012-03-06
NHANES-98073,Other,female,20-39,Other Hispanic,Less than 9th grade,1993-08-20
NHANES-98074,United States,male,0-19,Mexican American,NA,2014-05-26
NHANES-98075,United States,female,60-79,White,College grad,1951-08-30
NHANES-98076,United States,female,0-19,White,NA,2014-11-15
NHANES-98077,United States,male,20-39,White,Some college,1986-07-17
NHANES-98078,United States,female,0-19,White,NA,2008-12-30
NHANES-98079,United States,male,0-19,Other,NA,2005-08-27
NHANES-98080,United States,male,0-19,Black,NA,2013-07-20
NHANES-98081,United States,male,40-59,Black,Less than 9th grade,1961-01-18
NHANES-98082,United States,female,40-59,White,Some college,1970-11-09
NHANES-98083,United States,female,40-59,Black,College grad,1962-08-10
NHANES-98084,United States,female,80+,White,Some college,1937-12-02
NHANES-98085,United States,male,40-59,Other Hispanic,Some college,1957-03-14
NHANES-98086,United States,female,80+,White,High school,1938-02-19
NHANES-98087,United States,female,60-79,White,High school,1943-05-16
NHANES-98088,United States,male,20-39,White,Some college,1985-08-05
NHANES-98089,United States,male,0-19,Asian,NA,2010-10-11
NHANES-98090,United States,female,0-19,Black,NA,2006-08-17
NHANES-98091,United States,female,0-19,White,NA,2014-09-09
NHANES-98092,Other,male,40-59,Mexican American,9-11th grade,1977-02-21
NHANES-98093,United States,male,0-19,Asian,NA,2010-12-12
NHANES-98094,Other,female,40-59,Mexican American,High school,1972-10-31
NHANES-98095,United States,female,80+,White,College grad,1937-11-04
NHANES-98096,Other,female,20-39,Other Hispanic,9-11th grade,1982-02-12
NHANES-98097,United States,male,20-39,White,College grad,1988-09-01
NHANES-98098,United States,female,0-19,Black,NA,2014-07-17
NHANES-98099,United States,male,40-59,White,Some college,1963-03-25
NHANES-98100,United States,male,20-39,White,College grad,1983-11-08
NHANES-98101,Other,male,40-59,Asian,College grad,1969-03-01
NHANES-98102,Other,female,20-39,Asian,College grad,1981-11-02
NHANES-98103,United States,male,20-39,Black,Some college,1980-03-15
NHANES-98104,United States,male,0-19,Asian,NA,2014-08-23
NHANES-98105,United States,male,0-19,Other,NA,2016-11-27
NHANES-98106,Other,female,60-79,Other Hispanic,Less than 9th grade,1940-07-19
NHANES-98107,Other,male,60-79,Mexican American,Less than 9th grade,1956-09-14
NHANES-98108,United States,male,0-19,Other,NA,2016-07-10
NHANES-98109,Other,male,60-79,Asian,9-11th grade,1940-12-02
NHANES-98110,Other,male,60-79,Asian,College grad,1944-01-25
NHANES-98111,United States,female,0-19,Other,NA,1998-01-10
NHANES-98112,United States,female,0-19,White,NA,2013-09-30
NHANES-98113,United States,female,20-39,White,Some college,1992-02-08
NHANES-98114,United States,female,40-59,Black,Some college,1965-06-09
NHANES-98115,United States,female,0-19,Other,NA,2012-11-05
NHANES-98116,United States,male,0-19,White,NA,2011-10-14
NHANES-98117,United States,female,0-19,Black,NA,2009-12-24
NHANES-98118,United States,male,0-19,White,NA,2009-10-18
NHANES-98119,United States,female,20-39,White,Some college,1986-09-19
NHANES-98120,United States,female,40-59,White,College grad,1975-11-21
NHANES-98121,United States,male,60-79,White,College grad,1944-10-27
NHANES-98122,United States,male,0-19,Black,NA,2003-06-29
NHANES-98123,United States,male,0-19,Other,NA,2012-09-25
NHANES-98124,United States,male,20-39,White,High school,1985-03-07
NHANES-98125,Other,female,60-79,White,College grad,1941-01-27
NHANES-98126,United States,male,80+,White,Some college,1937-09-26
NHANES-98127,United States,female,60-79,White,Some college,1954-05-29
NHANES-98128,United States,female,0-19,Asian,NA,2007-05-26
NHANES-98129,Other,female,0-19,Asian,NA,2003-02-15
NHANES-98130,United States,male,60-79,White,High school,1948-07-30
NHANES-98131,United States,female,40-59,Black,Some college,1977-05-10
NHANES-98132,Other,male,0-19,Mexican American,NA,2002-06-13
NHANES-98133,United States,female,80+,White,9-11th grade,1937-08-19
NHANES-98134,Other,male,60-79,Mexican American,Less than 9th grade,1954-07-21
NHANES-98135,United States,female,40-59,White,High school,1975-06-12
NHANES-98136,United States,female,0-19,Other,NA,2016-12-20
NHANES-98137,United States,female,60-79,Asian,College grad,1939-01-16
NHANES-98138,Other,male,40-59,Asian,High school,1976-06-15
NHANES-98139,Other,male,60-79,Mexican American,Some college,1957-09-03
NHANES-98140,United States,female,0-19,Other,NA,2016-03-22
NHANES-98141,Other,female,40-59,Mexican American,9-11th grade,1961-03-17
NHANES-98142,United States,male,60-79,Black,Less than 9th grade,1951-11-10
NHANES-98143,Other,female,80+,White,Some college,1938-06-10
NHANES-98144,United States,female,40-59,White,Some college,1972-07-28
NHANES-98145,United States,female,20-39,White,College grad,1994-03-05
NHANES-98146,United States,male,0-19,Black,NA,2002-02-21
NHANES-98147,United States,male,20-39,White,College grad,1987-10-17
NHANES-98148,United States,female,20-39,White,High school,1980-04-12
NHANES-98149,United States,male,0-19,Mexican American,NA,2001-11-21
NHANES-98150,United States,male,0-19,Other,NA,2003-02-01
NHANES-98151,United States,female,0-19,Other,NA,2010-11-28
NHANES-98152,United States,male,60-79,Black,High school,1956-02-15
NHANES-98153,Other,male,40-59,Asian,College grad,1962-11-08
NHANES-98154,United States,male,0-19,Mexican American,NA,2010-08-21
NHANES-98155,United States,male,0-19,Other,NA,2017-05-22
NHANES-98156,Other,female,40-59,Mexican American,9-11th grade,1971-05-01
NHANES-98157,United States,female,0-19,White,NA,2011-07-15
NHANES-98158,United States,male,60-79,Black,Some college,1947-09-21
NHANES-98159,United States,male,0-19,Mexican American,NA,2017-09-29
NHANES-98160,United States,female,0-19,Mexican American,NA,2013-11-18
NHANES-98161,United States,female,40-59,White,Some college,1973-07-15
NHANES-98162,Other,female,60-79,Other Hispanic,Less than 9th grade,1947-12-30
NHANES-98163,United States,female,0-19,Other,NA,1999-12-31
NHANES-98164,United States,female,0-19,Other,NA,2004-11-13
NHANES-98165,United States,male,40-59,White,Some college,1962-04-21
NHANES-98166,United States,female,0-19,White,NA,2016-06-20
NHANES-98167,United States,female,0-19,Other Hispanic,NA,2012-07-14
NHANES-98168,United States,female,40-59,Mexican American,College grad,1962-01-03
NHANES-98169,United States,female,20-39,Other Hispanic,Some college,1989-10-07
NHANES-98170,United States,female,0-19,Mexican American,NA,1998-12-23
NHANES-98171,United States,female,0-19,White,NA,2016-08-31
NHANES-98172,United States,male,60-79,Mexican American,9-11th grade,1955-09-01
NHANES-98173,Other,female,60-79,Mexican American,Less than 9th grade,1946-04-08
NHANES-98174,United States,male,40-59,Black,High school,1969-03-15
NHANES-98175,United States,female,60-79,Black,College grad,1948-12-14
NHANES-98176,United States,male,0-19,Black,NA,2005-02-23
NHANES-98177,United States,female,0-19,White,NA,2002-04-07
NHANES-98178,United States,male,40-59,White,College grad,1971-01-31
NHANES-98179,United States,male,0-19,Other Hispanic,NA,2017-08-18
NHANES-98180,Other,male,40-59,Mexican American,Less than 9th grade,1968-10-10
NHANES-98181,United States,male,0-19,Black,NA,2015-09-12
NHANES-98182,United States,female,0-19,Black,NA,2014-10-02
NHANES-98183,United States,female,0-19,White,NA,2011-11-24
NHANES-98184,United States,female,0-19,Mexican American,NA,2002-02-02
NHANES-98185,United States,female,0-19,White,NA,2006-04-18
NHANES-98186,United States,female,0-19,White,NA,2006-12-30
NHANES-98187,United States,female,20-39,Other Hispanic,Some college,1985-06-29
NHANES-98188,United States,male,0-19,White,NA,2008-04-20
NHANES-98189,United States,male,40-59,White,Some college,1974-06-22
NHANES-98190,United States,male,0-19,Other,NA,2005-03-11
NHANES-98191,United States,female,0-19,Mexican American,NA,2015-08-09
NHANES-98192,United States,male,0-19,Black,NA,2018-01-31
NHANES-98193,United States,female,0-19,White,NA,2017-03-29
NHANES-98194,Other,female,60-79,Asian,Some college,1956-07-31
NHANES-98195,United States,male,20-39,Black,High school,1989-02-07
NHANES-98196,United States,male,0-19,White,NA,2015-06-26
NHANES-98197,United States,male,60-79,Black,Some college,1947-11-08
NHANES-98198,United States,male,80+,White,Some college,1937-11-22
NHANES-98199,United States,female,0-19,Other Hispanic,NA,1998-01-23
NHANES-98200,United States,female,0-19,Mexican American,NA,2017-03-29
NHANES-98201,United States,male,20-39,Mexican American,High school,1990-10-11
NHANES-98202,United States,male,40-59,Black,9-11th grade,1967-10-01
NHANES-98203,United States,male,20-39,White,College grad,1982-08-18
NHANES-98204,United States,male,60-79,White,High school,1957-09-17
NHANES-98205,United States,female,80+,White,Some college,1937-12-23
NHANES-98206,United States,male,0-19,White,NA,2016-07-23
NHANES-98207,United States,male,40-59,Other,Some college,1971-05-02
NHANES-98208,United States,female,20-39,White,College grad,1977-07-18
NHANES-98209,United States,male,40-59,White,9-11th grade,1960-04-24
NHANES-98210,United States,male,0-19,Black,NA,2000-06-03
NHANES-98211,Other,male,60-79,Other Hispanic,9-11th grade,1944-02-02
NHANES-98212,United States,female,0-19,White,NA,1998-08-16
NHANES-98213,United States,male,0-19,Black,NA,2003-03-19
NHANES-98214,Other,female,20-39,Asian,Less than 9th grade,1980-06-13
NHANES-98215,United States,female,40-59,White,High school,1967-08-05
NHANES-98216,United States,male,40-59,Other Hispanic,College grad,1970-02-04
NHANES-98217,Other,female,0-19,Mexican American,NA,2008-09-10
NHANES-98218,United States,female,20-39,Mexican American,College grad,1984-09-02
NHANES-98219,United States,female,0-19,Other,NA,2011-02-26
NHANES-98220,United States,male,40-59,Black,Some college,1967-11-07
NHANES-98221,United States,male,0-19,Asian,NA,2000-11-25
NHANES-98222,United States,female,20-39,White,College grad,1991-06-24
NHANES-98223,United States,male,40-59,Black,Some college,1966-11-14
NHANES-98224,United States,female,0-19,Asian,NA,2002-09-11
NHANES-98225,United States,male,20-39,Black,Some college,1992-06-27
NHANES-98226,United States,female,0-19,White,NA,2006-07-16
NHANES-98227,Other,female,60-79,Mexican American,Less than 9th grade,1957-01-23
NHANES-98228,Other,female,40-59,Black,Some college,1965-02-14
NHANES-98229,United States,female,0-19,White,NA,2008-03-24
NHANES-98230,United States,female,60-79,Other Hispanic,High school,1956-06-07
NHANES-98231,Other,female,0-19,Other Hispanic,NA,2000-10-26
NHANES-98232,United States,male,0-19,White,NA,2016-06-23
NHANES-98233,United States,male,0-19,Black,NA,2008-09-17
NHANES-98234,United States,male,0-19,Mexican American,NA,2014-10-07
NHANES-98235,United States,female,0-19,Other Hispanic,NA,2006-09-17
NHANES-98236,Other,female,80+,Asian,Less than 9th grade,1937-10-25
NHANES-98237,United States,male,0-19,White,NA,2016-08-11
NHANES-98238,United States,female,40-59,Other,High school,1974-06-17
NHANES-98239,United States,female,0-19,Other,NA,2018-08-13
NHANES-98240,United States,male,0-19,White,NA,2017-12-20
NHANES-98241,Other,male,20-39,Asian,College grad,1986-10-25
NHANES-98242,United States,female,40-59,Black,College grad,1964-10-10
NHANES-98243,United States,male,20-39,Asian,Some college,1982-06-26
NHANES-98244,United States,male,80+,White,9-11th grade,1938-04-07
NHANES-98245,United States,female,0-19,Black,NA,2016-01-21
NHANES-98246,United States,female,0-19,Mexican American,NA,2005-10-21
NHANES-98247,United States,male,0-19,Black,NA,2011-05-30
NHANES-98248,United States,female,0-19,Mexican American,NA,2010-03-31
NHANES-98249,United States,male,0-19,White,NA,2007-05-25
NHANES-98250,United States,male,80+,White,College grad,1936-09-23
NHANES-98251,United States,male,40-59,White,9-11th grade,1969-12-30
NHANES-98252,United States,male,0-19,Asian,NA,2000-04-05
NHANES-98253,Other,female,40-59,Asian,9-11th grade,1957-09-19
NHANES-98254,United States,female,0-19,Mexican American,NA,2014-08-02
NHANES-98255,United States,female,0-19,Black,NA,1998-04-28
NHANES-98256,United States,female,20-39,Black,High school,1991-12-01
NHANES-98257,United States,male,60-79,White,Some college,1947-06-17
NHANES-98258,United States,male,60-79,White,College grad,1945-01-20
NHANES-98259,United States,female,40-59,Black,College grad,1964-03-02
NHANES-98260,United States,male,0-19,White,NA,2000-08-23
NHANES-98261,United States,male,0-19,Mexican American,NA,2012-01-25
NHANES-98262,United States,male,40-59,White,College grad,1959-10-29
NHANES-98263,United States,female,0-19,Other Hispanic,NA,2008-12-27
NHANES-98264,United States,male,60-79,White,College grad,1944-11-22
NHANES-98265,United States,male,0-19,Mexican American,NA,2016-03-09
NHANES-98266,Other,female,40-59,Other Hispanic,Some college,1976-01-18
NHANES-98267,United States,male,40-59,Black,Some college,1967-06-04
NHANES-98268,United States,male,0-19,Other Hispanic,NA,2001-05-31
NHANES-98269,United States,male,60-79,Other,9-11th grade,1942-02-03
NHANES-98270,United States,female,60-79,Black,High school,1956-02-13
NHANES-98271,Other,male,40-59,Asian,College grad,1967-01-20
NHANES-98272,Other,male,40-59,Other Hispanic,Some college,1962-01-24
NHANES-98273,United States,male,0-19,Other,NA,2009-01-01
NHANES-98274,United States,female,40-59,White,College grad,1965-03-13
NHANES-98275,United States,male,0-19,Black,NA,2014-03-16
NHANES-98276,United States,male,0-19,Black,NA,2011-02-12
NHANES-98277,United States,female,0-19,White,NA,1999-08-04
NHANES-98278,United States,female,60-79,White,College grad,1947-07-28
NHANES-98279,United States,female,0-19,White,NA,2008-09-10
NHANES-98280,Other,female,20-39,Asian,College grad,1987-01-11
NHANES-98281,United States,male,0-19,Black,NA,2011-08-11
NHANES-98282,United States,male,0-19,Mexican American,NA,2006-08-18
NHANES-98283,United States,female,0-19,White,NA,2006-06-17
NHANES-98284,United States,female,20-39,White,Some college,1978-10-11
NHANES-98285,Other,female,20-39,Asian,Some college,1992-05-04
NHANES-98286,United States,male,0-19,Other,NA,2014-02-12
NHANES-98287,United States,female,60-79,Black,High school,1956-12-24
NHANES-98288,United States,male,60-79,White,High school,1953-07-03
NHANES-98289,Other,male,60-79,Black,High school,1946-10-18
NHANES-98290,United States,male,0-19,Other Hispanic,NA,2006-09-16
NHANES-98291,United States,male,0-19,Black,NA,2012-01-13
NHANES-98292,United States,female,40-59,Black,Some college,1974-09-25
NHANES-98293,United States,female,40-59,Black,Some college,1965-03-03
NHANES-98294,United States,male,0-19,White,NA,2008-03-01
NHANES-98295,United States,female,20-39,Mexican American,Some college,1994-09-03
NHANES-98296,United States,male,0-19,Mexican American,NA,2005-05-22
NHANES-98297,United States,female,0-19,White,NA,2007-07-20
NHANES-98298,United States,female,20-39,Other,College grad,1990-01-18
NHANES-98299,Other,male,60-79,Asian,High school,1953-03-03
NHANES-98300,United States,female,40-59,White,Some college,1968-11-24
NHANES-98301,United States,female,60-79,Black,High school,1949-12-07
NHANES-98302,Other,male,20-39,Mexican American,High school,1989-03-31
NHANES-98303,United States,female,20-39,Black,Some college,1982-12-19
NHANES-98304,United States,female,60-79,White,College grad,1938-06-24
NHANES-98305,United States,female,0-19,Other,NA,2003-11-08
NHANES-98306,United States,male,0-19,Asian,NA,2016-10-02
NHANES-98307,United States,female,0-19,Black,NA,2017-04-09
NHANES-98308,Other,male,20-39,Mexican American,High school,1982-05-14
NHANES-98309,United States,female,60-79,White,Some college,1944-12-29
NHANES-98310,United States,female,40-59,Mexican American,College grad,1971-10-16
NHANES-98311,United States,female,0-19,Other,NA,2004-04-14
NHANES-98312,United States,male,0-19,Mexican American,NA,2009-03-19
NHANES-98313,United States,female,0-19,Asian,NA,2004-02-03
NHANES-98314,United States,male,20-39,Black,High school,1993-04-08
NHANES-98315,United States,male,20-39,Other,Some college,1979-09-13
NHANES-98316,United States,female,60-79,White,High school,1953-02-24
NHANES-98317,United States,male,0-19,Asian,NA,2008-03-10
NHANES-98318,United States,male,40-59,White,High school,1977-08-29
NHANES-98319,United States,female,0-19,Black,NA,2014-09-17
NHANES-98320,United States,female,40-59,Black,Some college,1968-11-30
NHANES-98321,United States,female,0-19,White,NA,2016-04-11
NHANES-98322,United States,female,20-39,White,High school,1989-05-20
NHANES-98323,United States,female,20-39,White,College grad,1985-09-13
NHANES-98324,United States,male,60-79,White,College grad,1957-02-06
NHANES-98325,United States,male,0-19,Mexican American,NA,2001-04-04
NHANES-98326,United States,female,40-59,Black,College grad,1963-05-31
NHANES-98327,United States,female,0-19,Mexican American,NA,2005-09-05
NHANES-98328,Other,female,20-39,Asian,College grad,1987-06-13
NHANES-98329,United States,female,0-19,Mexican American,NA,2017-12-30
NHANES-98330,United States,male,0-19,Black,NA,2001-06-06
NHANES-98331,Other,female,60-79,Asian,Some college,1953-09-08
NHANES-98332,United States,female,20-39,White,Some college,1983-03-29
NHANES-98333,United States,male,20-39,Other Hispanic,9-11th grade,1981-10-14
NHANES-98334,United States,male,60-79,Asian,College grad,1954-06-19
NHANES-98335,United States,female,0-19,White,NA,2017-07-18
NHANES-98336,United States,female,40-59,Black,College grad,1977-01-22
NHANES-98337,United States,female,0-19,White,NA,2012-07-24
NHANES-98338,United States,male,40-59,White,High school,1962-09-11
NHANES-98339,United States,male,80+,White,Some college,1937-10-24
NHANES-98340,Other,female,0-19,White,NA,2005-03-13
NHANES-98341,United States,male,60-79,White,High school,1946-03-24
NHANES-98342,United States,female,0-19,Other,NA,2007-11-16
NHANES-98343,United States,female,20-39,Black,Some college,1985-11-21
NHANES-98344,United States,male,80+,White,College grad,1937-10-23
NHANES-98345,Other,male,20-39,Asian,Some college,1994-06-24
NHANES-98346,United States,female,0-19,Black,NA,2009-12-06
NHANES-98347,United States,male,80+,White,College grad,1938-01-24
NHANES-98348,United States,male,0-19,White,NA,2012-08-01
NHANES-98349,United States,female,0-19,Black,NA,2002-01-26
NHANES-98350,Other,female,20-39,Mexican American,Some college,1981-06-08
NHANES-98351,United States,female,20-39,Mexican American,Some college,1979-03-19
NHANES-98352,United States,male,0-19,White,NA,2000-09-02
NHANES-98353,Other,female,60-79,Asian,College grad,1949-02-19
NHANES-98354,United States,female,40-59,Black,Some college,1960-02-10
NHANES-98355,Other,female,40-59,Asian,College grad,1964-01-12
NHANES-98356,United States,male,0-19,Black,NA,2013-09-23
NHANES-98357,United States,male,20-39,Black,High school,1996-12-22
NHANES-98358,United States,male,20-39,Black,Some college,1983-06-13
NHANES-98359,United States,male,0-19,Other,NA,2000-08-28
NHANES-98360,United States,male,60-79,White,High school,1946-02-06
NHANES-98361,United States,female,0-19,White,NA,2016-05-11
NHANES-98362,United States,male,20-39,Black,Some college,1981-04-13
NHANES-98363,United States,male,0-19,Other Hispanic,NA,2008-06-29
NHANES-98364,United States,male,20-39,White,College grad,1979-06-22
NHANES-98365,United States,male,0-19,Black,NA,2011-02-11
NHANES-98366,United States,female,80+,Black,9-11th grade,1936-10-02
NHANES-98367,United States,female,0-19,Asian,NA,2011-04-02
NHANES-98368,United States,male,80+,White,Some college,1938-07-06
NHANES-98369,United States,male,60-79,White,High school,1948-08-10
NHANES-98370,United States,male,20-39,Black,High school,1996-04-14
NHANES-98371,United States,female,60-79,Black,College grad,1955-05-01
NHANES-98372,United States,male,60-79,Other,9-11th grade,1948-02-12
NHANES-98373,United States,female,60-79,White,College grad,1955-08-31
NHANES-98374,United States,female,40-59,White,9-11th grade,1975-12-16
NHANES-98375,Other,male,0-19,Other Hispanic,NA,1998-01-30
NHANES-98376,Other,male,20-39,Other Hispanic,Some college,1997-07-19
NHANES-98377,United States,female,0-19,Black,NA,2009-09-02
NHANES-98378,United States,female,0-19,Mexican American,NA,2000-06-18
NHANES-98379,United States,female,60-79,Black,Some college,1953-08-31
NHANES-98380,United States,male,0-19,Other,NA,2005-12-05
NHANES-98381,Other,male,40-59,Asian,College grad,1978-01-31
NHANES-98382,United States,female,0-19,Mexican American,NA,2006-11-22
NHANES-98383,Other,male,60-79,Mexican American,Less than 9th grade,1948-12-03
NHANES-98384,Other,female,40-59,Mexican American,Less than 9th grade,1962-10-17
NHANES-98385,United States,male,60-79,White,College grad,1956-02-16
NHANES-98386,United States,female,0-19,Other Hispanic,NA,2002-05-03
NHANES-98387,Other,male,0-19,Other Hispanic,NA,2012-09-06
NHANES-98388,United States,male,0-19,Asian,NA,2009-05-02
NHANES-98389,United States,male,0-19,Mexican American,NA,2005-12-29
NHANES-98390,United States,female,60-79,Black,High school,1951-04-18
NHANES-98391,United States,female,80+,White,9-11th grade,1938-09-05
NHANES-98392,United States,male,40-59,Black,Some college,1969-08-14
NHANES-98393,United States,female,80+,White,Some college,1937-08-12
NHANES-98394,United States,female,20-39,Other Hispanic,Some college,1978-12-18
NHANES-98395,United States,female,20-39,White,Less than 9th grade,1994-09-17
NHANES-98396,United States,female,0-19,Mexican American,NA,2005-10-01
NHANES-98397,United States,male,0-19,Black,NA,2001-08-04
NHANES-98398,United States,female,0-19,Mexican American,NA,2006-04-25
NHANES-98399,Other,male,40-59,Asian,College grad,1964-07-05
NHANES-98400,United States,male,0-19,White,NA,2007-08-01
NHANES-98401,United States,male,40-59,Black,Some college,1976-11-13
NHANES-98402,United States,male,20-39,Mexican American,Some college,1995-02-10
NHANES-98403,United States,male,20-39,Asian,High school,1990-07-17
NHANES-98404,United States,male,0-19,Black,NA,2002-08-26
NHANES-98405,United States,female,60-79,White,Some college,1947-03-24
NHANES-98406,United States,female,0-19,White,NA,2003-04-11
NHANES-98407,United States,male,0-19,Mexican American,NA,2013-04-02
NHANES-98408,United States,female,0-19,White,NA,1999-06-08
NHANES-98409,United States,male,0-19,White,NA,2014-10-31
NHANES-98410,United States,female,0-19,White,NA,2007-08-21
NHANES-98411,Other,female,0-19,Other,NA,1999-04-08
NHANES-98412,Other,female,60-79,Black,Some college,1950-09-14
NHANES-98413,Other,male,80+,Asian,College grad,1937-07-11
NHANES-98414,United States,female,60-79,Other,High school,1947-12-28
NHANES-98415,United States,male,0-19,Black,NA,2011-08-28
NHANES-98416,Other,female,20-39,Asian,College grad,1991-02-21
NHANES-98417,United States,female,60-79,White,High school,1938-12-18
NHANES-98418,United States,male,0-19,Asian,NA,2002-11-07
NHANES-98419,Other,male,0-19,Asian,NA,2005-10-31
NHANES-98420,United States,female,20-39,White,College grad,1990-12-25
NHANES-98421,Other,male,60-79,Asian,College grad,1956-03-02
NHANES-98422,United States,female,60-79,White,College grad,1954-04-08
NHANES-98423,United States,female,80+,Black,High school,1937-10-06
NHANES-98424,United States,male,80+,Black,9-11th grade,1937-07-15
NHANES-98425,United States,male,0-19,Other Hispanic,NA,2008-10-22
NHANES-98426,United States,male,20-39,Black,Some college,1989-10-08
NHANES-98427,United States,male,0-19,Asian,NA,1999-02-20
NHANES-98428,United States,female,20-39,White,High school,1992-02-18
NHANES-98429,United States,female,80+,White,Some college,1938-05-19
NHANES-98430,United States,female,0-19,Mexican American,NA,2009-01-22
NHANES-98431,United States,female,60-79,Black,High school,1948-07-20
NHANES-98432,United States,male,0-19,Other,NA,2017-05-24
NHANES-98433,United States,male,60-79,White,College grad,1946-02-02
NHANES-98434,United States,male,0-19,Asian,NA,2013-09-05
NHANES-98435,United States,female,20-39,Black,Some college,1996-11-25
NHANES-98436,United States,male,20-39,Black,College grad,1981-06-23
NHANES-98437,United States,female,20-39,Black,Some college,1984-12-19
NHANES-98438,United States,female,60-79,Mexican American,High school,1955-04-30
NHANES-98439,United States,male,0-19,Asian,NA,2015-04-01
NHANES-98440,United States,female,0-19,Black,NA,1998-01-29
NHANES-98441,United States,male,20-39,White,Some college,1995-12-21
NHANES-98442,United States,female,20-39,Black,High school,1995-06-02
NHANES-98443,United States,female,20-39,White,High school,1995-04-15
NHANES-98444,United States,female,40-59,White,High school,1958-11-29
NHANES-98445,United States,female,20-39,Other Hispanic,High school,1992-06-15
NHANES-98446,United States,male,0-19,Other,NA,2003-08-05
NHANES-98447,United States,male,20-39,White,Some college,1984-10-17
NHANES-98448,United States,female,20-39,Black,Some college,1993-02-19
NHANES-98449,Other,female,0-19,Mexican American,NA,2005-05-26
NHANES-98450,United States,female,0-19,Other,NA,2003-01-02
NHANES-98451,United States,male,0-19,White,NA,2012-02-02
NHANES-98452,Other,male,40-59,Asian,High school,1966-07-29
NHANES-98453,United States,male,0-19,Black,NA,2011-03-18
NHANES-98454,United States,female,60-79,Mexican American,9-11th grade,1954-09-19
NHANES-98455,United States,female,0-19,Other Hispanic,NA,2011-04-20
NHANES-98456,Other,male,20-39,Black,Less than 9th grade,1981-03-05
NHANES-98457,United States,male,80+,Black,Some college,1937-09-04
NHANES-98458,Other,male,20-39,Other Hispanic,9-11th grade,1994-07-10
NHANES-98459,United States,female,0-19,Asian,NA,2004-11-07
NHANES-98460,Other,female,20-39,Mexican American,9-11th grade,1989-05-10
NHANES-98461,Other,female,40-59,Asian,High school,1962-12-18
NHANES-98462,United States,male,60-79,Mexican American,College grad,1946-10-21
NHANES-98463,United States,female,60-79,White,Some college,1950-07-07
NHANES-98464,United States,male,0-19,Other,NA,2011-04-04
NHANES-98465,United States,female,0-19,White,NA,2003-10-28
NHANES-98466,United States,male,0-19,Black,NA,2016-02-21
NHANES-98467,United States,female,0-19,White,NA,2013-06-16
NHANES-98468,United States,female,0-19,Mexican American,NA,2002-08-29
NHANES-98469,Other,male,40-59,Asian,College grad,1977-09-02
NHANES-98470,Other,female,20-39,Other Hispanic,Less than 9th grade,1979-10-26
NHANES-98471,United States,male,40-59,Other,College grad,1970-10-31
NHANES-98472,United States,female,0-19,Asian,NA,2015-03-13
NHANES-98473,Other,female,60-79,Other Hispanic,College grad,1953-06-13
NHANES-98474,United States,male,20-39,Black,Some college,1983-01-20
NHANES-98475,Other,male,20-39,Mexican American,Some college,1995-04-05
NHANES-98476,United States,male,0-19,White,NA,2016-07-10
NHANES-98477,United States,female,0-19,Other,NA,2005-04-06
NHANES-98478,United States,female,0-19,Other Hispanic,NA,2014-03-03
NHANES-98479,Other,male,20-39,Asian,College grad,1989-12-11
NHANES-98480,United States,male,80+,White,College grad,1937-09-30
NHANES-98481,United States,male,60-79,Other,High school,1956-12-20
NHANES-98482,Other,female,0-19,Black,NA,2001-08-13
NHANES-98483,United States,female,20-39,White,Some college,1990-07-24
NHANES-98484,Other,female,0-19,Asian,NA,2003-12-28
NHANES-98485,United States,male,20-39,Other,High school,1996-11-24
NHANES-98486,Other,female,0-19,Asian,NA,2005-03-06
NHANES-98487,United States,female,0-19,Mexican American,NA,2017-07-02
NHANES-98488,United States,male,0-19,Other Hispanic,NA,2009-06-13
NHANES-98489,United States,female,40-59,Black,High school,1961-08-16
NHANES-98490,United States,male,20-39,White,High school,1992-11-29
NHANES-98491,United States,female,60-79,White,9-11th grade,1957-04-02
NHANES-98492,United States,female,0-19,Mexican American,NA,2017-01-04
NHANES-98493,United States,female,0-19,Mexican American,NA,1999-07-28
NHANES-98494,United States,female,20-39,Other,College grad,1991-07-06
NHANES-98495,Other,male,40-59,White,High school,1968-06-09
NHANES-98496,United States,female,40-59,Black,Some college,1970-07-31
NHANES-98497,United States,male,0-19,Mexican American,NA,2015-08-01
NHANES-98498,United States,female,60-79,White,College grad,1943-07-24
NHANES-98499,United States,male,0-19,Other Hispanic,NA,2005-07-08
NHANES-98500,Other,female,40-59,Other Hispanic,Some college,1961-09-13
NHANES-98501,Other,female,60-79,Other Hispanic,Some college,1949-10-11
NHANES-98502,United States,female,80+,White,High school,1936-05-20
NHANES-98503,United States,male,0-19,Black,NA,2015-11-17
NHANES-98504,United States,male,0-19,Black,NA,1999-08-17
NHANES-98505,United States,male,0-19,Mexican American,NA,2000-12-13
NHANES-98506,Other,female,60-79,Black,Some college,1953-05-02
NHANES-98507,United States,female,0-19,Mexican American,NA,2000-10-04
NHANES-98508,Other,male,60-79,Asian,College grad,1956-11-01
NHANES-98509,United States,female,20-39,White,High school,1988-03-26
NHANES-98510,United States,male,0-19,Other Hispanic,NA,2008-08-06
NHANES-98511,United States,female,0-19,White,NA,2005-09-23
NHANES-98512,Other,female,20-39,Black,Some college,1984-12-08
NHANES-98513,United States,male,0-19,Other Hispanic,NA,2014-08-07
NHANES-98514,United States,male,20-39,White,Some college,1984-06-10
NHANES-98515,United States,female,0-19,White,NA,2015-04-29
NHANES-98516,United States,male,0-19,White,NA,2008-07-30
NHANES-98517,United States,female,80+,White,High school,1937-01-05
NHANES-98518,United States,male,0-19,White,NA,2014-09-14
NHANES-98519,United States,female,0-19,Mexican American,NA,2016-09-23
NHANES-98520,United States,male,0-19,White,NA,2001-06-24
NHANES-98521,United States,male,40-59,Black,High school,1977-01-27
NHANES-98522,United States,male,0-19,Black,NA,2000-05-05
NHANES-98523,United States,male,40-59,White,9-11th grade,1977-07-20
NHANES-98524,United States,female,40-59,Black,High school,1968-04-28
NHANES-98525,United States,male,0-19,White,NA,2016-04-21
NHANES-98526,Other,male,60-79,White,Some college,1949-11-01
NHANES-98527,United States,female,20-39,Black,9-11th grade,1987-12-17
NHANES-98528,United States,male,20-39,White,Some college,1985-11-11
NHANES-98529,United States,female,60-79,White,High school,1948-02-12
NHANES-98530,Other,male,60-79,Asian,Some college,1957-06-17
NHANES-98531,United States,female,20-39,White,High school,1997-05-02
NHANES-98532,United States,female,0-19,Asian,NA,2013-08-10
NHANES-98533,United States,female,0-19,White,NA,2014-11-06
NHANES-98534,United States,male,0-19,Mexican American,NA,2017-09-04
NHANES-98535,United States,female,80+,White,High school,1938-09-03
NHANES-98536,United States,female,60-79,White,9-11th grade,1940-05-13
NHANES-98537,Other,female,40-59,Mexican American,9-11th grade,1957-12-27
NHANES-98538,United States,female,60-79,White,College grad,1955-10-28
NHANES-98539,United States,female,0-19,Other,NA,2013-12-02
NHANES-98540,Other,male,60-79,Asian,9-11th grade,1954-06-09
NHANES-98541,Other,female,60-79,Mexican American,Some college,1950-01-01
NHANES-98542,Other,female,40-59,Black,College grad,1962-11-21
NHANES-98543,United States,female,0-19,Mexican American,NA,2017-09-12
NHANES-98544,Other,female,20-39,White,High school,1987-09-08
NHANES-98545,Other,female,20-39,Other Hispanic,High school,1981-08-20
NHANES-98546,United States,female,0-19,White,NA,2007-09-02
NHANES-98547,United States,male,0-19,Other,NA,2008-09-25
NHANES-98548,Other,male,40-59,Other Hispanic,Some college,1973-11-09
NHANES-98549,Other,female,60-79,Mexican American,Less than 9th grade,1954-10-31
NHANES-98550,United States,male,40-59,Black,College grad,1977-09-13
NHANES-98551,Other,female,20-39,Asian,College grad,1986-02-10
NHANES-98552,United States,female,0-19,White,NA,2016-06-16
NHANES-98553,United States,female,40-59,Other Hispanic,College grad,1978-01-04
NHANES-98554,Other,female,60-79,Other Hispanic,Some college,1954-01-07
NHANES-98555,Other,male,20-39,Other Hispanic,Some college,1995-08-21
NHANES-98556,Other,male,40-59,Asian,College grad,1969-01-31
NHANES-98557,United States,male,80+,Black,9-11th grade,1937-07-02
NHANES-98558,United States,female,60-79,Black,Some college,1954-06-15
NHANES-98559,United States,female,0-19,Black,NA,2009-01-09
NHANES-98560,United States,male,0-19,Black,NA,2001-09-09
NHANES-98561,United States,male,40-59,Black,College grad,1973-06-04
NHANES-98562,United States,female,60-79,Black,Some college,1950-12-10
NHANES-98563,United States,female,0-19,Black,NA,1999-04-27
NHANES-98564,United States,female,20-39,White,College grad,1978-02-25
NHANES-98565,United States,female,40-59,White,Some college,1959-06-08
NHANES-98566,United States,female,0-19,Black,NA,2014-04-15
NHANES-98567,United States,female,0-19,White,NA,2010-01-09
NHANES-98568,United States,male,60-79,White,High school,1938-08-06
NHANES-98569,United States,male,60-79,Other Hispanic,9-11th grade,1951-03-24
NHANES-98570,United States,male,0-19,White,NA,2017-05-20
NHANES-98571,United States,female,20-39,Black,Some college,1989-09-28
NHANES-98572,United States,female,0-19,White,NA,2017-05-19
NHANES-98573,Other,female,40-59,Asian,College grad,1963-03-02
NHANES-98574,United States,female,40-59,Black,High school,1961-08-02
NHANES-98575,United States,male,0-19,Asian,NA,2011-07-26
NHANES-98576,United States,male,0-19,Mexican American,NA,2011-01-27
NHANES-98577,United States,female,0-19,Black,NA,2006-12-10
NHANES-98578,United States,female,0-19,Other Hispanic,NA,2000-11-02
NHANES-98579,Other,female,20-39,Asian,College grad,1982-03-05
NHANES-98580,United States,female,0-19,Other,NA,2013-06-15
NHANES-98581,United States,female,60-79,White,Some college,1950-08-13
NHANES-98582,United States,female,0-19,Black,NA,2010-01-12
NHANES-98583,United States,male,0-19,Asian,NA,2000-04-12
NHANES-98584,United States,female,0-19,Black,NA,2006-09-13
NHANES-98585,United States,female,40-59,Mexican American,Some college,1966-08-25
NHANES-98586,United States,male,60-79,White,Some college,1944-11-18
NHANES-98587,United States,female,0-19,Black,NA,2006-09-15
NHANES-98588,United States,male,0-19,Black,NA,2012-02-23
NHANES-98589,United States,female,20-39,Mexican American,Some college,1996-12-25
NHANES-98590,United States,female,0-19,Black,NA,2005-08-27
NHANES-98591,United States,female,0-19,Black,NA,2007-05-04
NHANES-98592,Other,female,60-79,Asian,High school,1948-02-01
NHANES-98593,Other,female,40-59,Asian,College grad,1968-12-04
NHANES-98594,United States,female,20-39,Mexican American,College grad,1979-09-30
NHANES-98595,Other,female,40-59,Mexican American,High school,1967-04-18
NHANES-98596,United States,male,0-19,Asian,NA,1999-01-13
NHANES-98597,United States,female,60-79,Mexican American,Less than 9th grade,1951-12-26
NHANES-98598,United States,male,60-79,Black,9-11th grade,1953-05-27
NHANES-98599,United States,male,80+,White,High school,1937-04-21
NHANES-98600,United States,male,80+,White,High school,1938-02-24
NHANES-98601,United States,female,40-59,Black,Some college,1975-10-21
NHANES-98602,United States,female,60-79,Mexican American,College grad,1954-10-01
NHANES-98603,United States,female,60-79,Other,Some college,1948-07-11
NHANES-98604,United States,male,0-19,White,NA,2007-10-20
NHANES-98605,United States,female,40-59,Black,High school,1962-02-08
NHANES-98606,United States,male,40-59,Black,Some college,1971-10-15
NHANES-98607,United States,female,0-19,Asian,NA,2009-01-18
NHANES-98608,United States,male,0-19,Asian,NA,1998-06-29
NHANES-98609,United States,female,60-79,Mexican American,Some college,1956-01-23
NHANES-98610,United States,male,60-79,White,College grad,1940-11-19
NHANES-98611,United States,female,40-59,Other Hispanic,High school,1958-12-29
NHANES-98612,Other,male,0-19,Asian,NA,2015-03-29
NHANES-98613,United States,male,0-19,Mexican American,NA,2006-09-29
NHANES-98614,Other,female,40-59,Asian,Some college,1957-09-20
NHANES-98615,United States,male,60-79,Black,Some college,1956-04-25
NHANES-98616,Other,female,40-59,Asian,College grad,1974-03-16
NHANES-98617,United States,female,40-59,Other,College grad,1962-01-27
NHANES-98618,Other,male,0-19,Mexican American,NA,1999-02-26
NHANES-98619,United States,male,0-19,Mexican American,NA,2015-08-10
NHANES-98620,United States,male,0-19,White,NA,2010-04-15
NHANES-98621,United States,male,0-19,Other,NA,2016-11-20
NHANES-98622,United States,female,40-59,Black,Some college,1959-01-08
NHANES-98623,United States,female,0-19,White,NA,2001-06-22
NHANES-98624,United States,male,40-59,Black,High school,1965-01-02
NHANES-98625,United States,male,0-19,Black,NA,2016-09-22
NHANES-98626,United States,female,60-79,Black,Some college,1957-11-28
NHANES-98627,Other,male,40-59,Asian,Some college,1964-07-20
NHANES-98628,Other,male,40-59,Mexican American,Some college,1969-09-12
NHANES-98629,United States,male,40-59,White,High school,1972-11-30
NHANES-98630,Other,male,60-79,Black,College grad,1952-09-05
NHANES-98631,United States,female,40-59,White,9-11th grade,1974-06-15
NHANES-98632,United States,male,0-19,Other Hispanic,NA,2012-09-27
NHANES-98633,United States,male,0-19,White,NA,2004-03-16
NHANES-98634,United States,female,60-79,Other Hispanic,Some college,1941-05-23
NHANES-98635,United States,male,0-19,White,NA,2004-01-06
NHANES-98636,United States,female,0-19,White,NA,2015-07-10
NHANES-98637,United States,female,20-39,Other,Some college,1995-08-16
NHANES-98638,United States,male,60-79,Black,High school,1951-08-16
NHANES-98639,United States,male,0-19,White,NA,2011-11-11
NHANES-98640,United States,male,0-19,White,NA,2005-02-04
NHANES-98641,United States,male,60-79,White,Some college,1950-10-25
NHANES-98642,United States,male,0-19,White,NA,2004-10-03
NHANES-98643,United States,male,0-19,White,NA,2008-09-15
NHANES-98644,United States,female,0-19,Mexican American,NA,2008-01-06
NHANES-98645,United States,female,60-79,White,9-11th grade,1943-03-10
NHANES-98646,Other,female,40-59,Mexican American,Less than 9th grade,1975-07-23
NHANES-98647,United States,male,0-19,White,NA,2009-07-05
NHANES-98648,United States,female,80+,White,9-11th grade,1937-06-08
NHANES-98649,United States,male,60-79,White,Some college,1943-07-03
NHANES-98650,United States,male,60-79,Black,High school,1945-09-03
NHANES-98651,United States,female,60-79,Black,High school,1943-11-28
NHANES-98652,United States,male,0-19,Mexican American,NA,2015-09-18
NHANES-98653,United States,male,40-59,Black,Some college,1960-02-22
NHANES-98654,United States,male,0-19,Mexican American,NA,2000-08-12
NHANES-98655,United States,female,0-19,Black,NA,2010-10-01
NHANES-98656,United States,male,40-59,White,High school,1962-11-05
NHANES-98657,United States,male,40-59,Other Hispanic,Some college,1962-01-22
NHANES-98658,United States,male,0-19,Other Hispanic,NA,2017-03-14
NHANES-98659,United States,female,0-19,Other,NA,2010-11-30
NHANES-98660,United States,male,0-19,White,NA,2016-02-19
NHANES-98661,United States,female,20-39,Black,9-11th grade,1987-01-16
NHANES-98662,Other,female,60-79,Mexican American,Less than 9th grade,1951-03-30
NHANES-98663,United States,female,0-19,Other Hispanic,NA,2012-12-11
NHANES-98664,Other,male,0-19,Other Hispanic,NA,2010-02-19
NHANES-98665,United States,female,60-79,Other Hispanic,9-11th grade,1952-04-13
NHANES-98666,United States,male,40-59,Black,College grad,1963-10-10
NHANES-98667,United States,female,80+,White,Some college,1938-02-26
NHANES-98668,United States,female,0-19,White,NA,2017-09-25
NHANES-98669,United States,male,60-79,White,Some college,1953-06-08
NHANES-98670,United States,female,60-79,Mexican American,High school,1951-08-17
NHANES-98671,United States,female,0-19,Black,NA,2006-12-22
NHANES-98672,United States,female,0-19,Asian,NA,2016-04-19
NHANES-98673,Other,female,40-59,Asian,College grad,1963-01-26
NHANES-98674,United States,male,0-19,White,NA,2009-06-28
NHANES-98675,Other,male,60-79,Asian,College grad,1956-10-07
NHANES-98676,United States,male,0-19,White,NA,2003-09-27
NHANES-98677,United States,male,20-39,White,High school,1993-08-21
NHANES-98678,United States,male,0-19,Asian,NA,2008-03-11
NHANES-98679,Other,male,60-79,Mexican American,Less than 9th grade,1952-06-21
NHANES-98680,United States,female,20-39,Black,Some college,1981-01-26
NHANES-98681,United States,female,80+,Black,Some college,1937-10-06
NHANES-98682,Other,male,60-79,Other Hispanic,Less than 9th grade,1952-09-06
NHANES-98683,United States,male,40-59,White,College grad,1965-09-22
NHANES-98684,United States,male,60-79,White,High school,1946-07-30
NHANES-98685,United States,female,60-79,Other,Some college,1953-03-23
NHANES-98686,United States,male,0-19,White,NA,2014-09-25
NHANES-98687,United States,female,20-39,White,Some college,1988-04-23
NHANES-98688,United States,female,0-19,Black,NA,1999-06-14
NHANES-98689,United States,male,20-39,White,9-11th grade,1981-07-03
NHANES-98690,United States,male,80+,Black,College grad,1938-05-25
NHANES-98691,Other,male,40-59,Other Hispanic,High school,1962-02-24
NHANES-98692,United States,male,20-39,Black,Some college,1992-09-21
NHANES-98693,Other,female,40-59,Mexican American,Less than 9th grade,1961-08-20
NHANES-98694,United States,female,40-59,White,Some college,1964-01-18
NHANES-98695,United States,male,0-19,Black,NA,2000-06-12
NHANES-98696,United States,female,0-19,Other,NA,2009-04-08
NHANES-98697,United States,male,0-19,White,NA,2000-06-07
NHANES-98698,United States,female,20-39,Asian,College grad,1990-05-12
NHANES-98699,Other,female,60-79,Other Hispanic,High school,1949-01-31
NHANES-98700,United States,female,0-19,Other Hispanic,NA,2009-11-30
NHANES-98701,United States,female,60-79,White,High school,1944-11-25
NHANES-98702,United States,female,0-19,Asian,NA,2000-04-12
NHANES-98703,United States,female,60-79,Black,High school,1948-08-06
NHANES-98704,United States,male,0-19,Black,NA,2008-03-24
NHANES-98705,Other,male,60-79,Asian,Less than 9th grade,1955-12-23
NHANES-98706,United States,female,0-19,White,NA,2016-09-02
NHANES-98707,United States,female,60-79,Black,Some college,1953-04-03
NHANES-98708,United States,male,40-59,White,College grad,1974-07-19
NHANES-98709,United States,female,0-19,Mexican American,NA,2008-01-21
NHANES-98710,United States,male,20-39,Mexican American,Less than 9th grade,1993-04-26
NHANES-98711,United States,male,40-59,Other,Some college,1963-09-07
NHANES-98712,United States,female,0-19,Other Hispanic,NA,2011-06-17
NHANES-98713,United States,female,40-59,Other,Some college,1958-01-22
NHANES-98714,United States,female,40-59,Mexican American,High school,1977-02-20
NHANES-98715,United States,female,0-19,White,NA,2007-08-31
NHANES-98716,United States,female,40-59,Black,Some college,1975-09-17
NHANES-98717,Other,male,60-79,Asian,College grad,1953-05-02
NHANES-98718,Other,female,20-39,Other Hispanic,High school,1983-10-04
NHANES-98719,United States,female,40-59,Mexican American,High school,1974-06-27
NHANES-98720,United States,male,0-19,Other,NA,2002-03-14
NHANES-98721,United States,female,40-59,Black,High school,1962-04-17
NHANES-98722,United States,female,40-59,Black,9-11th grade,1960-03-10
NHANES-98723,United States,male,0-19,White,NA,2013-10-22
NHANES-98724,Other,male,20-39,Other Hispanic,High school,1995-12-28
NHANES-98725,Other,male,60-79,Asian,Some college,1949-11-23
NHANES-98726,United States,male,20-39,White,College grad,1978-08-16
NHANES-98727,United States,female,0-19,White,NA,2012-12-17
NHANES-98728,Other,male,40-59,Asian,College grad,1976-05-12
NHANES-98729,Other,female,20-39,Asian,Some college,1988-06-19
NHANES-98730,United States,male,0-19,Black,NA,2008-04-20
NHANES-98731,United States,male,0-19,Black,NA,2013-08-05
NHANES-98732,United States,male,60-79,White,Some college,1952-03-02
NHANES-98733,United States,female,20-39,White,Some college,1980-08-20
NHANES-98734,United States,male,20-39,White,High school,1984-05-25
NHANES-98735,United States,male,0-19,Mexican American,NA,2015-09-24
NHANES-98736,United States,male,0-19,White,NA,2012-10-23
NHANES-98737,United States,female,0-19,White,NA,2013-08-10
NHANES-98738,United States,female,0-19,Mexican American,NA,2010-01-31
NHANES-98739,United States,male,0-19,Other,NA,2008-04-06
NHANES-98740,Other,male,20-39,Asian,Some college,1987-04-03
NHANES-98741,United States,female,60-79,White,Some college,1953-12-04
NHANES-98742,Other,female,80+,Mexican American,Less than 9th grade,1937-01-28
NHANES-98743,Other,male,60-79,Asian,College grad,1956-01-06
NHANES-98744,NA,female,60-79,Black,NA,1953-03-01
NHANES-98745,United States,female,60-79,Black,College grad,1957-09-18
NHANES-98746,United States,female,60-79,White,High school,1957-04-06
NHANES-98747,United States,male,20-39,Black,High school,1995-06-20
NHANES-98748,United States,male,40-59,White,Some college,1968-04-29
NHANES-98749,United States,male,20-39,White,9-11th grade,1981-03-04
NHANES-98750,United States,female,0-19,White,NA,2016-05-27
NHANES-98751,Other,male,40-59,Asian,High school,1975-09-01
NHANES-98752,United States,male,60-79,Black,College grad,1950-06-10
NHANES-98753,United States,male,0-19,Other,NA,2003-01-04
NHANES-98754,United States,male,0-19,Other,NA,2018-01-24
NHANES-98755,United States,female,60-79,White,High school,1949-08-21
NHANES-98756,United States,male,80+,White,9-11th grade,1937-12-07
NHANES-98757,United States,male,40-59,White,High school,1977-01-30
NHANES-98758,Other,female,0-19,Black,NA,2012-02-26
NHANES-98759,Other,male,80+,Mexican American,9-11th grade,1938-06-29
NHANES-98760,United States,female,0-19,White,NA,2016-08-11
NHANES-98761,United States,female,0-19,White,NA,2013-09-27
NHANES-98762,United States,male,20-39,White,Some college,1988-05-20
NHANES-98763,United States,female,40-59,Black,Some college,1966-05-30
NHANES-98764,United States,female,0-19,Asian,NA,2011-10-27
NHANES-98765,United States,male,0-19,White,NA,2013-03-16
NHANES-98766,United States,female,0-19,White,NA,2014-03-11
NHANES-98767,Other,female,60-79,Asian,College grad,1954-04-13
NHANES-98768,United States,female,60-79,Black,High school,1940-11-07
NHANES-98769,Other,male,40-59,Asian,College grad,1977-03-11
NHANES-98770,United States,female,40-59,Black,Some college,1972-07-15
NHANES-98771,United States,male,0-19,Asian,NA,2017-05-12
NHANES-98772,United States,male,40-59,White,Some college,1957-03-29
NHANES-98773,Other,male,0-19,Asian,NA,2003-02-08
NHANES-98774,United States,female,0-19,Mexican American,NA,2011-05-31
NHANES-98775,United States,male,20-39,Other,College grad,1992-08-14
NHANES-98776,United States,female,40-59,White,Some college,1971-09-03
NHANES-98777,Other,male,0-19,Black,NA,2010-02-14
NHANES-98778,Other,male,40-59,Asian,College grad,1975-12-25
NHANES-98779,Other,female,0-19,Other Hispanic,NA,2017-04-03
NHANES-98780,United States,male,40-59,Black,High school,1972-12-05
NHANES-98781,United States,female,40-59,White,Some college,1962-03-11
NHANES-98782,United States,female,40-59,Black,Some college,1973-08-07
NHANES-98783,United States,female,40-59,White,Some college,1977-12-03
NHANES-98784,United States,female,20-39,Other,High school,1993-02-25
NHANES-98785,United States,male,0-19,White,NA,2017-04-26
NHANES-98786,United States,male,0-19,White,NA,2001-05-20
NHANES-98787,United States,female,0-19,White,NA,2008-04-09
NHANES-98788,United States,female,20-39,Mexican American,Some college,1996-10-26
NHANES-98789,Other,female,40-59,Other Hispanic,Some college,1964-09-30
NHANES-98790,United States,male,40-59,Other,Some college,1974-12-07
NHANES-98791,United States,male,40-59,White,College grad,1963-03-09
NHANES-98792,United States,male,0-19,Black,NA,2008-10-16
NHANES-98793,Other,female,40-59,Asian,College grad,1970-12-28
NHANES-98794,United States,male,0-19,White,NA,2004-01-09
NHANES-98795,United States,female,0-19,Asian,NA,2001-06-03
NHANES-98796,United States,female,20-39,Black,Some college,1996-06-24
NHANES-98797,United States,female,40-59,White,Some college,1961-09-23
NHANES-98798,United States,female,0-19,Other,NA,2006-09-27
NHANES-98799,United States,female,20-39,White,College grad,1984-08-06
NHANES-98800,United States,female,0-19,Asian,NA,2011-06-30
NHANES-98801,United States,male,0-19,Black,NA,2002-05-14
NHANES-98802,Other,male,0-19,Black,NA,2003-02-26
NHANES-98803,Other,male,40-59,Mexican American,Less than 9th grade,1973-05-15
NHANES-98804,Other,female,20-39,Asian,College grad,1977-05-24
NHANES-98805,United States,male,0-19,Other Hispanic,NA,2014-09-03
NHANES-98806,United States,female,60-79,Other Hispanic,Less than 9th grade,1945-11-21
NHANES-98807,United States,female,20-39,Mexican American,Some college,1988-08-23
NHANES-98808,United States,male,0-19,White,NA,2014-01-08
NHANES-98809,United States,female,0-19,Black,NA,2016-02-08
NHANES-98810,United States,female,40-59,Black,Some college,1962-04-17
NHANES-98811,United States,male,0-19,White,NA,2017-02-17
NHANES-98812,Other,female,20-39,Asian,9-11th grade,1985-06-09
NHANES-98813,Other,male,60-79,Asian,College grad,1949-11-04
NHANES-98814,Other,male,60-79,Mexican American,Less than 9th grade,1949-09-14
NHANES-98815,United States,female,60-79,White,College grad,1941-06-18
NHANES-98816,United States,female,0-19,White,NA,2006-04-03
NHANES-98817,United States,female,20-39,White,Some college,1996-03-20
NHANES-98818,United States,female,0-19,White,NA,2015-08-08
NHANES-98819,United States,female,40-59,Black,High school,1960-07-05
NHANES-98820,United States,male,60-79,White,High school,1954-10-18
NHANES-98821,Other,female,20-39,White,College grad,1983-08-11
NHANES-98822,United States,male,20-39,White,Some college,1978-02-27
NHANES-98823,Other,female,40-59,Other Hispanic,9-11th grade,1965-10-07
NHANES-98824,United States,male,20-39,Other,9-11th grade,1993-04-23
NHANES-98825,United States,female,0-19,Black,NA,2009-11-10
NHANES-98826,United States,female,0-19,Black,NA,2013-10-30
NHANES-98827,United States,female,80+,Other,Some college,1937-10-29
NHANES-98828,United States,female,20-39,Black,Some college,1989-03-03
NHANES-98829,United States,male,0-19,Mexican American,NA,1999-09-17
NHANES-98830,United States,male,60-79,Other,High school,1951-10-08
NHANES-98831,United States,male,0-19,Other Hispanic,NA,2018-02-12
NHANES-98832,United States,female,40-59,Black,College grad,1970-06-10
NHANES-98833,United States,female,60-79,White,High school,1942-06-14
NHANES-98834,United States,female,40-59,White,Some college,1961-11-12
NHANES-98835,United States,male,0-19,White,NA,2004-05-18
NHANES-98836,United States,male,0-19,Other,NA,2015-09-10
NHANES-98837,Other,male,80+,White,Some college,1937-06-17
NHANES-98838,United States,female,60-79,White,High school,1947-04-29
NHANES-98839,Other,female,20-39,Asian,College grad,1985-10-09
NHANES-98840,United States,female,40-59,Other,College grad,1967-06-01
NHANES-98841,United States,female,0-19,Black,NA,2016-07-03
NHANES-98842,United States,male,60-79,White,High school,1938-02-15
NHANES-98843,United States,male,40-59,White,High school,1962-02-02
NHANES-98844,United States,male,60-79,Black,9-11th grade,1941-03-10
NHANES-98845,Other,female,40-59,Asian,High school,1967-07-20
NHANES-98846,United States,female,40-59,White,9-11th grade,1970-03-09
NHANES-98847,United States,male,40-59,White,Some college,1965-03-01
NHANES-98848,Other,female,60-79,Asian,Some college,1939-11-07
NHANES-98849,United States,male,0-19,Asian,NA,2009-09-06
NHANES-98850,United States,male,0-19,Mexican American,NA,2006-03-16
NHANES-98851,United States,female,20-39,Other,Some college,1994-08-23
NHANES-98852,Other,male,0-19,Asian,NA,2013-04-23
NHANES-98853,United States,male,60-79,White,Some college,1945-03-16
NHANES-98854,United States,male,20-39,Mexican American,Some college,1995-05-06
NHANES-98855,United States,female,0-19,Black,NA,2011-10-19
NHANES-98856,United States,female,0-19,Black,NA,2008-07-23
NHANES-98857,Other,male,40-59,Asian,College grad,1959-11-04
NHANES-98858,United States,female,60-79,Black,Some college,1951-12-15
NHANES-98859,Other,male,20-39,Black,High school,1987-05-28
NHANES-98860,United States,male,0-19,White,NA,2009-11-03
NHANES-98861,United States,female,0-19,Asian,NA,2015-11-29
NHANES-98862,United States,female,0-19,White,NA,2011-09-16
NHANES-98863,United States,male,0-19,Other,NA,2009-07-15
NHANES-98864,Other,male,60-79,Asian,College grad,1955-07-01
NHANES-98865,Other,male,20-39,White,College grad,1982-07-10
NHANES-98866,United States,male,0-19,White,NA,1998-05-09
NHANES-98867,Other,male,60-79,Black,Some college,1957-01-27
NHANES-98868,United States,male,20-39,Black,High school,1996-11-06
NHANES-98869,Other,male,60-79,Asian,College grad,1942-08-29
NHANES-98870,United States,female,20-39,White,Some college,1994-05-03
NHANES-98871,United States,male,0-19,Black,NA,2008-06-18
NHANES-98872,United States,female,40-59,Black,College grad,1973-04-06
NHANES-98873,United States,female,0-19,Other,NA,2016-05-16
NHANES-98874,United States,female,0-19,White,NA,2014-07-04
NHANES-98875,United States,female,0-19,Asian,NA,2009-04-21
NHANES-98876,United States,male,20-39,Black,Some college,1995-09-04
NHANES-98877,Other,male,20-39,Asian,9-11th grade,1979-02-09
NHANES-98878,Other,female,40-59,Mexican American,9-11th grade,1975-07-27
NHANES-98879,United States,female,0-19,White,NA,2013-07-04
NHANES-98880,Other,male,40-59,Mexican American,9-11th grade,1968-07-29
NHANES-98881,United States,male,0-19,Other,NA,2013-11-26
NHANES-98882,United States,male,0-19,Black,NA,2016-09-21
NHANES-98883,United States,female,0-19,Mexican American,NA,2000-03-18
NHANES-98884,United States,male,60-79,White,College grad,1942-05-03
NHANES-98885,United States,male,0-19,White,NA,2003-01-09
NHANES-98886,United States,male,0-19,Asian,NA,2008-05-29
NHANES-98887,United States,female,80+,White,High school,1937-09-28
NHANES-98888,United States,female,0-19,White,NA,2017-07-03
NHANES-98889,United States,female,0-19,Mexican American,NA,2011-03-13
NHANES-98890,United States,male,0-19,White,NA,2001-03-23
NHANES-98891,Other,female,40-59,Other Hispanic,Less than 9th grade,1963-10-01
NHANES-98892,United States,male,40-59,White,High school,1962-03-13
NHANES-98893,Other,male,60-79,Other Hispanic,Less than 9th grade,1947-09-12
NHANES-98894,Other,male,20-39,Asian,Less than 9th grade,1982-09-15
NHANES-98895,United States,male,20-39,Black,College grad,1979-05-21
NHANES-98896,United States,male,0-19,Mexican American,NA,2002-03-27
NHANES-98897,United States,male,0-19,Black,NA,2017-08-18
NHANES-98898,United States,male,80+,White,College grad,1937-09-11
NHANES-98899,United States,female,60-79,White,Some college,1951-04-29
NHANES-98900,United States,male,20-39,White,Some college,1982-03-09
NHANES-98901,United States,male,60-79,Black,Some college,1951-10-26
NHANES-98902,Other,female,40-59,Asian,College grad,1961-01-03
NHANES-98903,Other,female,60-79,Other Hispanic,Some college,1945-01-29
NHANES-98904,United States,female,40-59,White,College grad,1965-10-06
NHANES-98905,United States,male,60-79,White,High school,1953-08-23
NHANES-98906,Other,male,20-39,Other Hispanic,9-11th grade,1984-02-26
NHANES-98907,Other,male,40-59,Mexican American,College grad,1961-03-28
NHANES-98908,United States,male,0-19,White,NA,2009-08-15
NHANES-98909,Other,male,60-79,Other Hispanic,High school,1949-05-19
NHANES-98910,Other,male,20-39,Black,Some college,1995-10-05
NHANES-98911,United States,female,0-19,Black,NA,2008-02-25
NHANES-98912,United States,male,20-39,Black,High school,1981-05-17
NHANES-98913,United States,female,0-19,White,NA,2000-04-03
NHANES-98914,United States,female,60-79,White,Some college,1953-12-08
NHANES-98915,United States,female,0-19,White,NA,2010-06-15
NHANES-98916,United States,male,60-79,Black,College grad,1951-01-25
NHANES-98917,United States,female,40-59,White,Some college,1961-05-02
NHANES-98918,United States,male,20-39,Black,High school,1994-03-25
NHANES-98919,United States,female,0-19,Mexican American,NA,2004-01-02
NHANES-98920,United States,male,20-39,White,Some college,1993-10-04
NHANES-98921,United States,female,20-39,White,College grad,1992-08-01
NHANES-98922,United States,male,80+,White,College grad,1936-10-20
NHANES-98923,United States,female,40-59,Black,Some college,1970-04-15
NHANES-98924,Other,male,60-79,Other Hispanic,Some college,1957-05-03
NHANES-98925,Other,female,20-39,Mexican American,High school,1996-05-04
NHANES-98926,NA,female,40-59,Asian,NA,1969-08-22
NHANES-98927,United States,female,0-19,Black,NA,1999-12-20
NHANES-98928,Other,male,60-79,Mexican American,Less than 9th grade,1953-05-08
NHANES-98929,Other,male,60-79,Mexican American,Some college,1954-07-08
NHANES-98930,United States,female,0-19,Other Hispanic,NA,2009-05-21
NHANES-98931,United States,female,60-79,Black,College grad,1949-03-24
NHANES-98932,Other,male,40-59,Other Hispanic,Less than 9th grade,1973-01-19
NHANES-98933,United States,female,40-59,White,College grad,1971-06-30
NHANES-98934,United States,female,80+,White,9-11th grade,1936-06-10
NHANES-98935,United States,male,20-39,Black,College grad,1991-12-23
NHANES-98936,United States,male,20-39,White,9-11th grade,1989-08-13
NHANES-98937,United States,female,0-19,Black,NA,2015-10-22
NHANES-98938,United States,female,0-19,White,NA,1999-08-19
NHANES-98939,United States,male,20-39,White,High school,1980-10-21
NHANES-98940,Other,female,60-79,Mexican American,9-11th grade,1954-03-18
NHANES-98941,Other,female,40-59,Asian,9-11th grade,1958-07-17
NHANES-98942,United States,male,0-19,White,NA,2006-06-13
NHANES-98943,United States,male,0-19,Mexican American,NA,2008-10-08
NHANES-98944,United States,male,20-39,White,Some college,1989-12-12
NHANES-98945,United States,male,40-59,White,High school,1975-02-24
NHANES-98946,United States,female,60-79,White,High school,1953-05-06
NHANES-98947,Other,male,40-59,Asian,9-11th grade,1969-09-30
NHANES-98948,United States,male,20-39,White,Some college,1984-12-16
NHANES-98949,United States,male,0-19,Black,NA,2014-11-06
NHANES-98950,United States,female,0-19,White,NA,2005-12-21
NHANES-98951,United States,female,40-59,Black,Some college,1966-09-19
NHANES-98952,Other,male,20-39,Asian,College grad,1993-04-12
NHANES-98953,United States,female,0-19,White,NA,1998-08-29
NHANES-98954,United States,female,0-19,Mexican American,NA,2015-05-19
NHANES-98955,United States,male,20-39,White,High school,1995-12-14
NHANES-98956,United States,male,0-19,White,NA,2017-09-30
NHANES-98957,United States,male,60-79,White,Some college,1944-05-17
NHANES-98958,United States,female,20-39,White,High school,1995-06-14
NHANES-98959,Other,male,60-79,Mexican American,Less than 9th grade,1941-05-09
NHANES-98960,United States,male,20-39,White,Some college,1982-05-13
NHANES-98961,Other,female,60-79,Mexican American,Less than 9th grade,1940-11-05
NHANES-98962,Other,female,0-19,Mexican American,NA,2000-01-05
NHANES-98963,United States,female,0-19,White,NA,2006-12-06
NHANES-98964,United States,male,80+,White,9-11th grade,1937-11-01
NHANES-98965,Other,female,60-79,Mexican American,Less than 9th grade,1950-07-06
NHANES-98966,United States,female,60-79,Asian,College grad,1949-05-21
NHANES-98967,United States,female,0-19,White,NA,2004-04-17
NHANES-98968,United States,male,20-39,White,Some college,1984-03-30
NHANES-98969,United States,male,0-19,Mexican American,NA,2017-02-26
NHANES-98970,United States,female,0-19,Black,NA,2003-02-17
NHANES-98971,United States,female,20-39,Black,Some college,1989-03-06
NHANES-98972,United States,female,60-79,White,Some college,1950-01-06
NHANES-98973,United States,female,0-19,Other,NA,2016-07-31
NHANES-98974,United States,male,0-19,Black,NA,2007-06-24
NHANES-98975,United States,male,0-19,White,NA,2002-04-29
NHANES-98976,Other,female,40-59,Asian,College grad,1960-12-05
NHANES-98977,Other,female,60-79,Other Hispanic,Less than 9th grade,1950-10-08
NHANES-98978,United States,male,0-19,Other Hispanic,NA,2006-05-24
NHANES-98979,United States,male,0-19,Other,NA,2007-06-21
NHANES-98980,Other,male,40-59,Mexican American,High school,1963-06-28
NHANES-98981,United States,male,20-39,Black,High school,1987-05-23
NHANES-98982,United States,female,20-39,Black,Some college,1993-01-06
NHANES-98983,United States,male,40-59,Black,9-11th grade,1961-03-16
NHANES-98984,United States,male,0-19,Black,NA,2009-05-08
NHANES-98985,Other,female,20-39,Asian,College grad,1987-02-05
NHANES-98986,United States,female,0-19,White,NA,2002-11-16
NHANES-98987,Other,female,80+,Asian,Less than 9th grade,1938-06-20
NHANES-98988,Other,female,40-59,Mexican American,9-11th grade,1957-08-21
NHANES-98989,United States,female,60-79,White,Less than 9th grade,1941-03-25
NHANES-98990,United States,male,60-79,White,High school,1953-05-11
NHANES-98991,United States,male,40-59,Mexican American,High school,1962-10-24
NHANES-98992,United States,male,40-59,Mexican American,College grad,1961-10-16
NHANES-98993,United States,female,0-19,White,NA,2016-03-16
NHANES-98994,United States,male,20-39,Other,Some college,1987-08-14
NHANES-98995,United States,female,40-59,Other Hispanic,College grad,1963-03-13
NHANES-98996,United States,female,60-79,Black,9-11th grade,1948-02-14
NHANES-98997,Other,male,60-79,Black,High school,1945-07-23
NHANES-98998,Other,female,40-59,Black,Some college,1965-09-23
NHANES-98999,United States,female,0-19,Mexican American,NA,2017-02-21
NHANES-99000,United States,male,0-19,Black,NA,2011-10-27
NHANES-99001,United States,male,20-39,Other,College grad,1981-06-20
NHANES-99002,Other,male,60-79,Asian,Less than 9th grade,1945-04-14
NHANES-99003,United States,female,0-19,White,NA,2001-01-03
NHANES-99004,United States,male,0-19,White,NA,2001-11-12
NHANES-99005,United States,female,20-39,Black,High school,1992-04-09
NHANES-99006,United States,female,0-19,Other Hispanic,NA,2004-10-12
NHANES-99007,United States,male,20-39,White,Less than 9th grade,1991-07-16
NHANES-99008,United States,male,0-19,Black,NA,2008-03-15
NHANES-99009,United States,female,20-39,White,Some college,1979-01-02
NHANES-99010,United States,male,0-19,Other,NA,2017-05-25
NHANES-99011,United States,male,60-79,White,9-11th grade,1940-08-02
NHANES-99012,Other,female,40-59,Other Hispanic,High school,1965-10-05
NHANES-99013,United States,female,0-19,Mexican American,NA,1997-10-28
NHANES-99014,United States,male,60-79,White,High school,1949-09-16
NHANES-99015,Other,male,0-19,Mexican American,NA,2000-01-20
NHANES-99016,Other,male,20-39,Other Hispanic,High school,1981-01-03
NHANES-99017,United States,female,0-19,White,NA,2015-10-24
NHANES-99018,United States,female,60-79,White,Some college,1949-11-19
NHANES-99019,United States,female,40-59,Mexican American,High school,1975-12-21
NHANES-99020,United States,male,0-19,White,NA,2015-07-13
NHANES-99021,United States,male,0-19,White,NA,2012-06-24
NHANES-99022,United States,male,0-19,Asian,NA,2000-02-05
NHANES-99023,United States,male,20-39,White,College grad,1985-07-07
NHANES-99024,United States,female,20-39,Asian,College grad,1979-01-08
NHANES-99025,United States,female,40-59,White,Some college,1971-08-17
NHANES-99026,Other,female,60-79,Asian,9-11th grade,1942-12-09
NHANES-99027,United States,female,0-19,Mexican American,NA,2008-11-08
NHANES-99028,United States,female,40-59,Mexican American,Some college,1974-11-23
NHANES-99029,Other,male,40-59,Black,9-11th grade,1970-05-15
NHANES-99030,United States,female,0-19,Mexican American,NA,2011-09-12
NHANES-99031,United States,male,0-19,Other Hispanic,NA,2018-06-22
NHANES-99032,United States,female,0-19,Asian,NA,2006-05-23
NHANES-99033,United States,male,40-59,White,Some college,1962-02-18
NHANES-99034,United States,male,0-19,Mexican American,NA,2002-07-24
NHANES-99035,United States,female,0-19,White,NA,2010-10-01
NHANES-99036,United States,male,40-59,White,High school,1974-04-01
NHANES-99037,United States,female,0-19,Black,NA,2004-08-12
NHANES-99038,United States,female,20-39,Black,Less than 9th grade,1990-04-12
NHANES-99039,United States,female,0-19,White,NA,2000-06-27
NHANES-99040,United States,male,0-19,Other,NA,2012-05-18
NHANES-99041,United States,female,0-19,White,NA,1999-01-10
NHANES-99042,United States,male,60-79,Black,High school,1953-06-09
NHANES-99043,United States,male,0-19,White,NA,1998-11-26
NHANES-99044,United States,female,60-79,White,High school,1946-08-18
NHANES-99045,United States,female,0-19,White,NA,2016-08-17
NHANES-99046,United States,female,0-19,White,NA,2002-05-18
NHANES-99047,United States,female,80+,White,9-11th grade,1938-01-04
NHANES-99048,United States,male,0-19,Mexican American,NA,2003-04-14
NHANES-99049,United States,male,0-19,Black,NA,2011-05-07
NHANES-99050,Other,female,20-39,Asian,High school,1984-03-06
NHANES-99051,United States,female,0-19,White,NA,2000-05-23
NHANES-99052,United States,male,20-39,White,College grad,1994-04-15
NHANES-99053,United States,female,0-19,Black,NA,2009-07-02
NHANES-99054,United States,female,0-19,Mexican American,NA,2017-02-23
NHANES-99055,United States,female,0-19,Mexican American,NA,2006-07-17
NHANES-99056,United States,female,80+,White,Some college,1936-11-03
NHANES-99057,Other,male,60-79,Black,9-11th grade,1956-12-11
NHANES-99058,Other,female,60-79,Asian,Less than 9th grade,1953-02-11
NHANES-99059,United States,female,0-19,White,NA,2010-11-08
NHANES-99060,United States,male,40-59,White,High school,1962-01-16
NHANES-99061,United States,male,0-19,Black,NA,2016-02-26
NHANES-99062,United States,female,20-39,Other Hispanic,Some college,1988-03-12
NHANES-99063,United States,male,40-59,Black,Some college,1976-06-19
NHANES-99064,United States,female,60-79,Other,High school,1957-04-30
NHANES-99065,United States,male,0-19,Mexican American,NA,1998-09-26
NHANES-99066,United States,male,0-19,Mexican American,NA,1999-08-19
NHANES-99067,United States,male,20-39,White,College grad,1977-09-18
NHANES-99068,United States,male,60-79,Black,Some college,1942-05-28
NHANES-99069,United States,female,80+,Black,9-11th grade,1938-09-30
NHANES-99070,United States,male,60-79,Black,Some college,1947-11-05
NHANES-99071,United States,female,0-19,White,NA,2005-07-03
NHANES-99072,United States,male,0-19,Black,NA,2012-05-15
NHANES-99073,United States,female,0-19,Mexican American,NA,2011-07-26
NHANES-99074,Other,male,60-79,Other,College grad,1949-10-06
NHANES-99075,United States,male,0-19,Mexican American,NA,2015-07-20
NHANES-99076,United States,male,0-19,Other,NA,2006-08-30
NHANES-99077,United States,male,0-19,Mexican American,NA,2013-09-13
NHANES-99078,United States,female,0-19,Other,NA,2014-09-24
NHANES-99079,United States,female,0-19,Mexican American,NA,2010-10-28
NHANES-99080,United States,male,0-19,Other,NA,2007-12-13
NHANES-99081,United States,male,40-59,Black,9-11th grade,1959-01-12
NHANES-99082,United States,female,0-19,White,NA,1999-08-28
NHANES-99083,United States,male,60-79,White,High school,1939-09-28
NHANES-99084,Other,female,80+,White,High school,1938-02-16
NHANES-99085,United States,male,0-19,Other,NA,2008-09-21
NHANES-99086,United States,male,0-19,Black,NA,2009-07-26
NHANES-99087,Other,male,60-79,Other Hispanic,Less than 9th grade,1951-06-07
NHANES-99088,United States,female,0-19,Asian,NA,2009-09-26
NHANES-99089,United States,female,20-39,Black,College grad,1992-10-25
NHANES-99090,United States,female,80+,White,9-11th grade,1938-03-14
NHANES-99091,United States,male,0-19,Mexican American,NA,2003-05-07
NHANES-99092,United States,female,20-39,White,Some college,1994-02-04
NHANES-99093,United States,female,0-19,Black,NA,2014-12-13
NHANES-99094,United States,male,0-19,Black,NA,2009-01-25
NHANES-99095,Other,female,40-59,Asian,College grad,1971-10-27
NHANES-99096,United States,female,0-19,White,NA,2002-01-15
NHANES-99097,United States,male,40-59,White,Some college,1967-11-14
NHANES-99098,Other,female,20-39,Mexican American,9-11th grade,1977-10-11
NHANES-99099,Other,female,40-59,Mexican American,9-11th grade,1972-08-25
NHANES-99100,United States,male,60-79,Black,College grad,1943-04-21
NHANES-99101,Other,female,80+,Asian,Some college,1936-02-27
NHANES-99102,Other,male,40-59,Mexican American,Less than 9th grade,1967-06-22
NHANES-99103,Other,male,20-39,Asian,College grad,1977-05-30
NHANES-99104,United States,female,60-79,White,College grad,1953-07-26
NHANES-99105,Other,female,20-39,Asian,College grad,1978-01-23
NHANES-99106,United States,male,0-19,Asian,NA,2010-06-16
NHANES-99107,United States,female,0-19,Mexican American,NA,2001-06-14
NHANES-99108,United States,male,40-59,White,Some college,1965-10-03
NHANES-99109,United States,female,0-19,Asian,NA,2012-09-11
NHANES-99110,Other,female,20-39,Mexican American,High school,1996-06-04
NHANES-99111,United States,female,40-59,Black,9-11th grade,1969-06-07
NHANES-99112,United States,female,0-19,Asian,NA,2011-11-17
NHANES-99113,Other,male,40-59,Mexican American,9-11th grade,1975-12-06
NHANES-99114,Other,male,40-59,Other Hispanic,9-11th grade,1976-01-30
NHANES-99115,United States,female,0-19,Mexican American,NA,2014-10-02
NHANES-99116,Other,female,40-59,Asian,College grad,1965-08-22
NHANES-99117,Other,female,60-79,Asian,Less than 9th grade,1944-08-07
NHANES-99118,United States,female,0-19,Other Hispanic,NA,2017-07-15
NHANES-99119,United States,female,0-19,Asian,NA,2014-10-09
NHANES-99120,United States,male,0-19,White,NA,2000-10-28
NHANES-99121,United States,female,20-39,Mexican American,Some college,1997-04-02
NHANES-99122,United States,male,0-19,Black,NA,2014-06-09
NHANES-99123,United States,male,20-39,Asian,College grad,1988-07-22
NHANES-99124,United States,male,0-19,White,NA,2006-06-28
NHANES-99125,United States,female,20-39,Asian,Some college,1997-07-04
NHANES-99126,United States,male,0-19,Mexican American,NA,2004-07-24
NHANES-99127,Other,female,60-79,Asian,Less than 9th grade,1951-06-13
NHANES-99128,Other,male,20-39,Black,College grad,1981-03-06
NHANES-99129,United States,female,40-59,Black,College grad,1967-04-16
NHANES-99130,United States,male,40-59,Black,High school,1957-08-15
NHANES-99131,United States,female,40-59,White,Some college,1960-10-21
NHANES-99132,United States,female,0-19,White,NA,2017-11-06
NHANES-99133,United States,male,60-79,White,High school,1943-08-17
NHANES-99134,United States,male,60-79,Black,Some college,1945-12-30
NHANES-99135,United States,female,0-19,Black,NA,2002-12-24
NHANES-99136,United States,male,40-59,Black,Some college,1977-07-07
NHANES-99137,United States,male,0-19,White,NA,2014-10-06
NHANES-99138,United States,male,20-39,Black,Some college,1986-06-20
NHANES-99139,United States,female,0-19,Mexican American,NA,2005-10-23
NHANES-99140,United States,female,60-79,Black,Some college,1955-06-09
NHANES-99141,United States,female,0-19,Asian,NA,2009-01-23
NHANES-99142,United States,female,0-19,White,NA,2011-02-10
NHANES-99143,United States,female,0-19,Other,NA,2015-01-23
NHANES-99144,United States,female,60-79,Black,High school,1939-01-30
NHANES-99145,United States,male,0-19,White,NA,2013-02-11
NHANES-99146,United States,male,0-19,Other,NA,2016-10-18
NHANES-99147,United States,male,0-19,White,NA,2017-03-29
NHANES-99148,United States,female,60-79,White,9-11th grade,1939-07-17
NHANES-99149,United States,female,0-19,White,NA,2014-04-24
NHANES-99150,Other,male,60-79,Asian,Some college,1950-07-17
NHANES-99151,United States,female,20-39,White,Some college,1994-08-10
NHANES-99152,United States,female,60-79,White,High school,1946-04-03
NHANES-99153,United States,female,40-59,Other,Some college,1964-10-07
NHANES-99154,United States,male,20-39,Other,9-11th grade,1992-12-05
NHANES-99155,United States,male,20-39,Black,9-11th grade,1990-01-28
NHANES-99156,Other,male,60-79,Asian,High school,1956-09-08
NHANES-99157,Other,female,60-79,Asian,High school,1955-12-17
NHANES-99158,United States,female,0-19,Mexican American,NA,2014-05-04
NHANES-99159,United States,female,40-59,White,Some college,1959-02-10
NHANES-99160,United States,female,40-59,Other,Some college,1974-05-02
NHANES-99161,United States,female,0-19,White,NA,2017-01-10
NHANES-99162,United States,male,0-19,Black,NA,2017-08-06
NHANES-99163,United States,female,0-19,Black,NA,2015-08-30
NHANES-99164,United States,female,0-19,White,NA,2008-06-29
NHANES-99165,United States,female,0-19,Black,NA,2002-12-16
NHANES-99166,United States,female,0-19,Mexican American,NA,2007-07-21
NHANES-99167,United States,female,40-59,Black,Some college,1967-01-29
NHANES-99168,Other,female,40-59,Other Hispanic,College grad,1977-06-23
NHANES-99169,United States,male,60-79,Black,High school,1958-05-18
NHANES-99170,United States,female,0-19,White,NA,2012-07-29
NHANES-99171,Other,male,20-39,Other Hispanic,High school,1979-11-02
NHANES-99172,United States,male,60-79,Black,Some college,1949-07-27
NHANES-99173,United States,male,0-19,Mexican American,NA,1999-07-26
NHANES-99174,Other,female,60-79,Mexican American,Less than 9th grade,1951-09-23
NHANES-99175,United States,male,60-79,Black,Some college,1948-09-12
NHANES-99176,Other,female,60-79,Asian,High school,1953-05-02
NHANES-99177,United States,female,0-19,Other Hispanic,NA,2017-01-19
NHANES-99178,United States,male,60-79,Black,Some college,1949-07-11
NHANES-99179,United States,female,80+,Black,College grad,1936-07-20
NHANES-99180,United States,female,0-19,Other Hispanic,NA,2015-02-20
NHANES-99181,United States,male,20-39,White,Some college,1988-09-25
NHANES-99182,Other,female,20-39,Other Hispanic,Less than 9th grade,1983-07-12
NHANES-99183,United States,male,60-79,Black,High school,1949-05-30
NHANES-99184,United States,male,0-19,Asian,NA,1999-08-19
NHANES-99185,United States,male,0-19,Other Hispanic,NA,2016-07-14
NHANES-99186,Other,male,20-39,Mexican American,Less than 9th grade,1990-11-27
NHANES-99187,United States,male,40-59,White,Some college,1975-03-18
NHANES-99188,United States,male,80+,White,Some college,1937-09-07
NHANES-99189,United States,male,0-19,Other Hispanic,NA,2001-06-20
NHANES-99190,Other,female,40-59,Other Hispanic,Less than 9th grade,1963-06-19
NHANES-99191,United States,female,80+,White,High school,1937-04-24
NHANES-99192,United States,female,0-19,White,NA,2000-05-14
NHANES-99193,Other,female,40-59,Asian,Some college,1973-01-10
NHANES-99194,United States,female,20-39,Black,Some college,1986-08-22
NHANES-99195,United States,male,40-59,White,High school,1974-07-15
NHANES-99196,United States,female,0-19,White,NA,2016-09-08
NHANES-99197,Other,female,20-39,Other Hispanic,High school,1989-09-29
NHANES-99198,Other,female,20-39,Mexican American,9-11th grade,1995-01-10
NHANES-99199,United States,male,0-19,Asian,NA,2003-07-18
NHANES-99200,United States,female,40-59,Black,9-11th grade,1968-08-27
NHANES-99201,United States,female,0-19,Other,NA,1999-04-12
NHANES-99202,United States,female,0-19,White,NA,2009-01-11
NHANES-99203,United States,female,0-19,Asian,NA,2011-12-20
NHANES-99204,Other,female,60-79,Mexican American,9-11th grade,1951-11-13
NHANES-99205,United States,female,0-19,Other,NA,2008-11-06
NHANES-99206,United States,male,0-19,White,NA,2017-05-06
NHANES-99207,United States,female,20-39,Black,High school,1993-08-12
NHANES-99208,Other,male,40-59,Mexican American,College grad,1975-07-23
NHANES-99209,Other,female,80+,Asian,Less than 9th grade,1937-05-24
NHANES-99210,United States,male,60-79,White,Some college,1945-11-04
NHANES-99211,United States,male,0-19,Black,NA,1999-12-22
NHANES-99212,United States,male,20-39,Black,College grad,1984-10-07
NHANES-99213,United States,female,0-19,White,NA,2009-07-06
NHANES-99214,United States,male,0-19,White,NA,2016-12-29
NHANES-99215,United States,male,0-19,White,NA,2004-05-02
NHANES-99216,United States,female,0-19,White,NA,2015-11-16
NHANES-99217,United States,male,0-19,Other Hispanic,NA,1999-02-24
NHANES-99218,United States,male,0-19,Mexican American,NA,2008-08-03
NHANES-99219,United States,male,0-19,Asian,NA,2006-05-07
NHANES-99220,United States,female,60-79,Black,High school,1939-03-25
NHANES-99221,United States,male,0-19,White,NA,1998-06-21
NHANES-99222,Other,female,60-79,Black,Less than 9th grade,1950-12-01
NHANES-99223,United States,female,0-19,Mexican American,NA,2002-11-30
NHANES-99224,United States,female,40-59,Black,Some college,1972-05-24
NHANES-99225,United States,female,0-19,Other Hispanic,NA,2007-02-14
NHANES-99226,United States,female,40-59,Other Hispanic,Some college,1969-04-11
NHANES-99227,Other,male,40-59,Mexican American,Less than 9th grade,1965-05-19
NHANES-99228,United States,female,0-19,White,NA,2007-02-23
NHANES-99229,United States,female,0-19,Black,NA,1998-03-25
NHANES-99230,United States,female,60-79,Other,Some college,1956-09-19
NHANES-99231,United States,female,20-39,White,High school,1980-08-07
NHANES-99232,United States,male,20-39,White,High school,1988-01-30
NHANES-99233,United States,female,20-39,Mexican American,9-11th grade,1998-02-21
NHANES-99234,United States,male,20-39,White,Some college,1984-09-01
NHANES-99235,United States,female,0-19,Black,NA,2015-10-23
NHANES-99236,United States,male,0-19,White,NA,2011-09-30
NHANES-99237,Other,female,40-59,Asian,College grad,1973-11-02
NHANES-99238,United States,female,0-19,Other Hispanic,NA,2005-09-24
NHANES-99239,United States,female,60-79,White,9-11th grade,1939-10-20
NHANES-99240,United States,female,40-59,Black,Some college,1963-01-20
NHANES-99241,United States,male,60-79,Black,High school,1945-10-31
NHANES-99242,Other,female,40-59,Mexican American,High school,1971-10-27
NHANES-99243,Other,male,80+,Mexican American,Less than 9th grade,1937-07-07
NHANES-99244,United States,female,20-39,White,Some college,1994-12-21
NHANES-99245,United States,male,0-19,White,NA,2009-06-25
NHANES-99246,United States,female,20-39,Black,College grad,1979-05-03
NHANES-99247,United States,male,20-39,White,9-11th grade,1995-02-28
NHANES-99248,Other,male,60-79,Asian,College grad,1951-11-16
NHANES-99249,Other,female,0-19,Asian,NA,1999-05-06
NHANES-99250,United States,female,0-19,Asian,NA,2009-03-17
NHANES-99251,United States,male,40-59,White,College grad,1973-07-22
NHANES-99252,United States,male,0-19,Black,NA,2015-01-26
NHANES-99253,United States,female,0-19,Asian,NA,2010-02-15
NHANES-99254,United States,male,0-19,Mexican American,NA,2009-11-02
NHANES-99255,United States,female,40-59,Black,9-11th grade,1961-06-10
NHANES-99256,Other,male,60-79,Mexican American,Less than 9th grade,1948-11-15
NHANES-99257,Other,female,40-59,Mexican American,High school,1969-06-09
NHANES-99258,United States,male,40-59,Black,College grad,1969-01-16
NHANES-99259,Other,female,80+,Asian,Some college,1937-12-09
NHANES-99260,United States,female,40-59,White,Some college,1970-03-07
NHANES-99261,United States,male,0-19,Black,NA,2009-04-23
NHANES-99262,United States,male,60-79,Black,9-11th grade,1953-09-24
NHANES-99263,Other,female,40-59,Asian,Some college,1967-05-25
NHANES-99264,United States,male,0-19,White,NA,2010-06-17
NHANES-99265,Other,female,60-79,Mexican American,9-11th grade,1949-03-02
NHANES-99266,United States,male,0-19,Other,NA,2006-09-26
NHANES-99267,United States,male,0-19,Other,NA,2016-08-16
NHANES-99268,United States,male,0-19,Other,NA,2016-10-18
NHANES-99269,United States,male,60-79,White,High school,1938-01-30
NHANES-99270,United States,female,60-79,Other,High school,1954-12-04
NHANES-99271,Other,female,40-59,Asian,College grad,1962-02-02
NHANES-99272,United States,female,0-19,Mexican American,NA,2014-04-06
NHANES-99273,United States,female,0-19,Other,NA,2012-08-05
NHANES-99274,United States,female,40-59,Other Hispanic,College grad,1964-09-06
NHANES-99275,Other,female,0-19,Other Hispanic,NA,2000-10-14
NHANES-99276,Other,male,0-19,Other Hispanic,NA,2011-12-26
NHANES-99277,Other,male,40-59,Mexican American,9-11th grade,1960-03-27
NHANES-99278,United States,male,20-39,Black,High school,1981-05-09
NHANES-99279,Other,female,20-39,Mexican American,9-11th grade,1984-01-02
NHANES-99280,United States,male,20-39,White,Some college,1986-10-23
NHANES-99281,United States,male,0-19,Black,NA,2015-06-02
NHANES-99282,United States,female,40-59,Black,Some college,1976-01-24
NHANES-99283,Other,male,60-79,Asian,Less than 9th grade,1949-11-30
NHANES-99284,Other,male,20-39,Other Hispanic,Less than 9th grade,1981-10-08
NHANES-99285,United States,female,60-79,Mexican American,High school,1955-08-23
NHANES-99286,United States,female,0-19,White,NA,2002-05-14
NHANES-99287,United States,male,40-59,Mexican American,College grad,1960-03-27
NHANES-99288,United States,female,0-19,Black,NA,2013-06-13
NHANES-99289,United States,female,60-79,White,Some college,1954-01-25
NHANES-99290,United States,male,60-79,White,High school,1957-07-18
NHANES-99291,United States,male,40-59,Black,Some college,1974-09-30
NHANES-99292,United States,male,20-39,White,High school,1989-07-30
NHANES-99293,United States,male,60-79,Black,High school,1943-05-24
NHANES-99294,United States,male,0-19,Mexican American,NA,2007-12-19
NHANES-99295,United States,female,0-19,Mexican American,NA,2005-12-08
NHANES-99296,United States,female,60-79,White,College grad,1940-03-03
NHANES-99297,United States,male,20-39,White,Some college,1985-09-18
NHANES-99298,United States,female,40-59,Other,High school,1958-05-28
NHANES-99299,Other,female,60-79,Mexican American,Less than 9th grade,1956-05-23
NHANES-99300,Other,female,40-59,Other Hispanic,Some college,1972-08-17
NHANES-99301,United States,male,0-19,Black,NA,2017-07-02
NHANES-99302,United States,male,0-19,White,NA,2003-03-28
NHANES-99303,United States,female,60-79,Black,College grad,1948-11-04
NHANES-99304,Other,male,20-39,Mexican American,High school,1988-06-06
NHANES-99305,Other,male,40-59,Other Hispanic,Some college,1967-03-27
NHANES-99306,United States,male,0-19,Asian,NA,2000-05-27
NHANES-99307,United States,female,0-19,White,NA,2013-02-22
NHANES-99308,United States,male,20-39,Black,Some college,1991-03-15
NHANES-99309,United States,female,80+,White,Some college,1938-01-07
NHANES-99310,Other,female,60-79,Other Hispanic,Less than 9th grade,1943-06-27
NHANES-99311,United States,male,80+,White,College grad,1937-01-12
NHANES-99312,United States,male,60-79,White,Some college,1946-05-17
NHANES-99313,United States,female,60-79,White,High school,1953-11-01
NHANES-99314,United States,male,0-19,White,NA,2015-04-05
NHANES-99315,United States,male,20-39,Black,Some college,1995-02-23
NHANES-99316,Other,male,40-59,Mexican American,Some college,1970-11-25
NHANES-99317,United States,male,20-39,Asian,High school,1997-12-27
NHANES-99318,United States,female,20-39,Black,Some college,1990-05-14
NHANES-99319,United States,male,0-19,Other,NA,2007-07-01
NHANES-99320,Other,female,20-39,Asian,College grad,1988-05-18
NHANES-99321,United States,male,40-59,Asian,College grad,1972-09-08
NHANES-99322,United States,female,20-39,Black,College grad,1981-04-22
NHANES-99323,United States,female,0-19,Black,NA,2007-02-27
NHANES-99324,United States,female,0-19,White,NA,2011-12-24
NHANES-99325,United States,male,0-19,Black,NA,2000-11-05
NHANES-99326,United States,male,0-19,Other Hispanic,NA,2017-04-01
NHANES-99327,United States,male,40-59,Black,High school,1957-09-09
NHANES-99328,United States,male,0-19,Mexican American,NA,2011-01-04
NHANES-99329,Other,male,60-79,Asian,9-11th grade,1957-06-30
NHANES-99330,United States,male,20-39,White,College grad,1982-09-23
NHANES-99331,United States,female,0-19,White,NA,2015-06-29
NHANES-99332,Other,female,60-79,Mexican American,College grad,1954-11-30
NHANES-99333,Other,female,60-79,Asian,College grad,1944-07-17
NHANES-99334,United States,male,0-19,Mexican American,NA,2014-03-06
NHANES-99335,United States,male,40-59,Other,Some college,1971-06-18
NHANES-99336,United States,male,0-19,White,NA,2017-03-08
NHANES-99337,United States,male,0-19,White,NA,2011-08-15
NHANES-99338,Other,female,20-39,Mexican American,Less than 9th grade,1981-02-10
NHANES-99339,United States,female,20-39,Mexican American,High school,1996-07-17
NHANES-99340,United States,female,40-59,White,9-11th grade,1966-02-25
NHANES-99341,United States,female,60-79,White,Some college,1953-10-19
NHANES-99342,United States,male,0-19,Mexican American,NA,2011-01-15
NHANES-99343,United States,female,80+,Black,Some college,1937-03-22
NHANES-99344,Other,male,40-59,Asian,College grad,1972-07-05
NHANES-99345,Other,male,40-59,Mexican American,Less than 9th grade,1964-08-11
NHANES-99346,Other,male,20-39,Asian,College grad,1990-04-10
NHANES-99347,United States,female,0-19,Black,NA,2003-02-05
NHANES-99348,United States,female,80+,White,College grad,1937-11-30
NHANES-99349,United States,male,20-39,White,High school,1979-10-04
NHANES-99350,Other,male,20-39,Asian,9-11th grade,1984-10-22
NHANES-99351,United States,male,80+,White,Some college,1936-11-06
NHANES-99352,United States,female,0-19,Mexican American,NA,2010-05-27
NHANES-99353,United States,female,20-39,Black,Some college,1986-11-24
NHANES-99354,United States,female,0-19,White,NA,1999-06-29
NHANES-99355,United States,male,0-19,Other Hispanic,NA,2007-06-10
NHANES-99356,United States,male,0-19,Asian,NA,2014-08-10
NHANES-99357,United States,male,0-19,White,NA,2016-05-30
NHANES-99358,United States,male,40-59,Asian,College grad,1973-12-24
NHANES-99359,Other,female,20-39,Asian,College grad,1981-04-01
NHANES-99360,Other,male,0-19,Mexican American,NA,2009-11-19
NHANES-99361,United States,male,20-39,White,Some college,1984-02-07
NHANES-99362,United States,female,0-19,White,NA,2014-11-15
NHANES-99363,United States,male,0-19,White,NA,2013-04-07
NHANES-99364,United States,male,40-59,Other,Less than 9th grade,1965-12-12
NHANES-99365,United States,female,0-19,Black,NA,2009-06-18
NHANES-99366,United States,female,40-59,Mexican American,Some college,1969-10-16
NHANES-99367,United States,male,0-19,Mexican American,NA,2008-11-28
NHANES-99368,United States,male,0-19,Black,NA,2014-01-31
NHANES-99369,United States,male,0-19,Other Hispanic,NA,2003-10-07
NHANES-99370,Other,female,40-59,Black,Some college,1969-03-24
NHANES-99371,United States,male,0-19,Other,NA,2009-04-06
NHANES-99372,United States,female,60-79,White,College grad,1950-12-15
NHANES-99373,United States,male,0-19,White,NA,2001-08-31
NHANES-99374,United States,female,60-79,White,Some college,1957-06-24
NHANES-99375,United States,male,0-19,White,NA,2016-04-07
NHANES-99376,United States,male,40-59,Other,College grad,1963-09-27
NHANES-99377,Other,female,80+,Other Hispanic,9-11th grade,1937-05-29
NHANES-99378,United States,female,20-39,Mexican American,College grad,1980-08-24
NHANES-99379,United States,female,0-19,White,NA,2012-01-27
NHANES-99380,United States,female,80+,White,College grad,1938-03-28
NHANES-99381,Other,female,80+,Other Hispanic,NA,1937-05-16
NHANES-99382,United States,male,0-19,Black,NA,2011-05-10
NHANES-99383,United States,female,60-79,Black,Some college,1941-05-05
NHANES-99384,United States,male,20-39,White,Some college,1983-06-08
NHANES-99385,United States,female,60-79,White,College grad,1950-07-27
NHANES-99386,United States,male,0-19,Other,NA,2007-02-17
NHANES-99387,United States,female,80+,White,College grad,1937-01-29
NHANES-99388,Other,female,40-59,Black,College grad,1963-02-19
NHANES-99389,United States,female,40-59,White,Some college,1957-08-11
NHANES-99390,United States,female,40-59,Other,High school,1976-09-22
NHANES-99391,United States,male,60-79,Black,High school,1945-04-02
NHANES-99392,United States,female,40-59,Black,College grad,1969-03-08
NHANES-99393,United States,male,60-79,Other Hispanic,Some college,1947-08-24
NHANES-99394,United States,male,20-39,Black,9-11th grade,1996-11-21
NHANES-99395,United States,female,0-19,Black,NA,2009-07-22
NHANES-99396,United States,female,20-39,Mexican American,Some college,1994-04-05
NHANES-99397,United States,male,60-79,White,Less than 9th grade,1939-05-06
NHANES-99398,United States,male,0-19,Other Hispanic,NA,2010-10-30
NHANES-99399,United States,female,0-19,White,NA,2012-11-30
NHANES-99400,United States,female,20-39,Mexican American,High school,1990-08-21
NHANES-99401,United States,female,20-39,Asian,College grad,1994-04-26
NHANES-99402,United States,male,60-79,Black,College grad,1957-12-08
NHANES-99403,United States,female,0-19,Mexican American,NA,2007-09-24
NHANES-99404,Other,female,20-39,Other Hispanic,High school,1983-05-02
NHANES-99405,United States,male,40-59,Other,High school,1962-10-19
NHANES-99406,United States,female,0-19,White,NA,2016-05-31
NHANES-99407,United States,female,40-59,Black,Some college,1968-05-22
NHANES-99408,United States,female,0-19,White,NA,2015-07-14
NHANES-99409,United States,female,0-19,White,NA,2006-11-30
NHANES-99410,United States,female,40-59,White,Some college,1965-12-23
NHANES-99411,United States,female,80+,White,College grad,1937-07-11
NHANES-99412,Other,male,60-79,Other Hispanic,Less than 9th grade,1946-08-14
NHANES-99413,Other,male,0-19,Asian,NA,2003-06-01
NHANES-99414,United States,female,0-19,Other,NA,2013-02-20
NHANES-99415,United States,female,60-79,Black,College grad,1944-08-26
NHANES-99416,Other,male,40-59,Other Hispanic,College grad,1972-02-27
NHANES-99417,Other,male,0-19,Asian,NA,1998-09-15
NHANES-99418,United States,female,60-79,Black,High school,1957-03-04
NHANES-99419,Other,male,40-59,Mexican American,Less than 9th grade,1971-04-12
NHANES-99420,United States,female,40-59,Black,Some college,1965-12-24
NHANES-99421,United States,male,60-79,Black,College grad,1957-01-04
NHANES-99422,United States,male,40-59,Other,Some college,1959-05-14
NHANES-99423,United States,female,0-19,Other,NA,2016-11-04
NHANES-99424,United States,male,40-59,Black,High school,1964-05-17
NHANES-99425,United States,female,40-59,Black,Some college,1960-01-09
NHANES-99426,United States,male,20-39,White,9-11th grade,1994-01-27
NHANES-99427,United States,female,40-59,White,Some college,1971-10-11
NHANES-99428,Other,female,0-19,Other Hispanic,NA,1999-05-14
NHANES-99429,United States,female,60-79,Black,9-11th grade,1955-01-11
NHANES-99430,United States,male,20-39,Mexican American,High school,1981-05-21
NHANES-99431,United States,female,40-59,Other,Some college,1969-07-26
NHANES-99432,United States,male,0-19,White,NA,2007-04-15
NHANES-99433,United States,female,0-19,White,NA,2015-09-19
NHANES-99434,Other,male,20-39,Asian,College grad,1983-05-27
NHANES-99435,United States,male,20-39,Other Hispanic,High school,1997-06-28
NHANES-99436,United States,female,20-39,Black,Some college,1995-03-31
NHANES-99437,United States,female,80+,White,Some college,1937-11-18
NHANES-99438,Other,female,40-59,Asian,High school,1975-08-17
NHANES-99439,United States,female,20-39,Other,Some college,1983-04-05
NHANES-99440,Other,female,40-59,Asian,High school,1963-03-21
NHANES-99441,Other,female,60-79,Other Hispanic,College grad,1951-12-12
NHANES-99442,United States,female,20-39,White,Some college,1982-11-26
NHANES-99443,United States,male,40-59,White,College grad,1959-04-28
NHANES-99444,United States,male,40-59,Other,Some college,1965-03-22
NHANES-99445,United States,male,0-19,White,NA,2001-12-11
NHANES-99446,United States,female,20-39,White,College grad,1987-09-12
NHANES-99447,United States,male,0-19,Other Hispanic,NA,2005-11-04
NHANES-99448,United States,male,40-59,Other,Less than 9th grade,1967-12-01
NHANES-99449,United States,male,40-59,Black,Some college,1975-06-30
NHANES-99450,United States,male,0-19,Other,NA,1999-09-27
NHANES-99451,United States,female,0-19,Black,NA,2000-07-26
NHANES-99452,United States,female,60-79,White,High school,1955-06-17
NHANES-99453,Other,female,20-39,Other Hispanic,Less than 9th grade,1988-03-21
NHANES-99454,United States,male,40-59,Black,High school,1960-11-09
NHANES-99455,United States,female,0-19,Mexican American,NA,2004-03-23
NHANES-99456,Other,male,20-39,Asian,College grad,1991-07-16
NHANES-99457,Other,male,40-59,Mexican American,9-11th grade,1977-11-25
NHANES-99458,United States,female,0-19,Mexican American,NA,2017-08-22
NHANES-99459,United States,female,20-39,Other Hispanic,High school,1996-10-03
NHANES-99460,Other,male,20-39,Other Hispanic,Less than 9th grade,1987-09-13
NHANES-99461,Other,male,60-79,Mexican American,9-11th grade,1956-12-29
NHANES-99462,Other,male,0-19,Asian,NA,2006-02-21
NHANES-99463,United States,female,20-39,Other Hispanic,College grad,1993-09-28
NHANES-99464,United States,male,40-59,White,Some college,1968-12-18
NHANES-99465,Other,female,60-79,Other Hispanic,Less than 9th grade,1947-07-26
NHANES-99466,Other,female,20-39,Other Hispanic,Less than 9th grade,1987-11-30
NHANES-99467,United States,male,0-19,White,NA,2006-09-16
NHANES-99468,United States,female,0-19,Black,NA,2005-12-21
NHANES-99469,United States,male,40-59,White,Some college,1957-02-04
NHANES-99470,United States,female,40-59,Black,College grad,1961-12-21
NHANES-99471,United States,male,0-19,Black,NA,1999-04-02
NHANES-99472,United States,male,0-19,Black,NA,2006-07-09
NHANES-99473,United States,male,40-59,White,High school,1975-05-19
NHANES-99474,United States,female,60-79,White,Some college,1954-03-19
NHANES-99475,United States,male,60-79,Black,College grad,1956-10-13
NHANES-99476,United States,female,0-19,Other,NA,2009-10-28
NHANES-99477,Other,male,60-79,Mexican American,Less than 9th grade,1955-04-20
NHANES-99478,United States,female,0-19,Mexican American,NA,2015-05-29
NHANES-99479,Other,female,40-59,Mexican American,9-11th grade,1959-07-16
NHANES-99480,United States,female,0-19,Asian,NA,2003-11-27
NHANES-99481,United States,female,20-39,White,High school,1986-06-09
NHANES-99482,United States,male,0-19,Black,NA,2018-11-08
NHANES-99483,United States,male,60-79,White,High school,1943-08-17
NHANES-99484,United States,female,40-59,Other Hispanic,9-11th grade,1965-11-04
NHANES-99485,United States,male,0-19,White,NA,2013-08-30
NHANES-99486,Other,male,60-79,Asian,College grad,1955-01-23
NHANES-99487,United States,male,0-19,Black,NA,2006-06-30
NHANES-99488,United States,male,40-59,Mexican American,High school,1959-12-23
NHANES-99489,Other,male,40-59,Asian,Some college,1965-09-24
NHANES-99490,United States,male,80+,White,Less than 9th grade,1938-04-14
NHANES-99491,United States,male,0-19,Mexican American,NA,1999-05-15
NHANES-99492,United States,male,80+,White,Some college,1937-05-26
NHANES-99493,United States,male,0-19,White,NA,2009-02-24
NHANES-99494,Other,female,40-59,Mexican American,9-11th grade,1971-03-26
NHANES-99495,United States,female,40-59,White,Some college,1975-05-20
NHANES-99496,United States,female,40-59,Black,High school,1974-04-25
NHANES-99497,Other,female,40-59,Asian,High school,1961-07-26
NHANES-99498,United States,male,20-39,Asian,Some college,1986-01-05
NHANES-99499,Other,male,60-79,Asian,College grad,1947-12-08
NHANES-99500,Other,male,60-79,Mexican American,Some college,1955-12-14
NHANES-99501,United States,female,60-79,Black,Some college,1939-10-18
NHANES-99502,United States,male,0-19,Mexican American,NA,1999-12-31
NHANES-99503,United States,female,60-79,Black,College grad,1956-07-25
NHANES-99504,United States,male,0-19,White,NA,2008-05-05
NHANES-99505,United States,female,40-59,White,9-11th grade,1972-04-04
NHANES-99506,United States,male,60-79,Black,9-11th grade,1948-01-01
NHANES-99507,United States,female,60-79,Black,9-11th grade,1939-08-11
NHANES-99508,United States,male,0-19,Other,NA,2017-09-20
NHANES-99509,United States,female,60-79,White,Some college,1944-10-26
NHANES-99510,Other,female,20-39,Asian,9-11th grade,1982-05-03
NHANES-99511,United States,female,40-59,White,High school,1963-01-28
NHANES-99512,United States,female,60-79,Black,Some college,1953-03-14
NHANES-99513,Other,female,20-39,Asian,College grad,1980-12-29
NHANES-99514,United States,male,60-79,Black,High school,1943-08-05
NHANES-99515,United States,male,0-19,White,NA,2016-04-01
NHANES-99516,United States,male,0-19,Mexican American,NA,2007-07-20
NHANES-99517,United States,female,20-39,Mexican American,Some college,1977-11-21
NHANES-99518,United States,male,80+,Black,Some college,1936-05-28
NHANES-99519,United States,female,60-79,White,College grad,1952-11-15
NHANES-99520,United States,female,0-19,White,NA,2007-11-05
NHANES-99521,United States,female,60-79,Black,Some college,1940-08-13
NHANES-99522,United States,male,60-79,Other Hispanic,Some college,1948-06-07
NHANES-99523,United States,female,0-19,White,NA,2014-03-29
NHANES-99524,Other,male,80+,Other Hispanic,High school,1937-01-04
NHANES-99525,United States,female,20-39,White,Some college,1991-04-26
NHANES-99526,Other,female,20-39,Asian,College grad,1988-12-30
NHANES-99527,United States,male,0-19,Other,NA,2012-05-14
NHANES-99528,United States,female,0-19,White,NA,2015-02-05
NHANES-99529,United States,male,0-19,Mexican American,NA,2017-07-25
NHANES-99530,United States,male,0-19,White,NA,2014-01-07
NHANES-99531,Other,female,40-59,Mexican American,Some college,1962-08-31
NHANES-99532,Other,female,60-79,Asian,Less than 9th grade,1954-04-14
NHANES-99533,United States,female,60-79,White,College grad,1944-07-23
NHANES-99534,Other,female,60-79,Asian,High school,1949-07-21
NHANES-99535,Other,male,60-79,Mexican American,9-11th grade,1946-02-07
NHANES-99536,United States,female,20-39,Black,Some college,1980-07-16
NHANES-99537,United States,male,60-79,White,9-11th grade,1946-12-18
NHANES-99538,United States,male,60-79,White,High school,1952-03-09
NHANES-99539,United States,male,20-39,Black,High school,1994-09-12
NHANES-99540,United States,male,40-59,Other,9-11th grade,1959-09-11
NHANES-99541,United States,male,40-59,Black,High school,1974-10-03
NHANES-99542,Other,male,0-19,White,NA,2004-03-18
NHANES-99543,Other,male,60-79,Asian,College grad,1949-04-12
NHANES-99544,United States,male,0-19,White,NA,2005-06-01
NHANES-99545,Other,male,20-39,Mexican American,9-11th grade,1988-12-16
NHANES-99546,United States,male,0-19,White,NA,2016-03-24
NHANES-99547,United States,male,0-19,White,NA,1997-11-01
NHANES-99548,Other,male,60-79,Mexican American,High school,1952-05-20
NHANES-99549,United States,female,0-19,Other,NA,2004-08-30
NHANES-99550,United States,male,0-19,White,NA,2013-01-12
NHANES-99551,United States,male,0-19,Other Hispanic,NA,2008-09-16
NHANES-99552,United States,female,0-19,Black,NA,1999-07-16
NHANES-99553,United States,male,0-19,Asian,NA,2008-02-07
NHANES-99554,United States,male,60-79,White,Some college,1944-11-30
NHANES-99555,United States,female,0-19,White,NA,2008-06-30
NHANES-99556,United States,female,60-79,White,High school,1955-08-12
NHANES-99557,Other,female,0-19,Asian,NA,2010-09-22
NHANES-99558,United States,female,0-19,Other,NA,2012-08-19
NHANES-99559,United States,female,0-19,Other Hispanic,NA,2004-04-20
NHANES-99560,Other,female,0-19,Mexican American,NA,2009-07-22
NHANES-99561,United States,female,0-19,White,NA,2009-02-01
NHANES-99562,United States,male,0-19,Black,NA,2012-05-28
NHANES-99563,United States,male,40-59,Black,Some college,1965-05-11
NHANES-99564,United States,female,60-79,Other Hispanic,College grad,1941-03-31
NHANES-99565,United States,male,80+,Black,NA,1937-08-27
NHANES-99566,United States,female,0-19,Other,NA,2016-06-15
NHANES-99567,United States,male,0-19,Asian,NA,2001-12-11
NHANES-99568,Other,female,40-59,Other Hispanic,Some college,1964-10-23
NHANES-99569,United States,female,0-19,Other,NA,2010-02-24
NHANES-99570,Other,male,0-19,Asian,NA,2006-10-01
NHANES-99571,United States,female,0-19,White,NA,2006-07-21
NHANES-99572,Other,female,40-59,Mexican American,High school,1972-12-30
NHANES-99573,United States,male,20-39,Black,High school,1993-04-23
NHANES-99574,United States,male,60-79,White,College grad,1953-12-10
NHANES-99575,United States,female,60-79,White,College grad,1943-07-14
NHANES-99576,Other,male,0-19,Mexican American,NA,2011-01-25
NHANES-99577,United States,female,20-39,White,College grad,1990-10-14
NHANES-99578,United States,male,0-19,White,NA,2006-06-25
NHANES-99579,United States,male,0-19,White,NA,1999-12-15
NHANES-99580,United States,male,60-79,White,9-11th grade,1952-04-24
NHANES-99581,United States,female,0-19,Other Hispanic,NA,2009-02-18
NHANES-99582,United States,male,0-19,Black,NA,2008-01-10
NHANES-99583,United States,female,20-39,White,College grad,1993-09-27
NHANES-99584,United States,male,20-39,Mexican American,High school,1996-08-21
NHANES-99585,United States,male,20-39,Black,High school,1982-06-03
NHANES-99586,United States,female,0-19,Mexican American,NA,2008-09-01
NHANES-99587,United States,male,0-19,Mexican American,NA,2000-02-22
NHANES-99588,United States,female,0-19,Black,NA,2005-12-08
NHANES-99589,United States,male,40-59,Black,Some college,1961-07-14
NHANES-99590,United States,female,40-59,White,College grad,1963-11-25
NHANES-99591,United States,female,0-19,Black,NA,2004-05-14
NHANES-99592,United States,female,0-19,Asian,NA,2014-01-06
NHANES-99593,United States,male,20-39,Other,College grad,1982-10-18
NHANES-99594,United States,female,0-19,Mexican American,NA,2009-07-22
NHANES-99595,United States,male,0-19,Other Hispanic,NA,1999-03-06
NHANES-99596,United States,male,40-59,Asian,Some college,1969-07-02
NHANES-99597,United States,male,80+,White,College grad,1938-04-05
NHANES-99598,United States,male,0-19,Other Hispanic,NA,2007-02-03
NHANES-99599,United States,female,40-59,White,College grad,1969-09-25
NHANES-99600,United States,female,40-59,Black,High school,1961-03-16
NHANES-99601,United States,female,0-19,Other,NA,2007-08-11
NHANES-99602,Other,female,60-79,Mexican American,High school,1954-08-16
NHANES-99603,United States,male,60-79,White,9-11th grade,1947-07-18
NHANES-99604,United States,male,80+,White,High school,1936-12-31
NHANES-99605,United States,male,40-59,White,Some college,1971-01-10
NHANES-99606,United States,female,60-79,Mexican American,Some college,1946-03-01
NHANES-99607,Other,female,0-19,Black,NA,2008-12-21
NHANES-99608,United States,female,0-19,White,NA,2008-03-30
NHANES-99609,United States,male,40-59,Black,High school,1972-07-27
NHANES-99610,Other,male,60-79,Other Hispanic,9-11th grade,1952-05-30
NHANES-99611,United States,female,0-19,Black,NA,2004-06-04
NHANES-99612,United States,male,0-19,Mexican American,NA,2015-07-23
NHANES-99613,Other,male,20-39,Black,College grad,1978-03-26
NHANES-99614,Other,male,0-19,Asian,NA,2000-10-01
NHANES-99615,United States,female,60-79,White,Some college,1955-01-19
NHANES-99616,United States,female,20-39,White,Some college,1978-08-25
NHANES-99617,United States,male,0-19,Black,NA,2002-09-15
NHANES-99618,United States,male,40-59,Black,Some college,1971-12-10
NHANES-99619,United States,male,40-59,Mexican American,Less than 9th grade,1966-05-01
NHANES-99620,United States,male,0-19,White,NA,2016-08-06
NHANES-99621,Other,male,60-79,Mexican American,Less than 9th grade,1955-09-11
NHANES-99622,United States,female,60-79,White,College grad,1957-07-20
NHANES-99623,United States,male,0-19,White,NA,2015-11-26
NHANES-99624,United States,male,40-59,White,High school,1972-12-03
NHANES-99625,United States,male,60-79,White,College grad,1948-12-25
NHANES-99626,United States,female,0-19,Black,NA,2015-08-31
NHANES-99627,United States,male,0-19,White,NA,2011-07-18
NHANES-99628,Other,female,40-59,Mexican American,9-11th grade,1964-05-03
NHANES-99629,United States,female,0-19,Black,NA,2002-11-20
NHANES-99630,United States,male,60-79,White,Some college,1944-08-30
NHANES-99631,Other,male,40-59,Asian,College grad,1976-09-30
NHANES-99632,United States,male,0-19,White,NA,2000-07-01
NHANES-99633,Other,male,60-79,Mexican American,Some college,1957-02-23
NHANES-99634,United States,female,0-19,Other Hispanic,NA,2017-03-13
NHANES-99635,United States,female,60-79,Black,9-11th grade,1951-08-09
NHANES-99636,United States,female,40-59,Mexican American,High school,1964-03-14
NHANES-99637,Other,male,20-39,Asian,College grad,1987-12-10
NHANES-99638,United States,male,0-19,Asian,NA,2016-10-24
NHANES-99639,United States,female,0-19,Black,NA,2001-09-11
NHANES-99640,United States,male,0-19,Other Hispanic,NA,2011-12-29
NHANES-99641,United States,male,20-39,Black,Some college,1994-09-30
NHANES-99642,United States,female,40-59,Black,Some college,1975-09-10
NHANES-99643,United States,female,80+,White,High school,1936-09-10
NHANES-99644,United States,male,0-19,Other Hispanic,NA,2012-02-08
NHANES-99645,United States,female,80+,Black,9-11th grade,1937-01-22
NHANES-99646,United States,female,60-79,White,High school,1940-09-19
NHANES-99647,United States,male,60-79,White,9-11th grade,1942-06-18
NHANES-99648,United States,female,0-19,White,NA,2012-09-25
NHANES-99649,United States,female,0-19,Black,NA,2010-07-01
NHANES-99650,United States,female,0-19,Other,NA,2013-06-08
NHANES-99651,United States,male,0-19,White,NA,2009-05-11
NHANES-99652,United States,male,0-19,Asian,NA,2015-06-19
NHANES-99653,Other,male,40-59,Other Hispanic,High school,1963-11-01
NHANES-99654,United States,male,0-19,White,NA,2012-05-28
NHANES-99655,United States,male,20-39,Black,Some college,1978-11-08
NHANES-99656,Other,female,0-19,Asian,NA,2013-07-12
NHANES-99657,United States,female,0-19,White,NA,2012-10-12
NHANES-99658,United States,female,60-79,Mexican American,Some college,1950-07-16
NHANES-99659,Other,female,40-59,Asian,High school,1977-06-30
NHANES-99660,United States,male,60-79,White,College grad,1941-07-18
NHANES-99661,United States,female,40-59,Black,Some college,1968-12-10
NHANES-99662,United States,female,60-79,Black,High school,1952-01-28
NHANES-99663,United States,male,0-19,White,NA,2001-09-06
NHANES-99664,United States,female,0-19,White,NA,2014-06-05
NHANES-99665,Other,female,40-59,Asian,College grad,1971-03-23
NHANES-99666,United States,male,0-19,Other,NA,2013-01-11
NHANES-99667,United States,male,0-19,Mexican American,NA,2013-12-19
NHANES-99668,United States,male,60-79,Black,Some college,1954-01-08
NHANES-99669,United States,female,0-19,Other Hispanic,NA,2006-04-21
NHANES-99670,United States,male,60-79,Black,Some college,1952-02-13
NHANES-99671,United States,female,0-19,Black,NA,2009-06-16
NHANES-99672,Other,female,20-39,Asian,College grad,1984-11-10
NHANES-99673,United States,female,0-19,White,NA,2015-03-04
NHANES-99674,United States,male,60-79,White,High school,1946-12-28
NHANES-99675,United States,female,40-59,White,Some college,1965-05-26
NHANES-99676,Other,female,40-59,Other Hispanic,College grad,1967-09-01
NHANES-99677,United States,male,0-19,Black,NA,2003-06-23
NHANES-99678,United States,female,20-39,Asian,Some college,1980-02-02
NHANES-99679,Other,male,60-79,Other Hispanic,College grad,1956-02-26
NHANES-99680,United States,male,60-79,Black,High school,1954-12-02
NHANES-99681,United States,female,0-19,White,NA,2004-09-01
NHANES-99682,United States,male,80+,White,College grad,1938-04-03
NHANES-99683,United States,female,80+,White,9-11th grade,1936-10-14
NHANES-99684,Other,female,60-79,Asian,Less than 9th grade,1953-08-02
NHANES-99685,Other,male,20-39,Other Hispanic,High school,1979-08-18
NHANES-99686,United States,male,40-59,Black,High school,1977-11-28
NHANES-99687,United States,male,0-19,White,NA,2008-03-27
NHANES-99688,United States,male,0-19,Asian,NA,2009-12-19
NHANES-99689,United States,male,20-39,White,Some college,1990-07-05
NHANES-99690,United States,female,0-19,Black,NA,2007-06-22
NHANES-99691,United States,female,40-59,Mexican American,College grad,1973-02-08
NHANES-99692,United States,male,0-19,White,NA,2014-09-19
NHANES-99693,United States,female,0-19,Mexican American,NA,2018-01-06
NHANES-99694,United States,male,40-59,White,Some college,1969-05-22
NHANES-99695,United States,female,20-39,White,High school,1979-10-02
NHANES-99696,United States,female,0-19,Other Hispanic,NA,2003-11-30
NHANES-99697,United States,female,0-19,Mexican American,NA,1999-07-08
NHANES-99698,United States,female,60-79,Black,9-11th grade,1943-07-16
NHANES-99699,United States,male,0-19,Mexican American,NA,2001-06-07
NHANES-99700,United States,male,60-79,White,College grad,1947-12-20
NHANES-99701,United States,male,0-19,Mexican American,NA,2017-01-19
NHANES-99702,United States,male,60-79,Black,High school,1952-03-28
NHANES-99703,United States,female,80+,White,Some college,1937-08-02
NHANES-99704,United States,male,0-19,Other Hispanic,NA,2014-02-16
NHANES-99705,Other,female,40-59,Other Hispanic,Less than 9th grade,1976-07-21
NHANES-99706,Other,female,0-19,Mexican American,NA,2005-01-14
NHANES-99707,Other,male,40-59,Mexican American,Less than 9th grade,1966-09-19
NHANES-99708,Other,female,60-79,Other Hispanic,Some college,1954-10-09
NHANES-99709,Other,male,20-39,Asian,College grad,1991-07-23
NHANES-99710,United States,female,20-39,Other,Some college,1988-03-03
NHANES-99711,Other,female,40-59,Asian,Some college,1960-10-04
NHANES-99712,United States,male,0-19,Other,NA,2007-11-23
NHANES-99713,United States,male,0-19,White,NA,2003-12-19
NHANES-99714,United States,female,20-39,White,Some college,1982-12-09
NHANES-99715,United States,female,20-39,Black,High school,1993-09-11
NHANES-99716,Other,male,20-39,Mexican American,Less than 9th grade,1983-09-24
NHANES-99717,United States,female,60-79,Black,Less than 9th grade,1958-05-02
NHANES-99718,United States,female,0-19,White,NA,2006-08-29
NHANES-99719,United States,female,60-79,Other,High school,1957-10-16
NHANES-99720,Other,male,40-59,Asian,College grad,1965-07-25
NHANES-99721,United States,female,20-39,Black,Some college,1998-03-13
NHANES-99722,United States,female,0-19,Mexican American,NA,2015-12-25
NHANES-99723,United States,male,0-19,Other,NA,2007-06-20
NHANES-99724,United States,male,40-59,White,College grad,1960-08-30
NHANES-99725,United States,male,0-19,White,NA,2015-10-29
NHANES-99726,United States,female,60-79,White,9-11th grade,1940-05-05
NHANES-99727,United States,female,60-79,White,High school,1939-01-08
NHANES-99728,United States,female,0-19,Other Hispanic,NA,2002-05-10
NHANES-99729,United States,male,0-19,Other,NA,2008-08-04
NHANES-99730,United States,male,0-19,Black,NA,2008-03-15
NHANES-99731,United States,male,0-19,Black,NA,2013-10-12
NHANES-99732,United States,female,0-19,White,NA,2004-09-26
NHANES-99733,United States,female,0-19,Other,NA,2013-05-02
NHANES-99734,Other,male,0-19,Asian,NA,2008-12-07
NHANES-99735,United States,male,0-19,Other,NA,2001-09-05
NHANES-99736,United States,male,60-79,Black,College grad,1956-09-03
NHANES-99737,United States,female,0-19,Black,NA,2004-01-05
NHANES-99738,United States,male,0-19,Black,NA,2010-10-19
NHANES-99739,United States,male,0-19,Black,NA,1999-08-26
NHANES-99740,United States,male,60-79,White,College grad,1952-11-09
NHANES-99741,United States,male,80+,White,High school,1937-02-01
NHANES-99742,United States,male,60-79,Other,Less than 9th grade,1938-04-04
NHANES-99743,United States,female,80+,White,Some college,1938-03-17
NHANES-99744,United States,female,40-59,White,High school,1966-05-09
NHANES-99745,Other,male,20-39,Asian,College grad,1983-06-12
NHANES-99746,United States,female,0-19,White,NA,2015-03-28
NHANES-99747,United States,female,80+,White,High school,1937-01-22
NHANES-99748,United States,female,0-19,White,NA,2016-12-08
NHANES-99749,United States,female,20-39,Black,High school,1984-05-06
NHANES-99750,United States,female,0-19,Mexican American,NA,2017-05-07
NHANES-99751,United States,female,20-39,White,Some college,1990-02-20
NHANES-99752,United States,male,0-19,Black,NA,2016-04-22
NHANES-99753,United States,female,0-19,Black,NA,2007-06-29
NHANES-99754,United States,male,20-39,White,Some college,1982-04-11
NHANES-99755,United States,male,0-19,White,NA,2017-05-25
NHANES-99756,United States,female,0-19,Mexican American,NA,2011-10-14
NHANES-99757,Other,female,0-19,Other Hispanic,NA,1999-01-23
NHANES-99758,United States,female,80+,White,Some college,1938-02-05
NHANES-99759,Other,male,40-59,Mexican American,Less than 9th grade,1966-11-05
NHANES-99760,United States,male,60-79,Black,College grad,1950-06-15
NHANES-99761,Other,female,20-39,Other Hispanic,9-11th grade,1998-03-20
NHANES-99762,Other,female,40-59,Mexican American,Some college,1962-07-18
NHANES-99763,Other,female,40-59,Mexican American,Some college,1964-03-05
NHANES-99764,United States,female,0-19,Mexican American,NA,2003-08-15
NHANES-99765,Other,female,40-59,Mexican American,High school,1970-12-22
NHANES-99766,Other,male,40-59,Asian,College grad,1968-10-30
NHANES-99767,United States,female,0-19,White,NA,2015-01-14
NHANES-99768,United States,female,20-39,White,College grad,1989-01-26
NHANES-99769,United States,female,0-19,Other Hispanic,NA,2002-12-17
NHANES-99770,United States,male,0-19,Other,NA,2000-10-23
NHANES-99771,United States,female,0-19,Other,NA,1998-04-27
NHANES-99772,United States,female,40-59,Black,High school,1974-06-25
NHANES-99773,United States,male,0-19,Other,NA,2002-04-14
NHANES-99774,Other,female,80+,Asian,College grad,1938-09-24
NHANES-99775,United States,male,20-39,White,College grad,1993-08-02
NHANES-99776,United States,male,60-79,Mexican American,Some college,1945-11-01
NHANES-99777,United States,male,20-39,White,High school,1995-08-09
NHANES-99778,United States,male,40-59,Other,College grad,1971-08-27
NHANES-99779,United States,female,40-59,Mexican American,College grad,1976-12-23
NHANES-99780,Other,female,40-59,Asian,Some college,1971-06-26
NHANES-99781,United States,male,0-19,White,NA,2013-01-06
NHANES-99782,Other,female,40-59,Mexican American,College grad,1965-02-23
NHANES-99783,Other,male,20-39,Mexican American,Some college,1981-06-24
NHANES-99784,United States,male,0-19,White,NA,2014-06-07
NHANES-99785,United States,female,80+,White,High school,1937-01-13
NHANES-99786,United States,male,40-59,White,High school,1972-10-20
NHANES-99787,United States,female,0-19,Other Hispanic,NA,2018-07-30
NHANES-99788,United States,male,0-19,White,NA,2000-08-25
NHANES-99789,United States,male,0-19,White,NA,2017-07-12
NHANES-99790,United States,male,20-39,Asian,College grad,1992-01-14
NHANES-99791,Other,male,0-19,Asian,NA,2008-10-24
NHANES-99792,United States,male,60-79,Other,9-11th grade,1947-11-04
NHANES-99793,Other,female,20-39,White,College grad,1990-09-19
NHANES-99794,United States,male,40-59,Other Hispanic,9-11th grade,1962-12-13
NHANES-99795,United States,female,20-39,Other Hispanic,High school,1997-08-21
NHANES-99796,United States,female,40-59,White,9-11th grade,1959-07-04
NHANES-99797,United States,male,60-79,White,Some college,1952-05-26
NHANES-99798,United States,male,20-39,White,High school,1988-08-29
NHANES-99799,Other,female,0-19,Other Hispanic,NA,2002-06-27
NHANES-99800,Other,male,0-19,Other Hispanic,NA,1999-04-10
NHANES-99801,United States,male,20-39,Mexican American,9-11th grade,1986-05-04
NHANES-99802,United States,female,0-19,Other,NA,2004-08-30
NHANES-99803,United States,female,0-19,Asian,NA,2003-07-28
NHANES-99804,United States,male,60-79,White,High school,1957-05-30
NHANES-99805,United States,male,0-19,White,NA,2017-05-17
NHANES-99806,Other,female,60-79,Other Hispanic,College grad,1947-11-01
NHANES-99807,United States,male,20-39,Mexican American,Some college,1991-04-23
NHANES-99808,Other,female,20-39,Other Hispanic,Less than 9th grade,1978-11-14
NHANES-99809,United States,female,0-19,Mexican American,NA,2015-11-11
NHANES-99810,United States,male,0-19,Mexican American,NA,2004-12-02
NHANES-99811,Other,female,40-59,Mexican American,9-11th grade,1969-05-19
NHANES-99812,Other,male,0-19,Other,NA,2008-07-04
NHANES-99813,Other,male,40-59,Asian,College grad,1970-05-22
NHANES-99814,United States,female,0-19,White,NA,2008-06-27
NHANES-99815,Other,female,60-79,Black,High school,1947-09-07
NHANES-99816,United States,female,40-59,White,Some college,1962-08-27
NHANES-99817,United States,female,40-59,Black,Some college,1960-07-19
NHANES-99818,United States,male,0-19,Black,NA,2006-01-21
NHANES-99819,United States,male,40-59,White,High school,1968-05-05
NHANES-99820,United States,male,80+,White,Less than 9th grade,1937-03-31
NHANES-99821,United States,male,40-59,White,High school,1971-07-03
NHANES-99822,Other,female,20-39,Asian,College grad,1988-09-20
NHANES-99823,United States,male,0-19,Mexican American,NA,2014-06-02
NHANES-99824,United States,female,20-39,Asian,College grad,1983-02-20
NHANES-99825,United States,male,60-79,Black,College grad,1951-02-11
NHANES-99826,United States,male,0-19,White,NA,2001-01-02
NHANES-99827,United States,female,0-19,White,NA,2014-07-30
NHANES-99828,United States,female,0-19,Asian,NA,2001-05-06
NHANES-99829,United States,male,0-19,Other,NA,2004-03-12
NHANES-99830,United States,male,0-19,Asian,NA,1999-11-07
NHANES-99831,United States,male,40-59,Black,High school,1958-12-28
NHANES-99832,United States,male,0-19,White,NA,2017-05-29
NHANES-99833,United States,male,60-79,White,College grad,1948-03-28
NHANES-99834,Other,male,40-59,Asian,College grad,1974-08-30
NHANES-99835,United States,female,0-19,White,NA,2014-08-05
NHANES-99836,United States,male,0-19,Black,NA,2005-07-25
NHANES-99837,United States,male,0-19,Black,NA,2011-05-17
NHANES-99838,United States,female,40-59,White,College grad,1969-11-25
NHANES-99839,United States,male,40-59,Black,Some college,1975-07-10
NHANES-99840,United States,female,60-79,Other Hispanic,High school,1943-04-26
NHANES-99841,Other,male,20-39,Asian,High school,1996-03-31
NHANES-99842,United States,male,40-59,White,Some college,1969-12-13
NHANES-99843,United States,female,0-19,Other Hispanic,NA,2015-07-16
NHANES-99844,United States,male,40-59,Black,Some college,1971-03-28
NHANES-99845,United States,male,0-19,Asian,NA,2012-01-01
NHANES-99846,United States,male,0-19,White,NA,2015-03-01
NHANES-99847,United States,female,0-19,Asian,NA,1999-09-26
NHANES-99848,United States,female,20-39,White,Some college,1979-02-13
NHANES-99849,United States,male,0-19,Mexican American,NA,2014-05-01
NHANES-99850,United States,male,0-19,White,NA,2013-10-13
NHANES-99851,Other,female,60-79,Asian,College grad,1946-02-13
NHANES-99852,United States,female,20-39,Black,High school,1996-02-27
NHANES-99853,United States,male,0-19,Other,NA,2002-12-15
NHANES-99854,United States,female,60-79,White,High school,1948-01-26
NHANES-99855,United States,male,20-39,Black,College grad,1983-06-25
NHANES-99856,United States,male,40-59,Black,College grad,1963-04-07
NHANES-99857,Other,female,20-39,Mexican American,High school,1980-10-03
NHANES-99858,United States,male,40-59,White,Some college,1960-05-28
NHANES-99859,United States,male,0-19,White,NA,2014-03-01
NHANES-99860,United States,female,40-59,White,College grad,1974-07-26
NHANES-99861,Other,female,20-39,Asian,College grad,1986-08-16
NHANES-99862,United States,male,0-19,Other,NA,2016-10-21
NHANES-99863,United States,male,40-59,Black,High school,1960-07-14
NHANES-99864,United States,female,20-39,White,Some college,1981-07-03
NHANES-99865,United States,male,0-19,White,NA,2009-06-21
NHANES-99866,United States,male,60-79,White,Some college,1956-06-03
NHANES-99867,United States,male,20-39,White,Some college,1988-11-13
NHANES-99868,Other,female,60-79,White,College grad,1947-05-03
NHANES-99869,United States,male,20-39,White,Some college,1993-08-09
NHANES-99870,United States,male,80+,White,Some college,1938-03-02
NHANES-99871,United States,female,20-39,Mexican American,Some college,1991-06-28
NHANES-99872,United States,female,20-39,White,Some college,1986-07-16
NHANES-99873,Other,male,40-59,Asian,9-11th grade,1968-02-28
NHANES-99874,Other,male,60-79,Asian,Less than 9th grade,1958-08-18
NHANES-99875,United States,female,0-19,Black,NA,2002-12-01
NHANES-99876,United States,male,20-39,White,High school,1992-10-10
NHANES-99877,United States,male,0-19,Mexican American,NA,2009-10-21
NHANES-99878,United States,male,0-19,Black,NA,2010-02-11
NHANES-99879,United States,female,20-39,Black,High school,1990-08-12
NHANES-99880,United States,male,0-19,Black,NA,2007-10-13
NHANES-99881,Other,female,40-59,Asian,High school,1962-01-10
NHANES-99882,United States,female,0-19,Black,NA,2005-01-05
NHANES-99883,Other,male,40-59,Other Hispanic,Less than 9th grade,1965-09-26
NHANES-99884,United States,male,60-79,White,Some college,1953-01-09
NHANES-99885,United States,female,20-39,Black,College grad,1988-11-09
NHANES-99886,United States,female,60-79,White,High school,1954-02-19
NHANES-99887,United States,female,20-39,White,Some college,1990-06-03
NHANES-99888,United States,male,0-19,Black,NA,2012-01-15
NHANES-99889,United States,female,0-19,Mexican American,NA,2008-03-29
NHANES-99890,United States,female,60-79,White,High school,1949-04-14
NHANES-99891,United States,female,20-39,White,College grad,1981-12-04
NHANES-99892,United States,female,0-19,White,NA,1997-12-12
NHANES-99893,United States,female,40-59,Black,Some college,1976-05-31
NHANES-99894,Other,male,20-39,Mexican American,High school,1985-01-09
NHANES-99895,Other,male,60-79,Other Hispanic,High school,1944-11-28
NHANES-99896,Other,male,40-59,Other Hispanic,Less than 9th grade,1970-04-29
NHANES-99897,United States,female,0-19,White,NA,2011-11-30
NHANES-99898,United States,male,20-39,White,High school,1985-03-16
NHANES-99899,United States,male,40-59,White,Some college,1957-04-29
NHANES-99900,United States,male,40-59,Black,High school,1967-06-18
NHANES-99901,United States,female,20-39,Black,College grad,1982-03-30
NHANES-99902,United States,male,0-19,Other Hispanic,NA,2005-08-25
NHANES-99903,United States,male,0-19,Asian,NA,2013-04-20
NHANES-99904,United States,female,0-19,White,NA,2006-05-05
NHANES-99905,United States,male,40-59,Black,College grad,1972-10-31
NHANES-99906,United States,male,80+,White,College grad,1938-05-06
NHANES-99907,United States,female,60-79,White,High school,1951-02-01
NHANES-99908,United States,female,60-79,Mexican American,9-11th grade,1954-11-10
NHANES-99909,Other,male,40-59,Other Hispanic,High school,1975-01-22
NHANES-99910,United States,female,20-39,White,Some college,1988-09-12
NHANES-99911,United States,female,0-19,Mexican American,NA,2003-03-08
NHANES-99912,United States,male,0-19,Mexican American,NA,2005-06-27
NHANES-99913,Other,male,60-79,Other Hispanic,Some college,1943-06-12
NHANES-99914,United States,female,60-79,Black,High school,1947-08-24
NHANES-99915,United States,male,0-19,Asian,NA,2001-01-19
NHANES-99916,United States,male,0-19,Mexican American,NA,2012-11-04
NHANES-99917,United States,female,0-19,Mexican American,NA,2007-09-06
NHANES-99918,Other,female,20-39,Asian,College grad,1985-11-29
NHANES-99919,United States,male,80+,Black,9-11th grade,1937-10-14
NHANES-99920,United States,female,20-39,White,Some college,1981-06-01
NHANES-99921,United States,female,0-19,White,NA,2003-05-08
NHANES-99922,United States,male,60-79,White,Some college,1955-01-30
NHANES-99923,United States,male,0-19,White,NA,2011-03-10
NHANES-99924,United States,female,20-39,Asian,Some college,1995-10-18
NHANES-99925,Other,male,20-39,Other Hispanic,Some college,1980-07-21
NHANES-99926,Other,female,40-59,Mexican American,Less than 9th grade,1963-10-04
NHANES-99927,Other,male,20-39,Mexican American,High school,1991-09-30
NHANES-99928,Other,male,20-39,Mexican American,9-11th grade,1988-09-18
NHANES-99929,United States,male,20-39,White,9-11th grade,1979-02-01
NHANES-99930,Other,female,60-79,Asian,College grad,1955-10-29
NHANES-99931,United States,female,20-39,Asian,9-11th grade,1997-07-22
NHANES-99932,Other,male,20-39,Mexican American,High school,1985-09-25
NHANES-99933,United States,male,0-19,Black,NA,2001-06-14
NHANES-99934,United States,female,20-39,White,College grad,1991-06-24
NHANES-99935,Other,female,40-59,Mexican American,9-11th grade,1974-03-29
NHANES-99936,United States,male,0-19,White,NA,2018-02-08
NHANES-99937,Other,female,40-59,Other Hispanic,Some college,1963-02-09
NHANES-99938,United States,female,20-39,Black,Some college,1979-08-31
NHANES-99939,United States,female,20-39,Black,Some college,1978-10-20
NHANES-99940,United States,male,0-19,Black,NA,2010-02-01
NHANES-99941,Other,female,40-59,Asian,College grad,1961-10-24
NHANES-99942,Other,female,20-39,Mexican American,Some college,1983-03-21
NHANES-99943,United States,male,0-19,Other Hispanic,NA,2006-08-11
NHANES-99944,United States,male,0-19,Black,NA,2008-08-08
NHANES-99945,Other,female,60-79,Asian,9-11th grade,1943-06-30
NHANES-99946,United States,male,0-19,Black,NA,2016-04-07
NHANES-99947,United States,female,40-59,Black,Some college,1960-02-14
NHANES-99948,United States,female,80+,White,Less than 9th grade,1937-02-06
NHANES-99949,United States,female,20-39,Asian,High school,1997-09-16
NHANES-99950,United States,male,80+,Black,College grad,1936-08-08
NHANES-99951,United States,female,20-39,Other Hispanic,Some college,1978-10-28
NHANES-99952,United States,male,60-79,White,High school,1956-05-31
NHANES-99953,United States,male,60-79,Black,Some college,1945-07-13
NHANES-99954,Other,male,60-79,Asian,College grad,1946-01-24
NHANES-99955,United States,female,0-19,White,NA,2006-09-04
NHANES-99956,United States,female,0-19,Mexican American,NA,2013-03-19
NHANES-99957,United States,female,80+,White,College grad,1937-07-15
NHANES-99958,United States,male,0-19,White,NA,2014-10-16
NHANES-99959,United States,male,40-59,Black,Some college,1969-01-01
NHANES-99960,United States,female,0-19,Black,NA,2007-01-03
NHANES-99961,Other,female,20-39,Asian,College grad,1978-01-02
NHANES-99962,United States,female,20-39,Black,Some college,1991-07-25
NHANES-99963,United States,male,0-19,Mexican American,NA,2017-08-14
NHANES-99964,United States,female,20-39,Mexican American,Some college,1995-11-14
NHANES-99965,United States,male,0-19,Other,NA,2013-01-05
NHANES-99966,Other,female,40-59,Asian,College grad,1971-02-23
NHANES-99967,United States,female,0-19,Other,NA,2002-05-13
NHANES-99968,United States,female,0-19,White,NA,1999-02-23
NHANES-99969,United States,male,60-79,Black,9-11th grade,1947-09-17
NHANES-99970,United States,male,0-19,Other Hispanic,NA,2001-04-26
NHANES-99971,United States,male,0-19,White,NA,1999-08-11
NHANES-99972,United States,female,0-19,White,NA,2005-11-12
NHANES-99973,United States,male,0-19,White,NA,2003-01-13
NHANES-99974,United States,female,20-39,White,High school,1991-12-01
NHANES-99975,United States,male,0-19,White,NA,2007-06-16
NHANES-99976,United States,female,0-19,White,NA,2006-09-17
NHANES-99977,United States,female,60-79,Black,Some college,1939-05-24
NHANES-99978,United States,male,0-19,Other Hispanic,NA,2014-02-08
NHANES-99979,Other,female,80+,Asian,Less than 9th grade,1937-09-05
NHANES-99980,United States,female,0-19,Other Hispanic,NA,2009-01-01
NHANES-99981,United States,female,0-19,White,NA,2012-10-02
NHANES-99982,United States,male,0-19,White,NA,1999-06-19
NHANES-99983,United States,female,20-39,Black,Some college,1984-06-10
NHANES-99984,United States,female,40-59,Other Hispanic,College grad,1963-04-09
NHANES-99985,United States,female,20-39,White,College grad,1981-10-18
NHANES-99986,Other,female,20-39,Mexican American,Less than 9th grade,1987-05-09
NHANES-99987,United States,male,40-59,Asian,Some college,1959-02-04
NHANES-99988,United States,male,0-19,White,NA,1999-04-23
NHANES-99989,United States,female,20-39,Mexican American,Some college,1996-07-24
NHANES-99990,United States,male,80+,White,College grad,1937-07-20
NHANES-99991,United States,male,60-79,Black,9-11th grade,1952-09-02
NHANES-99992,United States,female,60-79,Black,High school,1956-07-30
NHANES-99993,Other,female,20-39,Asian,College grad,1988-03-17
NHANES-99994,Other,female,40-59,Mexican American,Less than 9th grade,1968-05-20
NHANES-99995,United States,female,0-19,Black,NA,2002-10-30
NHANES-99996,United States,female,40-59,Black,Some college,1967-06-01
NHANES-99997,Other,female,60-79,Mexican American,9-11th grade,1954-05-01
NHANES-99998,United States,female,0-19,Mexican American,NA,2007-01-21
NHANES-99999,Other,male,20-39,Mexican American,Some college,1993-09-26
